ID,English,Kashmiri
1,Akbar was abducted by two gunmen.,اکبر اوس دۄیو بٔندوٗق بردارو اغواہ کوٚرمُت
2,He has the ability to solve complex mathematical problems.,تٔمِس چھےٚ مُشکِل ریٲضی سوالن ہُنٛد جواب ژھانٛڈنٕچ صلٲحیت
3,Akbar was able to lift the suitcase.,اکبَرن ہیٚوک سوٗٹ کیس تُلِتھ
4,Akbar is the most able student in his class.,اکبر چُھ پنٛہٕ نِس کلاسس منٛز ساروٕے کھۄتہٕ زیادٕ قٲبِل
5,We were already aboard ship when he arrived.,أسۍ ٲسۍ تٔمۍ سٕنٛدِ یٕنہٕ برونٹھٕے جہازس منٛز سوار
6,I climbed aboard the yatch,بٕہ گوس ناوِ منز سَوار
7,"The plane crashed,killing all 150 passengers aboard.",جہاز گوو تباہ تٕہ تتھ منٛز سوار سٲری ۱۵٠ مُسافِر گٔی ہلاک
8,Our six members were aboard the aircraft.,سٲنۍ شےٚ نَفر ٲسۍ ہوٲیی جہازس منٛز سوار
9,I do not know his abode,مےٚٚ چھےٚ نہٕ تٔمۍ سٕنٛز روزنٕچ جاے پَتہ
10,It is a crime to abort the female fetus,مادٕ حمل اڈٕلیٛوٚک کرُن چُھ جُرُم
11,Peace talks had to be aborted.,امنٕچ کتھ باتھ پیٚیہِ اَڈٕوَتِہ ترٛاوٕنۍ
12,Some communities are against abortion.,کیٚنٛہہ طبقہٕ چھِ یٔڈ منٛز بچہٕ اڈٕلیٛوکھ کرنس خٕلاف
13,Mission that proved abortive was reported in the newspaper.,سہ مُہِم یُس ناکام سپدیٛیہ آیہ اخبارس دنہٕ
14,We will not talk about him.,أسۍ کَرو نہٕ تٔمِس مُتعلِق کتھ
15,Boys were sitting about in the park.,لٔڑکہٕ ٲسۍ پارکہِ منٛز ہُپٲرۍ یپٲرۍ بِہِتھ
16,She is about to finish her homework.,لگ بگ چھِ سہ گھرں باپتھ دنہٕ آمژ کٲم مۄکلاونس تیار
17,We will not complain about it any longer now.,اتھ مُتعلق کرو نہٕ وۄنۍ أسۍ شِکایت۔
18,I read a book about cricket.,مےٚ پٔر کِرکَٹَس مُتعلِق اکھ کِتاب
19,I dropped the pen somewhere about here.,مےٚ پیوٚو قلم کتہِ تانۍ ییٚتی اورٕ یور
20,Please fix a mirror above the wash basin.,مہربٲنی کٔرِتھ لٲگِو واش بیسنہِ پٮ۪ٹھ شیٖشہٕ
22,The water rose above the danger mark.,آب کھوٚت خطرٕ کہِ نِشانہٕ پیٚٹھۍ۔
23,The house has a thatched roof above.,مکانس چُھ پٮ۪ٹھٕ ژھییہ پَش
25,Please reply at the above mentioned address.,مہربانی کٔرِتھ دیٖو پیٚٹھٕ کنہِ دِنہٕ آمتِس پتہس پٮ۪ٹھ جواب
26,I read the abridged edition of Dickens`s `Oliver Twist`.,مےٚ پوٚر ڈِکنٛز سُنٛد “آلِور ٹُوِسٹُک“ مختصر ایٚڈِشن
27,He has relatives both in India and abroad.,تٔمِس چھِ رِشتہٕ دار ہِنٛدُستانس منٛز تہٕ پردیسس منٛز تہِ
28,There is a rumour abroad about you having a love affair,ژۄپٲرۍ چھےٚ چانہِ محبت آسنٕچ افوا
29,The conversation was brought to an abrupt end.,کتھ باتھ کٔرٕکھ اچانک برخاس
32,He ended his speech abruptly.,تٔمِۍ کوٚر ہنٛگتہٕ منٛگہٕ پنُن تقریر اختِتام
34,We shall not leave in his absence.,أسۍ نیرو نہٕ تٔمۍ سٕنٛزِ غٲر حٲضری منٛز
35,He is always absent from the class.,سُُہ چُھ ہمیشہٕ کَلاس منٛز غٲر حٲضر آسان
36,You cannot choose to absent yourself from the chemistry class.,ژٕ ہیٚکَکھ نہٕ کیٚمِسٹری کَلاسہٕ منٛز غٲر حٲضر روٗزِتھ
37,There is no absolute standard for beauty.,خوٗبصوٗتی ہِنٛدِ خٲطرٕ چُھ نہٕ کانٛہہ مُقرر معیار
38,Their belief in God is absolute.,خۄدایس پٮ۪ٹھ تِہُنٛد یٔقیٖن چُھ مُکمل
39,You are absolutely right.,ژٕ چُھکھ بِلکُل صٔحی
40,Dry sand absorbs water.,ہوٚچھ سٮ۪کھ چھےٚ آب شرٛپراوان
41,His business absorbs his time.,تٔمۍ سُنٛد کاربار چُھ تَس وقٕت کھٮ۪وان
42,I was totally absorbed in the novel.,بہٕ ٲسٕس ناولہِ منٛز پوٗرٕ پٲٹھۍ مَس گٔمٕژ
43,You are requested to present the abstract of your paper.,بَراے مہربٲنی کٔرِو پنٛنہِ پیپرُک خُلاصہٕ پیش
44,He is an abstract painter.,سُہ چُُھ اکھ تَصوُرٲتی رنٛگ ساز
46,Beauty and love are abstract.,خوٗبصوٗرتی تہٕ محبت چھِ تجریدی
47,He has an abstract notion to change the system.,تٔمِس چُھ نِظام بدلاونُک اَکھ خیٲلی نظریہٕ
49,Most novels are abstract.,زیادٕ تر ناولہٕ چھےٚ آسان تَصوُرٲتی
51,He was gazing at the lawn with an air of abstraction.,سُہ اوس باغس کُن وٕچھان مگر اوس خبر کتھ خیالس منٛز
53,That dress makes them look absurd.,یِمو پَلوَو سۭتۍ چھِ تِم باسان چٲرۍ
54,Child abuse is rampant in the world.,دُنیاہس منٛز چِھ بَچن سٔتۍ بدسلوکی دوہ پتھ دوہ بڈان
55,The opposition party hurled abuses on the ruling party.,مُخٲلِف جمٲژ کجہِ حُکُمرٲنی جمٲژ لٮ۪کہٕ
56,There is widespread abuse of energy resources.,توانٲیی ہِنٛدٮ۪ن وسٲیلن ہُنٛد چُھ بٔڑِس پیٚمانس پٮ۪ٹھ غلط اِستعمال گژھان
57,The rowdies abused the journalist for reporting about their anti-social activities.,لڑایہِ گَرٮ۪و ژارِ اخبٲری نُمٲیِنٛدن تِہنٛزٕ غٲر سمٲجی ہرکتہٕ بیان کرنہٕ خٲطرٕ لٮ۪کہِ
59,His knowledge is purely academic.,تٔمۍ سُنٛد عٔلِم چُھ محض تٔلیٖمی
60,Mr.Anand is quite an academic person.,آنٛند صٲب چُھ اکھ عٲلِم شخٕص
61,The Royal Academy of drama sponsored them.,تِٔمن چُھ ڈرٛامہ کہِ رایل اٮ۪کیٚڑمی اِمداد کوٚرمُت
63,The machine only accepts 1 Re. coin.,مِشیٖن چھےٚ صِرِف اکھ وَٹہٕ رۄپَے رَٹان
64,A cup of tea would be most acceptable.,اکھ چایہِ کَپ روزِہا زیادٕ قٲبلہِ قٔبوٗل
65,We have their acceptance on this issue as well.,تِہِنٛز منٛظوٗری چھےٚ اسہِ یتھ مسلس پٮ۪ٹھ تہِ
66,He was refused access to the hallway.,تٔمِس آو أنٛدرِمہِ وتہِ آمدورفت کرنس منٛع کرنہٕ
69,The hotel can accommodate upto 100 guests.,ہوٚٹلس منٛز ہٮ۪کن پٔژھۍ ہَتھ کھنٛڑ وٲتِتھ
70,These policies are designed to accomodate all classes.,یِم پالسی چھےٚ یِتھ کٔنٛی بناونٛہٕ آمژٕ زِ ہر کُنہِ طبقس یی مُروت کرنہٕ
71,Dinosaurs couldn`t accomodate to the changing environment.,ڈایناسور ہٮ۪ک نہ تبدیل شُدا ماحول حصابٕ رٗزِتھ
72,The banks accomodate poor farmers with loan.,بٮ۪نٛک چھِ غٔریٖب زٔمیٖن دارن لون دِتھ مَدت کَران
73,We found accomodation near the railway station itself.,اسہِ بَنٛیٚیہِ جاے ریلوے سٹیشنٛس نزدیٖکٕے
74,Polar bears are facing accomodation problems due to the global warming.,پولر بِیرَن چھِ گلوبل وارمِنٛگ کہِ وجہہ سۭتۍ رِہٲیشی مسٲیِل پیش یِوان
75,I accompanied her to the station.,بہٕ گوس تٔمِس سٹیشنس تانۍ سۭتۍ
76,The singer was accompanied by his friend.,موسیٖقی کارس دیُت پنٕنۍ دوستن ساتھ
77,We can collectively accomplish the task of nabbing the murderers.,أسۍ ہٮ۪کو اِکہٕ وَٹَے قٲتِل رٹنٕچ کٲم انٛجام دِتھ
78,She is an accomplished artist.,سۄ چھےٚ اَکھ ہِنر منٛد فنکار
79,Israel and Palestine signed a peace accord.,اِسرٲیلن تہٕ فلسطیٖنن چُھ أکِس امن کِس مُہادس پٮ۪ٹھ دستخت کوٚرمُت
80,His thoughts and actions do not accord.,تٔمۍ سٕنٛدۍ خیالات تہٕ عامال چھِ نہٕ رلان
81,Akbar was accorded this privilege.,اکبَرس اوس یہِ خٔصوٗصی مُفاد دِنہٕ آمُت
82,The rules are in accordance with the custom.,قوٲیِدن تہٕ رٮ۪واجن چُھ پانہٕ ؤنۍ ہِشر
83,The work was done according to his instructions.,کٲم آیہِ تٔمۍ سٕنٛدٮ۪ن ہِدایتن مُطٲبِق کرنہٕ
84,You must work accordingly to the rules.,ژےٚ پَزی قوٲیدن تحت کٲم کَرٕنۍ
85,I have an account in the Central bank.,مےٚ چُھ مرکٔزی بٮ۪نٛکس منٛز اکھ کھاتہٕ
86,He gave an account of his experience in trekking.,تٔمۍ دیُت ٹرٛیٚکِنٛگ منٛز پنٛنہِ تجرُبُک تفصیٖل
87,We could never account for this miscalculation.,أسۍ ہٮ۪کو نہٕ زانٛہہ تہِ تٔمۍ سٕنٛدِ غلط حسابُک شمار کٔرِتھ
88,A person is accounted minor until 18 years.,اکھ شخٕص چُھ اردَہن ؤرین تام نابالغ مانٛنہٕ یِوان
90,The lawyer questioned the accuracy of my account.,ؤکیٖلن تُل میٲنِس اکاونٛٹ کِس صداقتس پٮ۪ٹھ سوال
91,We can no more predict the changes with greater accuracy.,أسۍ ہیٚکو نہٕ زیادٕ دُرُستی سان تبدیٖلین ہِنٛز مزیٖد پیشن گویی کٔرِتھ۔
92,All his calculations are accurate.,تٔمۍ سُنٛد سورُے حِساب چُھ دُرُست
93,He didn't take the measurement accurately.,تٔمۍ تُل نہٕ میٖژ صحیٖح پٲٹھۍ۔
94,They will accuse us of incompetency.,تِم لاگن اسہِ نااہلیت آسنٕچ تۄہمت
95,The accused was acquitted of the charge.,مُلزِم آو اِزام نِش بٔری کرنہٕ
96,He quickly accustomed himself to this new way of life.,تٔمۍ کوٚر پنٛنہِ نَیہِ زنٛدگی ہِنٛدِس طریٖقس سۭتۍ پانس جلدی عادت۔
97,The child is accustomed of sleeping in his mother's lap.,بچہٕ چُھ ماجہِ ہِنٛزِ کھۄنہِ منٛز شۄنٛگنُک عٲدی۔
98,What an ace trainer he is.,سُہ کوتاہ بہتریٖن تربِیت دِنہٕ وول چُھ۔
99,Akram is an ace chess player of India.,شترنٛجَس منٛز چُھ اکرَم ہِنٛدُستانُک اَکھ مٲہِر کھلٲڑۍ
100,I aced my English test.,مےٚ کٔرۍ پنٛنِس انٛگریٖزۍ ہِنٛدِس اِمتِحانس منٛز اعلیٰ نمبرات حٲصِل۔
101,Anand is an ace chess player.,آنٛند چُھ شطرنٛجُک مٲہِر کِھلٲڈۍ
102,I am suffering from stomach ache since yesterday.,مےٚ چُھ راتہٕ پٮ۪ٹھٕ میٛادس دود
103,My heart aches on seeing her suffer.,مےٚٚ چُھ تٔمۍ سُنٛد تکلیٖف وٕچِھتھ دِلس دَگ وَتھان
104,She achieved her goal despite setbacks.,رُکاوٹَو باوجود تہِ گٔیہِ سۄ پنٛنِس مقصَدس منٛز کامیاب
105,I congratulate you for your achievement.,بہٕ چُھسَے ژےٚ چانہِ کامیٲبی خٲطرٕ مُبارک بٲدی پیش کَران
106,This bottle contains acid.,یتھ بوتلہِ منٛز چُھ تیزٕ
107,Irregular meals often release strong acid in the stomach.,باقٲیدٕگی سان کھٮ۪ن نَہ کھٮ۪نہٕ سۭتۍ چُھ میٛادس منٛز سٮ۪ٹھا ژۄکٮ۪ر پٲدٕ سپدان
109,Acquisition of langauage is innate in a child.,زبٲنۍ ہُنٛد ہیٚچُھن چُھ بچس منٛز فِطری آسان۔
110,The institute has been built on 35 acres of land.,یہِ اِدارٕ چُھ آمُت پانٛژ ایکَڑ زٔمیٖنس پٮ۪ٹھ بناونہٕ
111,We ran all across the fields to catch the hens.,کۄکر رٹنہٕ خٲطرٕ دورے أسۍ کھہَس اَپارِیَپور
112,I helped the old lady across the busy road.,مےٚ کوٚر بِرٕ واجنہِ سڑکہِ پیٚٹھ بٕجہِ زنانہِ اپارِ پیٚٹھٕ یپور ترنس منٛز مدد۔
113,We should be across the village by night.,أسۍ گژھو رٲژ تانۍ گامس اپارِ آسٕنۍ۔
115,The President`s address to the nation was broadcasted across the country.,صدر سُنٛد قومہٕ خٲطرٕ خٕطاب آو مُلکس منٛز ژۄپٲرۍ نشر کرنہٕ۔
116,My friend shouted from across the road.,میٛٲنی دوستن لٲج سڑکہِ اپارِ پٮ۪ٹھٕ کرٛٮ۪کھ
117,The baby kept on crawling across the floor.,بچہٕ روٗد پٔتھرِس انٛدٕ ونٛدٕ کھۄکٕھش کران۔
118,The student drew a line across the sheet.,طالبہِ عٔلمن بنٲو کاغزس اپارِ یَپور اکھ لٔکیٖر
119,He shall certainly act in the play.,سُہ کَرِ ڈرٛاماہَس منٛز ضٔروٗر اداکٲری
120,The murder of the King takes place in the first act of the play.,بادشاہ سُنٛد قتل چُھ ڈرٛامہ کِس گۄڈنِکِس حِصَس منٛز سپدان
121,Parliament has passed an act which makes such sports illegal.,پارلیمٮ۪نٛٹن چُھ اَکھ اٮ۪کٹ پاس کوٚرمُت یَتھ مُطٲبِق یِتھۍ کھیل غٲر قونونی چھِ
122,Many people talk but only a few act.,واریاہ لُکھ چھِ کَتھٕ کَران مگر عَمل چھِ سٮ۪ٹھا کم لُکھ کَران
123,She can act on the stage very well.,سۄ ہیٚکہِ سٹیجس پٮ۪ٹھ اصٕل اداکٲری کٔرِتھ
124,The manager was acting on behalf of the president.,مُنتظم اوس صدر سٕنٛدِ بدلہٕ کٲم کرنا۔
125,She is not good at acting.,تٔمِس چھےٚ نہٕ اصٕل اداکٲری تَگان کیٚنٛہ
126,Her action offended everyone.,تٔمۍ سٕنٛزِ حرکتہِ سۭتۍ گٔیہٕ سٲری بیزار
127,We can put the plan into action immediately.,أسۍ ہٮ۪کو منٛصوٗبہٕ فوری طور عملہِ منٛز أنِتھ
128,He is taking an active interest in the politics.,سُہ چُھ سِیاسَتس منٛز عملی تَوجہٕ دِوان
129,He is a sincere activist in the party.,سُہ چُُھ جمٲژ ہُنٛد اکھ خٲلِص کارکُن
130,The extra curricular activity has to be implemented soon.,غٲر نِصٲبی عمل چھےٚ جلدی لاگوٗ گَژھن واجیٚنۍ
131,Akber is a good actor.,اکبر چُھ اکھ اصٕل اداکار
132,The actual cost of ring was much higher than we had expected.,واجہِ ہُنٛد صٔحیٖح قۭمت اوس سانہِ وۄمید کھۄتہٕ زیادٕ
133,He is actually my relative.,سُہ چُھ بِزٲتی میٛون رِشتہٕ دار
134,We can add some more sugar to the curd.,أسۍ ہٮ۪کو زامہٕ دۄدَس بیٚیہِ تھوڑا کھنٛڈ رَلٲوِتھ
135,I do not want to add onto my worries now.,بہٕ چُھس نہٕ یَژھان وۄنۍ پنٕنۍ پَریشٲنی بڑاوٕنۍ
137,They will be useful addition to our company.,تِم آسن سانہِ کمپٔنی خٲطرٕ فٲیدٕ منٛد اِضافہٕ
138,This equipment is the latest addition to our office.,یہِ سامان چُھ سانہِ دفتَرُگ تازہٕ تٔریٖن ہُرٮ۪ر
140,There was an additional paper at the end of the seminar.,سیٚمِنار کِس اِختِتامس پٮ۪ٹھ اوس اکھ علاوٕ تصنیٖف
141,I need an additional information on this topic.,مےٚٚ چھےٚ یَتھ موضوٗعس پٮ۪ٹھ زیادٕ زانٛکٲری ہِنٛز ضٔروٗرت
142,Please send the books on my home address.,مہربٲنی کٔرِتھ سوٗزِو کِتابہٕ میٛٲنِس گرِ کِس پتہَس پٮ۪ٹھ
143,The presidential address was very inspiring.,صدٕر سُنٛد تقریٖر اوس مُتٲثِر کَرن وول
144,The parcel has been addressed incorrectly.,پارسَلس چُھ آمُت غلط پَتہہ لٮ۪کھنہٕ
145,The president is about to address the nation.,صدٕٕر چُھ قومس تقریٖر کَرن وول
146,Please address all suggestions to the chairman.,مہربٲنی کٔٔرِتھ کٔرۍوون چِیرمین تمام تجاویٖزَو سۭتۍ آگاہ
147,You must address everyone in the meeting confidently.,تۄہہِ پَزٮ۪و اِجلاسس منٛز ہر أکِس سۭتۍ اعتِماد سان مُخٲطب گژُھن
148,We need to address ourselves to the main problems of the group.,اسہِ پَزِ گرٛوٚپ کٮ۪ن اہم مثٲیلن سۭتۍ وٲقِف سپدُن
149,Drink adequate water and food to be energetic.,اسہِ پَزِِ ہٮ۪کَتھ انٛنہٕ خٲطرٕ سٮ۪ٹھا ترٛیش تہٕ کھٮ۪ن کھیوٚن
150,The speech was not adequate to convince the gathering.,تقریٖر اوس نہٕ مجلِس قٲیِل کرنَس لایق
152,Notorious is the adjective which describes him best .,بدنام چُھ سُہ صفت یُس تس بہتریٖن پٲٹھۍ بیان چُھ کران۔
153,The coffee shops adjoin the hotel's reception .,کافی شاپ چھِ ہوٹل کِس رِسیٚپشَنٛس لرِ لوٚر
154,We have to adjust to the changing conditions of weather.,اسہِ چُھ موسم کہِ تبدیٖلی سۭتۍ ہم آہنٛگ کَرُن
155,You need to adjust the rear view mirror to get a clear view.,صاف نظارٕ وٕچھنہٕ خٲطرٕ پیٚیَو تۄہہِ ریئر ویو شیٖشہٕ صٔحیح پٲٹھۍ تھاوُن
156,We can adjust the balance later on.,أسۍ ہٮ۪کَو بیلنٛس پتہٕ تہِ بَرابر کٔرِتھ
157,The car tyres needed slight adjustment to drive in the hilly area.,پٔہٲڑی علاقس منٛز پکنہٕ خٲطرٕ چھےٚ گاڑِ ہِنٛدٮ۪ن ٹٲرن معموٗلی سٮ۪زَر کرنٕچ ضٔروٗرت
158,We need to administer the budget accordingly.,اسہِ چُھ امے مطابق بجٹُک بُندٕبَستہٕ کَرنٕچ ضرورت
159,The Court of Law is responsible to administer justice.,قانونی عدالت چھِ انصافی فٲسلہ عملہِ منٛز اَننٕچ ذمہ دار
160,A special team was called to administer relief to the cyclone hit victims.,طوٗفانس منٛز مُتٲثر گَژھن والٮ۪ن اِمداد دِنہٕ خٲطرٕ آیہِ اکھ خٔصوٗصی ٹیٖم بُلاونہٕ
161,He works efficiently in the school administration.,سُہ چُُھ سُکوٗل اِنٛظامیاہس منٛز قابلِیت سان کٲم کَران
162,A complex administrative problem came up suddenly.,اکھ مُشکِل اِتِظٲمی معاملہٕ گوٚو کھڑا
163,He works as an administrator in the public works department.,سُہ چُھ محکمہ تعمیٖراتہِ عامَہس منٛز بَحیثیت نٲظِم کٲم کَران
165,He got an admission to the Union club.,تٔمِس میٛول یونین کٔلبس منٛز دٲخلہٕ
166,He made an admission that he lied.,تٔمۍ کوٚر آنٛکار زِ تٔمۍ چُھ اَپُز ووٚنمُت
167,I cannot admit this erronous judgement.,بہٕٕ ہٮ۪کہٕ نہٕ یہٕ غلط فٲصلہٕ مٲنِتھ
168,We will admit only the membership holders into the conference hall.,کانفرنٛس ہالس منٛز یِیہِ صرِف رُکنِیت تھاون والٮ۪ن شخصن اژنہٕ دِنہِ
170,The adolescence is a difficult phase.,یاوُن چُھ اکھ مُشکِل وقٕت
171,My husband and me want to adopt a baby girl.,بہٕ تہٕ میٛون خانٛدار چھِ یَژھان منٛگتہٕ کوٗر رٹٕنۍ
172,We need to adopt only suitable values.,اسہِ پَزن صِرِف مُنٲسِب وصو اپناوٕنۍ
175,There is only one adult in their family.,تِہنٛدِس عیالس منٛز چُھ اَکُے بالینٛغ
176,Adult movies are mostly prohibited for minors.,عٔموٗمن چھےٚ بالغ فِلمہٕ نابالینٛغن وٕچھنہِ منٛع
177,The flood shall advance in no time.,سٔہلاب پکہِ کیٚنٛژس کالس منٛز برٛونٛہہ کُن۔
178,They made an incomparable advance in their business.,تِِمو کٔر پنٛنِس کاروبارس منٛز بےٚ مِسال ترقی
179,Recent advances made in medicine are unimaginable.,طبی شعبس منٛز حالَے یۄس ترقی کرنہٕ چھےٚ آمٕژ سۄ چھےٚ ناقٲبلہِ قیاس
180,The company paid an advance salary to its employees on New Year.,کمپٔنی دیُت پنٛنٮ۪ن مُلٲزمن نٔیِس ؤریس پٮ۪ٹھ مہوار
181,There was no advance in their economic state.,تِہِنٛزن مٲلی حالاتن منٛز اوس نہٕ کانٛہہ ہُریر
182,She rejected his friendly advances.,تٔمۍ کٔر تٔمۍ سٕنٛز دوستانہٕ پیش قدمی نامنظوٗر۔
184,His ideas are quite advanced.,تٔمۍ سٕنٛدۍ خیالات چھِ سیٚٹھا اعلیٰ۔
185,The company did not give any advance notice of its closure.,کمپٔنی دیُتھ نہٕ کانٛہہ بنٛد گژھنُک برٛونٛہہ اعلان
187,The new policies led to an advance in the cost of shares.,نیہِ پالسی یِنہٕ کِنۍ ہُریو شِیَرن ہُنٛد قۭمت
189,The meeting advanced into the late night due to the inconveniences in the city.,شہرس منٛز مُشکِلات آسنہٕ کِنۍ پٔچ میٖٹِنٛگ/ مجلِس شام تانۍ
190,The advanced technology has resolved many complications.,ترقی یافتہٕ ٹیٚکنالوجی سۭتۍ درٛاو واریاہن مُشکِلاتن ہُنٛد ہَل
191,This version is meant for advanced learners.,یہِ ؤرجن چُھ مٲہِر ہیٚچھن والٮ۪ن ہِنٛدِ خٲطرٕ
192,His advanced ideas proved profitable.,تٔمۍ سُٕنٛدۍ نٔوۍ خیال گٔیہِ فٲیدٕ منٛد صٲبِت
193,Their advanced age has not deterred them from travelling.,تِہنٛزِ بڑوٕنۍ وٲنٛسہِ چھےٚ نہٕ تِہِنٛدِس چکرس گژھنس منٛز کانٛہہ تہٕ رُکاوٹ پٲدٕ کٔر مٕژ
194,Raj took full advantage of the offer.,راجن تُل موقُک پوٗرٕ فٲیدٕ
195,She has an advantage due to her knowledge of different languages,تٔٔمِس چُھ واریاہن زبانن ہِنٛز زان کٲری آسنہٕ کِنۍ فٲیدٕ
196,Her decision can be advantageous for the whole family.,تٔمۍ سُنٛد فٲصلہٕ ہیٚکہِ پوٗرٕ عیالہٕ خٲطرٕ فٲیدٕ منٛد صٲبِت گٔژِھتھ
197,A tall basketball player has an advantage of his height.,أکِس تٔھدِس باسکٮ۪ٹ بال کِھلٲڑِس چُھ پنٛنہِ قَدُک فٲیدٕ آسان
198,He took advantage of her trust by not giving her the correct details..,تٔمۍ دِتۍ نہٕ تٔمِس صٔحی تفصیٖل تہٕ تُلنَس بَروسُک غلط فٲیدٕ
199,His representation in the Student union made an advantage to all his classmates.,سٹوڈنٛٹ یوٗنٛیَنس منٛز تٔمۍ سٕنٛزِ نُمٲیِنٛدگی آسنہٕ کِنۍ ووت تَسٕنٛدٮ۪ن ہم جماتٮ۪ن فٲیدٕ
200,Jim Corbet`s adventures in Kumaon are very thrilling.,کُماونس منٛز جِم کاربیٹ سٕنٛز دِلیری چھےٚ جوش سۭتۍ بٔرِتھ
201,Does the sentence contain any adverb?,جُملس منٛز چھا کانٛہہ ڈکھٕ کرٛاوُت؟
202,All big companies advertise their products.,سارے بجہِ کمپٔنیہِ چھےٚ پنںنٮ۪ن چیٖزن ہُنٛد اشِتِہار دِوان
203,The apartment was not as good as the advertisement claimed.,اپاٹمٮ۪نٛٹ اوس نہٕ تیٛوتاہ اصٕل کیٚنٛہہ یوٗتاہ زن اِشتِہارس منٛز دعوا کرنہٕ اوس آمُت
204,The new methods of advertising are very creative.,اِشتِہار بٲزی ہِنٛدۍ نٔے طٔریٖقہٕ چھِ واریاہ تخلیٖقی
205,He gave me a compatible advice.,تٔمۍ دیُت مےٚ اکھ مُنٲسِب مشوَرٕ
206,You cannot take this medicine without a physician`s advice.,ژٕ ہٮ۪کَکھ نہٕ ڈاکٹر سٕنٛزِ صلاح بغٲر یہٕ دَوا کھٮ۪تھ
207,The doctor advised him a complete rest.,ڈاکٹَرن چُھ تٔمِس مُکمل آرام کرنُک مشوَرٕ دیُتمُت
208,Please advise us when you will arrive here.,مہربٲنی کٔرِتھ کٔرزٮ۪و اسہِ آغاہ ییٚلہِ تُہۍ یور وٲتِو
209,An advisory committee was formed to resolve the issue of pension.,پیٚنٛشَنُک مسلہٕ حل کرنہٕ خٲطرٕ آیہِ صَلاح کار کٔمیٖٹی بناونہٕ
210,We all advocate the new government policy.,أسۍ سٲری چھِ حکومت چہِ نیہِ پالسی حمایت کران۔
211,He is a well known advocate.,سُہ چُھ اکھ ناموَر ؤکیٖل
212,I advocate the revision of present syllabus.,بہٕ چُھس موجوٗدٕ نِصابس بیٚیہِ اکہِ لٹہِ نظر ثٲنی کرنہٕ کِس حقس منٛز
213,Travel by aeroplane saves lot of time.,ہوٲیی جہازس منٛز سفر کرنہٕ سۭتۍ چُھ واریاہ وقت بَچان
214,She has developed a good aesthetic sense.,تٔمِس منٛز چُھ اکھ اصٕل جمالِیٲتی احساس پٲدٕ سپُدمُت
215,Her designs are aesthetically mature and appreciable.,تٔمِۍ سٕنٛدۍ نقشہٕ چھِ جمٲلیٲتی طورس پیٚٹھ پۄختہٕ تہٕ تعریٖفن لایق۔
216,Please keep your personal affair out from this discussion.,مہربٲنی کٔرِتھ تٔھیِو پنٕۍ ذٲتی ماملہٕ ییٚمہِ بہژ نِش دوٗر
217,She is having an affair with the boy next door.,تٔمِس چُھ ہمساے لٔڑکس سۭتۍ لولُک معاملہٕ
218,I need a constant information about the current affairs.,مےٚ چھےٚ موجودٕ معاملاتن مُتعلق مُسلسل زانٛکٲری ہِنٛز ضٔروٗرت
219,The new budget will certainly affect the masses.,نَیہِ بَجٹ سۭتۍ گَژھِ یٔقیٖنی طور عوام مُتٲثِر
220,The flood affected areas are completely destroyed.,سٔہلاب سۭتۍ مُتٲثِر گٔمٕتۍ علاقہٕ چھِ پوٗرٕ پٲٹھۍ تباہ گٔمٕتۍ۔
221,I have a deep affection for you family.,مےٚ چُھ چٲنِس عیالس خٲطرٕ سٮ۪ٹھا لول
222,The village has been severly afflicted with floods.,گامس چُھ سٔہلاب سۭتۍ سٮ۪ٹھا نۄقصان ووتمُت
224,They cannot afford a car right now.,تِمن چُھ نہٕ وٕنٛکٮ۪س گٲڈۍ ہٮ۪نُک طاقت
225,She was afraid for her children.,سۄ ٲس پنٛنٮ۪ن شُرٮ۪ن باپت خوف زَدٕ
226,I am not afraid of dogs anymore.,مےٚ چُُھ نہٕ وۄنۍ ہونٛٮ۪ن ہُنٛد خوف
227,We will go for coffee after the meeting.,أسۍ گَژھو مِٹِنٛگ پتہٕ کافی چیٚنہِ
228,I will return after two weeks.,بہٕ یِمہٕ دۄیہِ ہفتہٕ پتہٕ واپس
229,I was standing after him in the queue.,بہٕٕ اوسُس تٔمِس پتہٕ کنہِ لٲنہِ منٛز کھڑا
232,We shall rectify these problems in the after years.,أسۍ کَرو یِنہٕ والیٚن ؤرِین منٛز یِم مسٲیِل ٹھیٖک۔
234,We can eat afterwards.,أسۍ ہٮ۪کو پوٚتُس کھٮ۪تھ
236,"It is very efficient, and again, it has its own inefficiency and disadvantages.",یہِ چُھ قٲبلہِ لایق مگر تۄپتہٕ چھےٚ اتھ پنٕنۍ ناتٲثیٖری تہٕ نۄقصاناتات
237,We are sloganeering against the new government.,أسۍ چھِ نیہِ حُکومتہِ خٕلاف نارٕ بٲزی کران۔
238,India played superb against South Africa.,ہِنٛدُستانن گیٚنٛد جٔنوٗبی افریٖقہس خٕلاف نٔفیٖس پٲٹھۍ
239,I was leaning against the wall for a long time.,بہٕ اوسُس لبہِ سۭتۍ واریاہس کالس کھڑا
240,He stood firmly against the culprit.,سُہ روٗد مُجرِمس خٕلاف پۄختہٕ پٲٹھۍ کھڑا۔
241,It is hard to calculate the age of this tree.,ییٚمہِ کُللِچ وٲنٛسہِ ہُنٛد انٛدازٕ لگاوُن چُھ مُشکِل
242,We waited nearly for ages for the match to begin.,اسہِ ووت ییٚمہِ میچہٕ خٲطرٕ واریاہ کال پیاران
244,The illness has aged him?,سُہ چُھ بیٚمارِ بٕڑروومُت
245,Ram seems to have aged very quickly.,مےٚ چُھ باسان زن رام چُھ جلدی بَڑیومُت
247,We are planning to start a travel agency.,أسۍ چھِ اَکھ نٔو ایٚجَنسی کھولنہٕ باپتھ منٛصوٗبہٕ بَناوان
248,He is a real estate agent.,سُہ چُھ زٔمیٖن زِراعت ہٮ۪نہٕ تہٕ کٕنَن وول رُکُن
249,The aggression of empires has lasted since antiquity.,سلطَنَتن ہُنٛد حملہٕ چُھ پَتہٕ وَتہٕ پٮ۪ٹھٕ جٲری
250,His aggressive attitude frightens me.,تٔمۍ سٕنٛدٕ طیشَل برتاو سۭتۍ چھےٚ مےٚ تھرٕ اَژان
251,The Union continues to agitate for higher pay,یوٗنیَنن چُھ تنٛخواہ بَڑاونہٕ خٲطرٕ ہنٛگامہٕ جٲری تھوومُت
253,We will not agree on all their terms and conditions.,أسۍ مانَو نہٕ تِہِنٛدۍ سٲری شرایِط
254,Please sign the agreement.,مہربٲنی کٔرِتھ کٔرِو مُہادس پیٚٹھ دستخط۔
255,The talks between the two groups failed to reach to an agreement.,دۄن دَرٮ۪ن درمِیان کَتھ باتھ أکِس سمجوتَس تان واتنَس منٛز گٔیہِ ناکام
256,The whole family was in agreement with her.,پوٗرٕ خانٛدان اوس تس رٲزۍ۔
258,Indian economy depends on agriculture.,ہِنٛدُستانٕچ معٲشِیت چھےٚ زراعتَس پٮ۪ٹھ دارمَدار
259,You can go ahead of us.,ژٕ ہٮ۪کَکھ اَسہِ برٛونٛہہ کُن پٔکِتھ
260,We can mobilize the aid for flood victims.,أسۍ ہٮ۪کو سٕہلاب زَدن اِمداد واتنٲوِتھ
261,The schools are not equipped with the teaching aids.,مدرَسن منٛز چھِ نہٕ پرناونٕکۍ سامان
263,Her aim is to become a doctor.,تٔمِۍ سُنٛد مقصَد چُھ ڈاکٹر بَنُن
264,She is aiming at a scholarship.,تٔمِس چُھ سُکالرشِپ حٲصِل کرنُک اِرادٕ
265,My remarks were not aimed at you.,میٛانیٚن تبصُرن ہُنٛد اوس نہٕ ژےٚ کُن اِشارٕ۔
266,Kick the football high in the air.,فُٹ بال لَگاوو ہیوٚر ہَوہَس منٛز
267,We went to Mumbai by air.,أسۍ گٔیہِ بمبیہِ ہَوٲیی جَہازس منٛز
268,Air the wet sheet to make it dry.,خۄشٕک کرنہٕ خٲطرٕ دِ اَتھ أدرِس شیٖٹَس ہَوا
269,"Don`t air your views to every Tom,Dick and Harry.",پَنٕنۍ خیال گَژھن نہٕ پرٛٮ۪تھ کٲنٛسہِ نِش باوٕنۍ
270,He owns an aircraft.,تٔمِس چُھ پَنُن ہَوٲیی جَہاز
271,Aslam went to the airport.,اسلَم گوٚو ہَوٲیی اَڈس پٮ۪ٹھ
273,A new international airport has been built in Cochin.,کوچیٖنَس منٛز چُھ اَکھ نوٚو بین الاقوٲمی ہَوٲیی اَڈٕ بَناونہٕ آمُت
274,The news filled me with alarm.,ییٚمہِ خبرِ دِژ مےٚ خطرٕچ خبر دٲری
275,The alarm bell rang in the bank.,بیٚنٛکَس منٛز بجےٚخطرٕچ گنٛٹی
276,Addiction to alcohol is disasterous to health.,شَرابُک عٲدی گَژُھن چُھ صحتہٕ خٲطرٕ مُزِر
277,He is an alert listener in meetings.,سُہ چُھ مجلِسَن منٛز ہُشار بوزَن وول
278,I felt like an alien with the new classmates.,مےٚ چُھ نَوین ہم جمٲتٮ۪ن سۭتۍ پَنُن پان وۄپَر باسان
280,Depressive states of mind cause intense sense of alienation.,ذہنی دَباو آسنٕکۍ حالات چھِ اِنٛسانَس پَرٕژھیوٚن بَناوان
284,She is always alive and active.,سۄ چھےٚ ہَمیشہٕ باخَبر تہٕ تٮ۪لنٛگہٕ روزان
285,He is fully alive to everything happening around.,سُہ چُُھ أنٛدۍ پٔکۍ سپدن وٲلِس پرٛٮ۪تھ کُنہِ چیٖزس وٲقِف۔
287,His work was all mess.,تٔمۍ سٕنٛز سٲرٕے کٲم ٲس خراب
288,We sat up all night.,أسۍ ٲسۍ پوٗرٕ راتس ہُشارَے
289,She lives all alone.,سۄ چھےٚ بِلکُل کُنی زٕنۍ روزان
290,They gave away all of their fortune to the victims.,تِمو دیُت پنُن سورُے مال و دَولت مُتٲثِریٖنن
292,They swear allegiance to the flag.,تِم چھِِ جنٛڈٕچ فرمان بردٲری کران۔
293,The Company entered into an alliance with the Bank.,کپمٔنی تہٕ بینٛکن کوٚر پانہٕ وٲنۍ مُہادٕ
294,USA and allied forces started bombing Yugoslavia.,امریٖکہ تہٕ اِتحٲدی فوجن کٔر یوگوسلاویاہس پٮ۪ٹھ بمبٲری شُروٗع
295,The government shall allocate separate apartments to the employees.,حُکوٗمت کرِ مُلٲزمن خٲطرٕ الگ اپارٹمٮ۪نٛٹ قٲیِم
296,The company has allocated funds for the project.,کمپٔنی چھِ پرٛوجیٚکٹ خٲطرٕ رقم مخصوٗص کوٚرمُت
297,The allocation of funds requires a responsible representative.,مٲلی وصٲیِلن ہِنٛدِ نامزدگی خٲطرٕ چھےٚ أکِس ذِمہ وار نُمٲینٛدٕ سٕنٛز ضٔروٗرت آسان۔
298,The allotment of this plot is made to the medical college.,ییٚمہِ پٔلاٹٕچ نام ذَدی چھےٚ آمٕژ میٚڈکل کالجس دِنہٕ
299,We are allowed to use mobile phones inside the work place.,ییٚٚتہِ أسۍ کٲم چھِ کَران تَتہِ چھےٚ یِوان اسہِ موبایِل فون چلاونٕچ اِجازت دِنہٕ
301,The company paid the travel allowance.,کمپٔنی کوٚر سفرُک خرچہٕ ادا
302,France is an ally of America.,فرٛانٛس چُھ امریٖکہُک حلیٖف
303,Italy and Japan allied with Germany in the second world war.,دٔیمہِ جنٛگہِ عٔظیٖمس منٛز کوٚر اِٹلی تہٕ جاپانن جرمٔنی سۭتۍ سمجوتہٕ
304,Almost everybody passed in the exam.,اِمتِحانس منٛز گٔیہِ لگ بگ سٲری پاس
305,He was alone when we met him.,ییٚلہِ أسۍ تٔمِس سمکھییہِ سُہ اوس تمہِ ساتہٕ کُنُے زوٚن
306,Take your baggage along.,پنُن سامان نیٖو سۭتۍ
307,His little sister came along to see the movie.,فِلِم وٕچھنہٕ خٲطرٕ ٲس تٔمِس بیٚنہِ سۭتۍ آمٕژ
308,We were walking along chatting.,کَتھ کَران کَران ٲسۍ أسۍ پَکان
309,The truck drew up alongside the river bank..,ٹرٛک آیہِ دٔریاب بٔٹِھس سۭتۍ لاینہٕ
310,My house is alongside the cinema hall.,میٛون مَکان چُھ سیٚنما ہالس سۭتۍ
311,Please read the passage aloud.,مہربٲنی کٔرِتھ پٔرِو یہِ حوالہٕ زورٕ
312,Children are taught alphabets in nursery.,بَچن چھِ یِوان نرسٔریَس منٛز اَچھر پرناونہٕ
313,She had already graduated when I joined the college.,میٛانہِ کالج دٲخٕل گھژنہٕ برٛونٛہٕے ٲس تٔمۍ گرٛیجویشن کٔرمٕژ
315,The examination schedule altered our travel plans.,اِمتِحانٕکۍ تٲریٖخو بدلوو سون سفرُک منصوٗبہٕ
316,"He was left with no other alternative,so he resigned.",تٔمِس روٗد نہٕ بیٚیہِ کانٛہہ چارٕ تہٕ تٔمۍ دیُت اِستیٖفہٕ
317,We have to find an alternative means of transport to reach there.,تور واتنہٕ خٲطرٕ پیٚیہِ اَسہِ نقل و حملُک مُتبادلہٕ ذٔریہٕ ژھانڑُن
319,He earns altogether fifty thousand in a month.,سُہ چُھ رٮ۪تَس کُل مِلٲوِتھ پنٛژاہ ساس زینان
320,We talked less and less and eventually stopped talking altogether.,اسہِ کٔر کَتھ کَم کَم کَرٕنۍ تہٕ ٲخٕر ترٛٲو بِل کُلٕے کَتھ کَرٕنۍ
321,Aluminium foils are best to wrap the food in travel.,ایٚلموٗنِیم وَرق چھِ سفرَس منٛز کھیٚن ولنہٕ خٲطرٕ بہتٔریٖن روزان
322,I am always at home on Sundays.,بہٕ چُھس آتھوارن ہمیشہٕ گَری روزان
323,I will always be there to help you.,بہٕ روزَے ژےٚ ہر وِزِ مدد کرنہٕ خٲطرٕ تیار
324,He is an amateur painter.,سُہ چُُھ اَکھ شوقیٖن رنٛگ ساز
325,I was amazed by her comments.,بہٕ گوس تٔمۍ سٕنٛزن کَتھن پٮ۪ٹھ حٲران
326,She gave me an amazing look.,تٔمۍ ترٛٲو مےٚ اَکھ حٲرت اَنٛگیز نظر
328,This attempt shall serve as an ambassador of good will between us.,یہِ کوٗشِش روزِ اسہِ درمِیان اکھ اصٕل نٔتیٖجن ہُنٛد سٔفیٖر
329,He gave an ambiguous remark.,تٔمۍ ؤنۍ ؤلِتھ کتھ۔
330,Her ambition in life is to achieve success.,تٔمۍ سٕنٛزِ زِنٛدگی ہُنٛد مقصد چُھ کامیٲبی حٲصِل کرٕنۍ
331,It is a highly ambitious schedule.,یہِ چُھ اکھ اِتِہٲیی مقصد وول شُڈوٗل
332,The committee has to ammend the rules.,کٔمیٖٹی چھِ قوٲعِد دُرُس کَرٕنۍ
333,The present budget passed without any amendments.,موجوٗدٕ بَجٹ آو اِصلاح بغٲر پاس کَرنہٕ
335,Huge illegal sale of arms and ammunition takes place at the borders.,سرحَدن پٮ۪ٹھ چھِ گولٕہ بوٚروٗد غٲر قونوٗنی طورس پٮ۪ٹھ کٕنٛنہٕ یِوان
336,He picked the best one amongst a pile of old books.,پرٛانیٚن کِتابن ہِنٛدِ چَٹہٕ منٛز تُج تٔمۍ ساروٕے کھۄتہٕ بہتٔریٖن کِتاب
337,The total cost amounted to Rs.250.,کُل لاگت وٲژ زٕ ہَتھ تہٕ پنٛژہ رۄپیہِ
338,They spent large amount of money on thier wedding.,تِمو خرچوو پنٛنِس خانٛدرس پٮ۪ٹھ واریاہ رَقم
339,They didn't deliver the right amount of sand.,تِمو کٔر نہٕ سیٚکہِ ہِنٛز صٔحیٖح مقدار فراہم۔
340,The election was given ample coverage on T.V.,ایٚلیکشَنس آیہِ ٹیٖویَس پٮ۪ٹھ واریاہ اہمِیت دِنہٕ
341,The magician amused children.,جادوٗ گَرن کوٚر شُریٚن ہُنٛد دِل خۄش
344,They have analysed the market strategy properly.,تِمو چھےٚ بازرٕچہِ حکمت عملی ہِنٛز وٮ۪ژھنَے اصٕل پٲٹھۍ کٔرمٕژ
345,Psychologist analysed the cause of depression.,مٲہِرِ نفاسیاتن کٔر ذہنی دباو کہِ وجہٕچ وٮ۪ژھنَے
346,I was more interested in her analysis of the case study.,مےٚ ٲس تٕمۍ سٕنٛزِ کیس سٕٹَڑی ہِنٛزِ تجزِیہِ منٛز زیادٕ دِلچسپی
347,She has an analytic approach.,تٔمِس چُھ تجزِیٲتی نظریہٕ
348,The failure of government to implement control can lead to anarchy.,سرکار کہِ طرفہٕ کنٛٹرٛول نٲفِز کرنَس منٛز ناکٲمی ہیٚکہِ اَفراتَفری ہُنٛد بٲعِث بٔنِتھ
349,We raised the anchor and set sail.,اسہِ تُل کُنٛڑٕ تہٕ درٛایہِ ٲبی سفرس۔
350,The boat was anchored to the shore.,ناو ٲس بٔٹِھس پیٚٹھ گٔنٛڑِتھ۔
351,She anchored a television documentary series in 1980.,تٔمۍ کوٚر 1980 ہس منٛز ٹی وی یس پیٚٹھ دستاویزی سِلسٕلہٕ وار پیش۔
352,She has been working as an anchor for the last five years.,سۄ چھےٚ پٔتِمیو پانٛژو ؤرِیو پیٚٹھٕ بطورِ رٲبِطہٕ کار کٲم کران۔
353,India and China are the most ancient civilizations of the world.,ہِنٛدُستان تہٕ چیٖن چھِ دُنیاہٕکۍ قٔدیٖم تٔریٖن تہزیٖبہٕ
354,She could sense my anger.,تٔمۍ کوٚر محسوٗس زِ مےٚ چُھ شَرارت
355,He angered everyone in the family by talking rudely to his brother.,تٔمۍ کٔر پنٛنِس بٲیِس سۭتۍ بد تہزیٖبی سان کَتھ ییٚمہِ کِنۍ سٲرسی عیالس شَرارت کھوٚت
356,We can look at this problem from a different angle.,أسۍ ہٮ۪کو یَتھ مسلس بیٚیہِ کُنہِ نطریہِ سۭتۍ وٕچھِتھ
357,He was adept at angling the fishing rod.,سُہ اوس بِسلاے ترٛاونَس منٛز مٲہِر
359,He is an angry man.,سُہ چُھ اَکھ شَرٲرتی نَفر
360,We should be kind to animals.,اسہِ پَزِ جانوَرن سۭتۍ رٔحیٖم روزُن
361,he behaves like an animal with his wife.,سُہ چُُھ پنٛنہِ زَنانہِ سۭتۍ وحشِیانہٕ سٔلوٗک کَران
363,She announced her engagemnet on new year party.,نٔوِس ؤریٕکِس جشنس پٮ۪ٹھ کوٚر تٔمۍ پنٛنہِ نِشانہِ ہُنٛد اعلان
364,She made an announcement about the withdrawl of her support to the institute.,تٔمۍ کوٚر اِدارٕ خٲطرٕ پنٕنۍ حمایت واپس نِنُک اعلان۔
365,Akbar annoyed me in the meeting.,اکبَرن کٔرنَس بہٕ میٖٹِنٛگ منٛز پَریشان
366,I was annoyed when they abused me.,مےٚ کھوٚت شَرارت ییٚلہِ مےٚ تِمو لٮ۪کہٕ کَجہِ
367,I understand your reason of annoyance.,بہٕ چُھس تُہنٛزِ ناراضگی ہُنٛد وجہ سمجان
369,You can pay the bill annually as well.,تُہۍ ہیٚکِو ؤریہِ پتہٕ ؤریہِ تہِ بِل بٔرِتھ
370,There was a phone call from an anonymous person.,أکِس گُمنام شخصہٕ سُنٛد فون اوس آمُت
371,Give me another cup af tea.,مےٚ دِ بیٛاکھ چایہِ کَپ
373,She didn`t answer to my question.,تٔمۍ دیُت نہٕ میٛانہٕ سَوالُک جواب
375,Ants have large and highly organized groups.,ریٚیَن چھِ آسان بٔڑۍ تہٕ اِنٛتِہٲیی مُنظِم گرٛوٚپ
376,He could anticipate the trouble.,تٔمۍ ہیٚوکھ پَریشٲنی ہُنٛد انٛدازٕ لگٲوِتھ
378,This explains his anxiety over the examination.,امہِ سۭتۍ چھےٚ وضاحت گَژھان زِ تٔمِس چھےٚ اِمتِحانٕچ پَریشٲنی
381,He is an anxious father.,سُہ چُُھ اَکھ فِکِر منٛد مول
382,We had a few anxious moments before the plane landed safely.,جہازٕک باحِفاظت لینٛڈ کرنہٕ برٛونٛہہ آیہِ اَسہِ کیٚنٛہہ تشویٖش ناک لمحات پیش
383,They are anxious to know about the next President.,نٔوِس صدرَس مُتعلق زانٛنہٕ خٲطرٕ چھِ تِم بےٚ تاب
384,Has she left any cake in the refrigerator?,تٔمۍ چھا فرٛجَس منٛز کانٛہہ کیک تھوومُت؟
385,Are you feeling any better?,تُہۍ چِھوٕ کیٚنٛہہ بہتر محسوٗس کَران؟
387,Is there any water in the jug?,جَگس منٛز چھا کیٚنٛہہ ترٛیش؟
388,Anybody can come to party.,کانٛہہ تہِ ہیٚکہِ سالس یِتھ
389,I can`t lend my book to anybody.,بہٕ ہٮ۪کہٕ نہٕ پَنٕنۍ کِتاب کٲنٛسہِ تہِ دِتھ
390,Anyhow they managed to escape the police.,تِمۍ گٔیِیہٕ کُنِہ پٲٹھۍ پُلسَس نِش فَرار گَژھنَس منٛز کامیاب
391,Anyone of you can go and get the tickets.,تۄہہِ منٛز ہیٚکہِ کانٛہہ اَکھ ٹِکَٹ انٛنہِ گٔژِھتھ
392,Give me anything to eat.,مےٚ دیٖو کھٮ۪نہٕ خٲطرٕ کیٚنٛہہ تہِ
394,You can solve this problem in anyway.,تُہۍ ہیٚکِو یہِ مسلہٕ کُنِہ تہِ پٲٹھۍ ہَل کٔرِتھ
395,You can find this food anywhere.,تۄہہِ ہیٚکٮ۪و یہِ کھٮ۪ن کُنہِ تہِ جایہِ میٖلِتھ
398,We live in a three room apartment.,اسہِ چھےٚ ترٛٮ۪ن کَمرَن ہِنٛز روزَن جاے
401,There was no apparent reason for his screaming.,تٔمۍ سٕنٛدِس کرٛٮ۪کھ لاگنس اوس نہٕ کانٛہہ ظٲہِری وجہ
403,He filed an appeal to release his imprisoned friend.,پنُن قٲد سٲتھی یَلہٕ ترٛاونہٕ خٲطرٕ کٔر تٔمۍ أپیٖل دَرٕج
404,The government appealed to the public to donate blood for soldiers.,حُکوٗمَتن کٔر لُکن گُزٲرِش زِ تِم دِن فوجس خوٗن
405,He was found guilty but he appealed to High Court.,سُہ گوٚو قٔصوٗر وار ثٲبِت مَگر تٔمۍ کٔر ہاے کورٹس منٛز أپیٖل
406,The idea of a vacation appeals to me.,چُھٹی ہُنٛد مشوَرٕ کۄرُن چھُ مےٚ خۄش کران
407,He suddenly appeared in the doorway.,سُہ گوٚو اچانک دروازس پٮ۪ٹھ حٲظِر
408,He appears briefly in this movie.,سُہ چُھ یَتھ فِلمہِ منٛز کینٛژس کالس لبنہٕ یِوان
409,He suddenly appeared at the wedding.,سُہ گوٚو اچانک خانٛدرَس منٛز ظٲہِر
410,Your name has not appeared yet on the roll.,چون ناو چُھ نہٕ وٕنہِ فَہرستہِ منٛز آمُت
411,He had to appear in the court last month.,تٔمِس اوس پٔتۍمہِ رٮ۪تہٕ کورٹس منٛز حٲظِر گَژُھن
412,It appears that he is not going to come.,باسان چُھ زِ سُہ یی نہٕ
414,The spectators applause encouraged the artists.,وٕچھن والیٚن ہِنٛدِ ژرِ پوٚپ سۭتۍ میلیو فنکارن حوصلہٕ۔
415,Please wash the apples before eating.,مہربٲنی کٔرِتھ کھیٚیِو ژوٗنٛٹھۍ چھیٚلِتھ
416,Some of the conditions are not applicable in your case.,کیٚنٛہہ شرط چھِ نہٕ تُہنٛدِس معاملس منٛز موزوٗن۔
418,The applied mathematics is much in vogue.,عملی ریاضی چھے سٮ۪ٹھا مشہور
419,These conditions apply only to some of you.,یِِم شَرٲیِط چھِ تۄہہِ منٛزٕ کیٚنٛہَن پٮ۪ٹھ لاگوٗ گَژھان
420,Traffic rules must be applied strictly .,ترٛیفِک قوانیٖن گَژھٕنۍ سختی سان لاگوٗ کَرٕنۍ
421,Apply some antiseptic on the wounds.,زخمن مٔتِھو تھوڑا دَوا
422,You must apply the breaks wherever necessary.,ییٚتٮ۪ن ضٔروٗرت آسہِ تَتٮ۪ن پَزٮ۪و تۄہہِ برٛیک لگاوٕنۍ
423,We can also apply for the post of cashier.,أسۍ تہِ ہٮ۪کو کیشیَر سٕنٛدٕ عۄہدٕ خٲطرٕ درخاص دِتھ
424,Mohan was appointed as the managing director. .,موہن اوس میٚنیجِنٛگ ڈَریٚکٹَر تعیِنات کرنہٕ آمُت
425,She was appointed in the beginning of the month.,سۄ ٲس رٮ۪تکِس آغازس منٛز مقرر کَرنہٕ آمٕژ
426,Hari`s appointment in the bank is a sheer chance.,بیٚنٛکَس منٛز ۂری سٕنٛز تعیِناتی چھےٚ مَحض موقٕچ بخشِش
427,We need to fix an appointment for the forthcoming meeting.,یِنہٕ واجنہِ میٖٹِنٛگ خٲطرٕ پَزِ اسہِ سمکھٕنُک وَقت مقرر کَرُن
428,I appreciate your remarks.,بہٕ چھس تُہنٛزَن کَتھن ہِنٛز شابٲشی دِوان
429,We must appreciate the initiation of work by young aspirants.,اَسہِ پَزِ نَوجوان اُمیدوارن ہِنٛدِس کٲم کرنٕکِس آغازس تعریٖرف کَرٕنۍ
430,The value of this property has appreciated over the years.,یَتھ پرٛاپرٹی چُھ پٔتمٮ۪ن ؤرین منٛز قٲمتَس کھوٚتمُت
431,Good deeds deserve appreciation.,اصٕل کارنامہٕ چھِ آسان شابٲشی ہِنٛدۍ مستحق
432,You are required to write a critical appreciation on this poem.,تۄہہِ چَھو یَتھ نظمہِ پٮ۪ٹھ قَدٕر دٲنی کرنٕچ ضٔروٗرَت
433,The police could finally apprehend the thief after a long chase.,واریاہس کالس ژھانٛڑنہٕ پَتہٕ کوٚر پُلسَن ژوٗر گِرِفتار
434,We can easily apprehend the meaning of a word written in the vernacular.,مادری زَبانہِ مںز لٮ۪کھنہٕ آمتہِ الفاظُک معنی ہٮ۪کَو أسۍ آرام سان سمجِتھ
435,Mohan worked as an apprentice in the civil hospital laboratory.,موہن اوس سِول ہسپَتالچہِ لیٚباٹرٛی منٛز بَطورِ ژاٹھ کٲم کَران
436,I apprenticed for 2 years before becoming a mechanic.,کٲرۍگَر بنٛنہٕ برٛونٛہہ روٗدُس بہٕ دۄن ؤریَن ژاٹھ
438,We can easily approach the Director.,أسۍ ہٮ۪کو ڈائریکٹر سۭتۍ آرام سان رجوع کٔرِتھ
439,This approach can lead us to different conclusions.,یہِ طٔریٖقہٕ ہیٚکہِ اَسہِ مُختٔلِف نَتایجن پٮ۪ٹھ واتنٲوِتھ
441,It is dangerous to approach the uncaged lion.,یَلہٕ سٕہَس نزدیٖک گَژُھن ہیٚکہِ خطرناک ثٲبِت گٔژھِتھ
442,We should seriously consider how to approach this problem.,اسہِ پَزِ غورٕ سان یہٕ مسلہٕ حل کَنٕچ وَتھ کَڑٕنۍ
444,Kumar was alleged to have appropriated the Institute Funds.,کُمارس اوس اِلزام لَگاونہٕ آمُت زِ تٔمۍ چھِ اِدارٕ کٮ۪ن پونٛسَن ٹپلہٕ کوٚرمُت
445,We have appropriated enough amount of funds for the Conference.,اَسہِ چھِ کانفرنٛسہِ خٲطرٕ سٮ۪ٹھا رَقم مُشخَص تھوومُت
447,Your tour programme has been approved by the financial authorities.,تُہنٛدِس ٹوٗر کرنٕکِس پرٛوگرامس چھےٚ مٲلی حُکامن منٛظوٗری دِژمٕژ
448,I don`t approve of your behaviour with your classmates.,بہٕ چُھس نہٕ چانیٚن ہم جمٲتٮ۪ن سۭتۍ چون سٔلوٗک پَسنٛد کَران
449,All the prices have been assessed approximately.,سارنی قۭمتَن ہُنٛد قٔریٖب قٔریٖب انٛدازٕ چُھ لگاونہٕ آمُت
450,She is apt for this job.,سۄ چھےٚ ییٚمہِ نوکری خٲطرٕ مُنٲسِب
451,She is quite apt at learning quickly.,سۄ چھےٚ جلدی ہیٚچھنَس منٛز مٲہِر
452,It is advised to include aqueous fruits in the diet.,غزہس منٛز چُھ ٲبی مٮ۪وٕ شٲمِل کرنُک مشورٕ دِنہٕ یِوان۔
453,The arbitrary nominations by the party chief were widely criticised.,پارٹی ہِنٛدِ سربراہ سٕنٛدِ طرفہٕ منشہٕ مُطٲبِق نامزدگِین آیہِ بٔڑِس پیمانس پیٚٹھ تنقیٖد کرنہٕ۔
454,An arc will look beautiful over these windows.,یِمن دارٮ۪ن پیٹھ سجِہ محراب واریاہ اصٕل
456,She is known for her arch comments,سۄ چھےٚ پنٛنٮ۪ن بد لحاظ کَتھن خٲطرٕ مانٛنہٕ یِوان
457,We must consult an architect for designing the house.,گَرٕ بَناونہٕ خٲطرٕ پَزِ اَسہِ مٲہِرِ تعمیٖرَس مشوَرٕ ہیُن
458,This particular area is not easily accessible.,یَتھ حلقس تانۍ واتُن چُھ نہٕ سَہل
459,The total area of this field is 1000 sq. metres.,ییٚمہِ مٲدانُک کُل رۄقبہٕ چُھ ساس سُکیر میٖٹڑ
460,You should avoid to argue with your elders.,تۄہہِ پَزٮ۪و نہٕ زِٹھٮ۪ن سۭتۍ واد واد کَرُن
461,His point argues for a change in the policy decisions.,تٔمۍ سٕنٛز دٔلیٖل چھےٚ پالسی ہِنٛدٮ۪ن فٲصلن منٛز تبدیٖلی انٛنَس پٮ۪ٹھ زور دِوان
462,The captain got into an argument with the umpire.,کپتانس گوٚو امپایرَس سۭتۍ بَہَژ
463,Akbar`s arguements were against capital punishment,اکبَر سُنٛد بَہَژ اوس سَزاے موتَس خٕلاف
464,The prisoner`s argument was that he was attacked first.,قٲدۍ سُنٛد بَیان اوس زِ تٔمِس اوس گۄڈٕ حملہٕ کَرنہٕ آمُت
465,The main argument of the book centers on world economy.,ییٚٚمہِ کِتابہِ ہِنٛز بُنیٲدی دٔلیٖل چھےٚ دُنیٲیی معاشِیَتس پٮ۪ٹھ
466,He arose to a high position by sheer hardwork.,سُہ ووٚتھ پنٛنہِ محنٛتہٕ سۭتۍ تھوٚد
467,Many problems arise due to lack of proper co-ordination.,صٔحی اِتحاد نَہ آسنہٕ کِنۍ چھِ واریاہ مسلہٕ پٲدٕ گَژھان
468,My right arm is aching from past two months.,مےٚ چھےٚ دٔچھنہِ نَرِ پٔتمٮ۪و دۄیَو رٮ۪تَو پٮ۪ٹھٕ دَگ
469,The northern arm of the lake is quite deep.,جیٖلُک کھووُر انٛد چُھ سٮ۪ٹھا سرٛوٚن
471,They wore their armor and started for the battlefield.,تِمَو لٲگۍ پَنٕنۍ زِرَہ بَکتَر تہٕ گٔیہِ مٲدانہِ جنٛگس کُن رَوانہٕ
473,They sat off with their armours to invade state.,رِیاستس پٮ۪ٹھ حملہٕ کَرنہٕ خٲطرٕ بیٖٹھ تِم پَنٕنۍ ۂتھیار ہٮ۪تھ
476,Books were left around on the floor.,کِتابہٕ آسہٕ پٔتھرِس اورٕ یورٕ چٔھکرِتھ
477,"There are around 20,000 people inside the stadium today.",لگ بَگ چھِ اَز سٔٹیڑیَمس منٛز وُہ ساس لُکھ
478,The children were running around in the garden.,شُرۍ ٲسۍ باغس أنٛدۍ أنٛدۍ نَژان
479,The cost of the trip was around 5000 rupees.,تقریٖبَن اوس سفرُک خرچہٕ پانٛژ ساس رۄپیہِ
480,He looked around before seating himself.,تٔمۍ دِژ پَتھر بٮ۪ہنہٕ برٛونٛہہ ژۄپٲرۍ نَظر
481,There were insects scampering around.,کیٚمۍ ٲسۍ أنٛدی پٔکۍ نَژان
482,Several people were sitting around the joker,سٮ۪ٹھا لُکھ ٲسۍ جوکرَس أندۍ پٔکۍ بِہِتھ
484,There is no one around here.,ییٚتہِ چُھ نہٕ أنٛدۍ پٔکۍ کانٛہہ تہِ
486,A large number of people were walking around the place.,سٮ۪ٹھا لُکھ ٲسۍ یَتھ جایہِ اورٕ یور پَکان
487,He had tied a cloth around his back.,تٔمۍ ٲس کمرَس انٛدٕ ونٛدٕ دٔج گٔنٛڑمٕژ
488,I saw him around the garden in the afternoon.,مےٚ وُچھ سُہ دُپہارَس باغس أنٛدۍ پٔکۍ
489,I walked around the building.,بہٕ پوٚکُس عٮ۪مارتہِ أنٛدۍ أنٛدۍ
490,The prince was aroused by the sound of trumpet.,شہزادٕ گوٚو ۂسۍ سٕنٛزِ آوازِ سۭتۍ ہُشارٕ
491,We must arouse them to fight with enemies,اسہِ پزِ سُہ دُشمنن سۭتۍ لڑنہٕ خٲطرٕ تیار کرُن۔
492,A girl in red always aroused him.,وۄزُل لِباس لاگن واجنہِ کوٗر چھےٚ تٔمِس ہمیشہٕ دِل تمبٕلاوان
493,They have arranged a dinner in her honour.,تٔمۍ سٕنٛدِس اعزازَس منٛز چُھ تِمو شام کہِ بَتُک اِنٛتِظام کوٚرمُت
494,She was arranging flowers in a vase.,سۄ چھےٚ گُل دانَس منٛز پوس ترتیٖب سان تھاوان
495,The dinner arrangements were quite good.,شام کہِ بَتُک اِنٛتِظام اوس واریاہ اَصٕل
496,She won the first prize for her flower arrangement.,تٔمِس میٛول پوشَن ہِنٛدِ سَجاوٹہٕ خٲطرٕ گۄڈنیُک انعام
498,The police arrested the thief.,پُلسَن کوٚر ژوٗر گِرِفتار
499,Timely action arrested the falling share prices.,با وقتٕچہِ عملہِ کوٚر شِیَرَن ہِنٛدٮ۪ن وسوٕنٮ۪ن قۭمتَن روک تھام
500,Her musical voice immediately arrested my attention.,تٔمۍ سٕنٛزِ موسیٖقی ہِنٛزِ آوازِ کوٚرنَس بہٕ پانَس کُن مٲیِل
501,Many arrests were made in connection to this case.,یَتھ معاملَس منٛز آیہِ واریاہ گِرِفتٲریہِ کرنہٕ
502,He suffered a cardiac arrest.,تٔمِس آو دِلُک دورٕ
503,We anxiously waited for her arrival.,أسۍ ٲسۍ بےٚ صبری سان تٔمۍ سٕنٛدِس یِنَس پیٛاران
504,We are going to have a new arrival in our family.,سٲنِس خانٛدانس منٛز چُھ اکھ نوٚو نفر یِنہٕ وول۔
505,The train arrived quite late.,ٹرٛین وٲژ سٮ۪ٹھا ژیٖر
506,The car has arrived to drive you to the airport.,تۄہہِ ہَوٲیی اَڈَس تانۍ واتناونہٕ خٲطرٕ واژ گٲڑۍ
508,He graduated from an arts college.,تٔمۍ کٔر آرٹس کالجس منٛز گرٛیجویشن۔
510,One of his artery was blocked.,تٔمِس اوس أکِس رَگہِ تھوٚپ
511,The shop at the corner of the street keeps all articles of daily needs.,گٔلی ہِنٛدِس کوٗنس پٮ۪ٹھ یُس دُکان چُھ سُہ چُھ ضٔروٗرِیاتہِ زِنٛدگی ہِنٛدۍ سٲری چیٖز کٕنان
512,Article 51 of Section iii of the Indian Constitution refers to the Fundamental Rights.,ہِنٛدُستانکہِ ٲیِنُک دَفعہ ۵۱ چُھ بُنیٲدی حٔقوٗقن ہُنٛد حوالہٕ دِوان
513,I completed the article on Snow last night.,پٔتمہِ رٲژ کوٚر مےٚ شیٖنَس پٮ۪ٹھ اَکھ مضموٗن مُکمل
514,We can put artificial flowers in the vase.,أسۍ ہٮ۪کو گُل دانَس منٛز نقلی پوش تھٲوِتھ
515,Hussain is working as an artillery in Army.,حُسین چُھ توپ خانَس منٛز بَطورِ فوجی کٲم کَران
516,He provided new artillery to the Army.,تٔمۍ کوٚر فوجَس نوٚو توپ خانہٕ فَراہَم
517,Akbar is a successful artist.,اکبَر چُھ اَکھ کامیاب فن کار
518,This building is quite artistic in the design.,ییٚمہِ عٮ۪مارتہِ ہِنٛز بناوٹ چھےٚ فن کارانہٕ
519,She has artistic temperament.,تٔمِس چُھ فن کارانہٕ مِزاز
523,You can go earlier as you have to reach far.,تُہۍ ہیٚکِو سُلی نیٖرِتۍ تِکیازِ تۄہہِ چُھ واریاہ دوٗر واتُن۔
524,As he was busy he could not come.,سُہ ہیٚوک نہٕ یِتھ کیازکِہ سُہ اوس آوُر
526,Drop the cigarette ash in the tray.,سِگریٹُک سوٗر ترٛاوو ٹرٛے منٛز
527,An ash tree was found there.,تتہِ آو اکہِ قٕسمُک جنٛگلی کُل لبنہٕ۔
528,She was deeply ashamed of her behavior at the party.,سالَس پٮ۪ٹھ پننہِ سٔلوٗک سۭتۍ ٲس سۄ سٮ۪ٹھا شرمنٛدٕ
529,Please stand aside until I move the car forward.,مہربٲنی کٔرِتھ روٗزِو اَکہِ طرفہٕ یوٚتام بہٕ گٲڈی برٛۄنٛہہ پکناو
530,He pulled the curtains aside.,تٔمۍ لوٚم پردن پتھ کُن
531,The informative aside about rural life make this guide relevant.,دِہٲتی زِنٛدگی مُتعلق اِطلاعٲتی رۄح رکان چھِ یتھ گایڈس مُنٲسِب بناوان۔
532,You can ask him about the ring.,ژٕ ہٮ۪کَکھ تٔمِس واجہِ مُتعلِق پرٛژِھتھ
533,They may be asking for advance rent.,تِم آسنَے گۄڈَے کِرایہِ منٛگان
535,I found him fast asleep in his room.,مےٚٚ وُچھ سُہ پنٛنِس کمرَس منٛز شیٚنٛگِتھ
536,You must look at all aspects of the problem.,تۄہہِ پَزٮ۪و ییٚمہِ مسلُک ہر کانٛہہ صوٗرت حال مَدِ نظر تھاوُن
537,The army made an announcement to assault the enemy.,فوجن کوٚر دُشمَنس پٮ۪ٹھ حملُک اعلان
538,The police assaulted the unarmed demonstrators.,پُلسَن کوٚر بےٚ ۂتھیار مُظٲہِریٖنن پٮ۪ٹھ حملہٕ
539,The students assembled in the central hall.,طٲلبہِ عٔلِم گٔیہٕ مرکٔزی ہالس منٛز جمع
541,The spare parts of the vehicle were assembled in the garage.,گاڈِ ہِنٛدۍ سامان آیہِ گیراجس منٛز جوڑنہٕ
542,The national assembly held a meeting to discuss the budget.,بَجٹَس پٮ۪ٹھ بَحث کَرنہٕ خٲطرٕ آیہِ قومی اٮ۪سَمبَلی دٔسۍ اَکھ میٖٹِنٛگ مُنعقد کَرنہٕ
543,She asserted that she would not yield to any pressure.,تٔمۍ ووٚن زور دِتھ زِ سۄ یی نہٕ کُنہِ تہِ دَباوَس منٛز
544,Everyone has to assert for the law to be passed.,قونوٗن چہِ منٛظوٗری خٲطرٕ پیٚیہِ سارنی زور دیُن
547,He assigned the work to different people.,تٔمۍ دِژ مُختٔلِف نفرَن کٲم
548,The case was assigned to Aslam.,یہٕ کیس آو اسلَمس مَٹہِ تھاونہٕ
550,They assigned calculations to the management student only.,تِمو چُھ حِساب کِتاب صِرِف میٚنیجمٮ۪نٛٹ کٮ۪ن طالبہِ عٔلمن مَٹہِ تھوومُت
551,The assignment was completed successfully.,ذِمہ وٲری ٲس کامیٲبی سان مکمل کرنہٕ آمٕژ۔
552,They assist each other in their works.,تِمۍ چھِ اَکھ أکِس کامہِ منٛز پلزان
553,They did not receive any assistance.,تِمن میٖج نہٕ کانٛہہ تہِ مَدد
554,They needed an assistant to finish the work on time.,وقتَس پٮ۪ٹھ کٲم کَرنہٕ خٲطرٕ ٲس تِمن أکِس مَدد گار سٕنٛز ضٔروٗرَت
555,He is an associate of my brother's bussiness.,سُہ چُھ میٛٲنبِس بٲے سٕنٛدِ کارُک شٔریٖک۔
556,I don't associate the two ideas.,بہٕ چُھس نہٕ یِم زٕ خیال رلاوان۔
557,He is our new associate professor.,سُہ چُہ سون نوٚو اسوسِییٹ پرٛوفیسَر
558,He is my close associate.,سُہ چُُھ میٛون قٔریٖبی سٲتھی
559,It is considered prestigious to be associated with him.,تٔمِس سۭتۍ وابستہٕ آسُن چُھ با وٮ۪قار مانٛنہٕ یِوان
560,The organisations have a long association .,تنزیٖمَن چھےٚ پانہٕ وٲنۍ پرٛٲنۍ دوستی
561,He got the position because of his association with the ruling political party.,حُکُمران سِیٲسی جمٲژ سۭتۍ وابستہٕ گی آسنہٕ کِنۍ میلیٛوو تٔمِس یہٕ عۄہدٕ
562,Let us assume that he was out of station on that day.,أسۍ مانَو زِ سُہ اوس اَمہِ دۄہہ شہرٕ نٮ۪بَر
563,The Prime Minister will assume office from tomorrow.,ؤزیٖر اعظم سمبالہِ پگہہِ پٮ۪ٹھٕ عۄہدٕ
564,She assumed a happy look on her face,سۄ ٲس ہاوان زِ سۄ چھےٚ خۄش
565,It was easy to assume that he was guilty.,یہِ انٛدازٕ لَگاوُن اوس سَہل زِ سُہ چُھ خطاوار
566,I am afraid your assumption is not true.,مےٚ چُھ باسان زِ چون خَیال چُھ نہٕ صٔحی
567,His assumption of supreme power in the office was not liked.,تٔمۍ سٕنٛدِ تھدِ پایُک طاقت آسنُک برٛم اوس نہٕ دفتَرَس منٛز کٲنٛسہِ تہِ پَسنٛد
568,He gave me his assurance that he will finish the job on time.,تٔمۍ دیُت مےٚ بَروسہٕ زِ سُہ مۄکلاوِ وقتَس پٮ۪ٹھ کٲم
571,He knew his future by studying astrology.,عٔلمِہ نٔجوٗمی پرنہٕ کِنۍ ٲس تٔمِس پنٛنہِ مُستقبِلٕچ زانٛکٲری
572,I wanted to be the first astronaut to set foot on the moon.,بہٕٕ اوسُس زوٗنہٕ پیٚٹھ قدم تھاون وول گۄڈنیُک خٕلا باز بنُن یژھان۔
574,The exile poet asked for an asylum.,جَلاے وطن شٲعِرَن مٔنٛج چَھپَن جاے
575,Akbar was finally sent to an asylum for mental treatment.,ٲخٕر آو اکبر ذہنی اعلاج خٲطرٕ پاگل خانہٕ سوزنہٕ۔
577,The function was held at the school ground.,فنٛگشَن آو مدرَسہٕ کِس مٲدانَس منٛز مُنٛعقد کَرنہٕ
578,It is very cold at night.,راتھ کیُتھ چھےٚ واریاہ تۭر آسان۔
579,He is good at painting.,سُہ چُھ پیٹِنٛگ منٛز اَصٕل
580,The meeting was held at the Central Office..,میٖٹِنٛگ آیہِ مرکٔزی دفتَرس منٛز مُنٛعقد کَرنہٕ
582,She works at a school for the handicapped.,سۄ چھےٚ موزوٗرن ہِنٛدِس مدرسس منٛز کٲم کران۔
583,She stayed at her parents` for the whole vacation.,تٔمۍ گُزٲر پَنٕۍ سٲرٕے چُھٹی پنٛنِس مٲلِس ماجہِ نِش
584,At night the sky was totally clear.,راتھ کیُتھ اوس آسمان پوٗرٕ صاف
585,Giri is an athletic man.,گِری چُھ اَکھ گِنٛدَن وول نَفر
586,Pollution causes great harm to the atmosphere.,آلوٗدگی چھےٚ ماحولَس سٮ۪ٹھا نۄقصان واتناوان
587,We didn't have an atom of food.,اسہِ اوس نہٕ کھیٚنُک اکھ زرٕ تہِ۔
588,The first atomic bomb was made in America.,گۄڈنیُک ایٚٹم بمب اوس امریکاہس منٛز بناونہٕ آمُت۔
589,I attached my photograph with the form.,مےٚ تھوو پَنُن فوٹو فارمَس سۭتۍ
590,You need to attach all the relevant papers.,تۄہہِ چِھو تَمام مُتعلہٕ کاغزات سۭتۍ تھاوٕنۍ
591,The young puppy attached itself to my mother.,لۄکٕٹۍ ہوٗنہِ بَچن چھےٚ میٛانہِ ماجہِ پَنٕنۍ ماے کٔرمٕژ
592,His property was attached for non-payment of taxes.,ٹیٚکسٕچ ادایگی نہ کرنس پیٚٹھ أسۍ تٔمۍ سٕنٛز مِلکیت ضبط کرنہٕ آمٕژ۔
593,He doesn't want to go on a tour because he is attached to his mother.,ماجہِ سۭتۍ لَگاو آسنہٕ کِنۍ چُھ نہٕ سُہ یَژھان سفرَس نیرُن
594,The town was under attack.,قصبہٕ اوس حملہٕ کِس زَدس منٛز
595,The enemy forces attacked the outpost during the night.,دُشمَن فوجَن کوٚر راتھ کیُتھ نیٚبرِمہِ چوکہِ پٮ۪ٹھ حملہٕ
596,He was attacked by a group of youths.,تٔمِس پیٚٹھ آو نوجوانن ہِنٛدِ اکہِ جمٲعژ ہِنٛدِ طرفہٕ حملہٕ کرنہٕ۔
597,We attained our goals by hard work and sincerity.,محنٛت تہٕ دِلہٕ جانہٕ کٲم کَرنہٕ سۭتۍ گٔیہِ أسۍ پَنٕنۍ مقصد حٲصِل کرنَس منٛز کامیاب
598,He wants to get over all his responsibilities before atttaining retirement.,سُہ چُھ رِٹایرمیٚنٛٹَس واتنہٕ برٛونٛہہ پنٛنہِ سارے ذموٲریہٕ نَکھٕ والُن یَژھان
599,The rescue attempt for the victims were hindered by the bad weather.,مُتٲثِریٖن بَچاونٕچ کوٗشِشہِ منٛز آیہِ خَراب موسمہٕ کِنۍ رُکاوٹ
600,The prisoners attempted to escape from the prison.,قٲدٮ۪و کٔر جیلہٕ منٛزٕ ژلنٕچ کوٗشِش
601,Many people attended the funeral.,واریاہَو لُکو کٔر جِنازَس منٛز شٔموٗلِیت
603,He had a number of matters to attend to.,تٔمِس چُھ واریاہَن معاملَن تَوَجہ دیُن
604,The issue came to his attention through media.,یہِ مسلہٕ آو میٖڈیا کہِ ذٔریعہٕ تٔمۍ سٕنٛدِس توجس منٛز۔
605,The soldiers were commanded to stand in attention.,سِپہَن آو ہُشٲری سان کھڑا روزنُک حُکُم دِنہٕ
606,We kept all the boxes in the attic.,اَسہِ تٔھوٚو سٲری ڈَبہٕ کٲنی منٛز
608,Hari was his attorney in the lawcourt.,ۂری اوس تٔمِس عَدالتَس منٛز ؤکیٖل
609,His voice attracted everyone in the hall.,ہالَس منٛز موجود سارنی لُکن گٔیہِ تٔمۍ سٕنٛزِ آوازِ کُن کٔشِش
610,The place has several tourist attractions.,یَتھ جایہِ چھِ سَیاحَن خٲطرٕ واریاہ دِل کَش مُقامات
614,The audience were impressed by her lecture.,ناظریٖن گٔیہِ تٔمۍ سٕنٛدِ تقریٖر سۭتۍ مُتٲثِر
615,The governor agreed to give an audience to the demonstrators.,گَورنَر گوٚو مُظٲہِریٖنَن حاضرین دِنَس پٮ۪ٹھ رٲز
616,The auditorium was left open for the public.,آڑِٹورِیَم اوس عوامہٕ خٲطرٕ یَلہٕ ترٛاونہٕ آمُت
618,My aunt is coming to spend the vacations with us.,میٛٲنۍ پۄپھ چھےٚ اَسہِ سۭتی چُھٹی مَناونہٕ خٲطرٕ اَسہِ
620,It was not an authentic evidence to prove him guilty.,سُہ قٔصوٗر وار ثٲبِت کَرنہٕ خٲطرٕ اوس نہٕ یہِ صٔحیح ثٔبوٗت
621,He is an authentic man.,سُہ چُھ اَکھ صٔحیٖح نَفر
622,The corner shop keeps authentic French Cheese.,کوٗنکِس دُکانَس چھےٚ آسان اصلی فرٛانٛسٕچ ژامَن
624,Dostoevsky is my favorite author.,ڈوسٹووِسکی چُھ میٛون پَسنٛدیٖدٕ أدیٖب
625,Ram is the chief author of the proposal.,رام چُھ تجویٖز نامُک اَہم مُصَنِف
626,Ram authorised him to handle the business.,رامَن دیُتھ تٔمِس کارٕبار سمبالنُک اِختیار
627,The area is not authorised for commercial purpose.,یَتھ جایہِ چُھ نہٕ تِجٲرتی معاملَن خٲطرٕ اِجازت دِنہٕ آمُت
628,Ram has the authority to suspend his laborers.,رامَس چُھ پَنٕنۍ مٔزوٗر معطل کرنُک اِختیار
629,It was done without the teacher`s authority.,یہِ اوس اُستاد سٕنٛدِ اِجازتہٕ بغٲر کَرنہٕ آمُت
630,She has an authority in her department.,تِٔمِس چُھ پنٛنِس محکَمَس منٛز اِختیار
631,His authority is weakening day by day.,تٔمۍ سُنٛد اقتدار چُھ دۄہ کھۄتہٕ دۄہ کمزور گژھان۔
632,Ram authorized him to handle his business.,رامَن دیُتھ تٔمِس کارٕبار سمبالنُک اِختیار
633,His visit was not authorized.,تٔمۍ سٕنٛدِس دورَس اوس نہٕ اِجازَت دِنہٕ آمُت
634,The auto industry is booming.,گاڑیٚن سۭتۍ وابستہٕ صنعت چھےٚ ترقی کران۔
635,He bought an auto to earn his livelihood.,پنُن روزگار زینٛنہٕ خٲطرٕ اوٚن تٔمۍ آٹو۔
636,We would prefer to buy fully automatic washing machine.,أسۍ یَژھو پورٕ آٹومیٚٹِک پَلَو چھلنٕچ مِشیٖن ہیٚنۍ
637,The machine is fully automatic.,مِشیٖن چھےٚ پوٗرٕ پٲٹھۍ پانَے چلن واجیٚنۍ۔
638,The door opened automatically.,دروازٕ گوٚو پانَے یَلہٕ
639,The automobile boom has also created devastation of some kind.,موٹر گٲڑٮ۪ن ہُنٛد بازرَس منٛز بَڑنہٕ سۭتۍ گٔیہِ اَکہِ قٕسمٕچ تَبٲہی
640,The University wants to have an autonomy from the government.,یُنوَرسِٹی چھےٚ حُکوٗمتَس نِش آزٲدی یَژھان
641,Trees shed leaves during autumn.,ہَردَس منٛز چھِ کُلٮ۪ن پَنہٕ ؤتٕھر پٮ۪وان
642,The ready availability of guns is responsible for wide spread violence.,بٔنٛدوٗقَن ہِنٛز آسٲنی سان دٔستِیٲبی چھےٚ تٔھدِس پیٚمانَس پٮ۪ٹھ پھٲلَن والِس تشدُدَس ذِموار
643,They have to manage within the available space.,یۄس جاے دٔستِیاب چھےٚ تِمن چُھ تٔتھۍ منٛز گُزارٕ کَرُن
644,He will be available in the afternoon.,سُہ آسہِ دُپہارس موجود۔
646,An avenue to success is found by dedication and hardwork.,کامیٲبی ہِنٛز وَتھ چھےٚ یِوان وقف تہٕ محنٛتہٕ سۭتۍ لَبنہٕ
648,The average marks for the admission to the course is 50%.,کورسَس منٛز دٲخلہٕ خٲطرٕ چھِ اَوسَط نمبَر پنٛژہ فیٖصَد
649,This car runs an average of 40 miles an hour.,یہِ گٲڑۍ چھےٚ اَوسَطن ژتجی میٖل فی گٲنٛٹہٕ پَکان
650,I averaged the price of meat in four nearby stores.,مےٚ کٔڑ ژۄن نزدیٖکی دُکانن منٛز ماز کہِ قۭمتُک اوسط۔
651,One should not avoid the responsibilities.,اسہِ پَزن نہٕ ذموٲریہٕ ٹالنہِ
654,Farmers await for rain for their crops.,زٔمیٖن دار چھِ پنٛنہِ فصلہٕ خٲطرٕ روٗدَس پیٛاران
655,It is difficult to stay awake the whole night.,پوٗرٕ راتس ہُشارٕ روزُن چُھ مُشکِل۔
656,Hari awoke Mina at six in the morning.,ۂریَن وٕزنٲو مِنا صُبَس شیٚیہِ بَجہِ
657,The children were wide awake.,شُرۍ ٲسۍ پوٗرٕ ہُشارٕ
658,She received an award for an excellent performance.,تٔمِس میٛلیوو بہتٔریٖن کارکردٕگی خٲطرٕ انعام
660,She was awarded for her good work.,تٔمِس آو پنٛنہِ جان کامہِ خٲطرٕ اعزاز دِنہٕ۔
661,They awarded the best film title to Shyam Benegal`s film.,تِمو دیُت شِیام بینیگَل سٕنٛزِ فِلمہِ بہتٔریٖن فِلمہِ ہُنٛد خٕطاب
662,I was not aware of the time.,بہٕ اوسُس وقتَس نِش بےٚ خَبر
663,Be aware of the dogs.,ہونٮ۪ن نِش روٗزِو ہوشیار
665,My birthday is only a week away from today.,میٛون زاے دۄہ چُھ أزۍ کہِ پٮ۪ٹھٕ صِرِف اَکھ ہفتہٕ دوٗر
667,They worked away for three days to get it finished.,سُہ مۄکلاونہٕ خٲطرٕ کٔر تِمو ترٛٮ۪ن دۄہَن لَگاتار کٲم
668,The sight of starving children is too awful to see.,پھاکہٕ سۭتۍ مَرن والٮ۪ن شُرٮ۪ن ہُنٛد حال چُھ آسان سٮ۪ٹھا ہٲبتھ ناک
669,It was an an awful movie.,یہِ ٲس اَکھ دَہشت ناک فِلِم
670,He has an awkward mannerism.,تٔمِس چھِ بےٚشوٗب اَدب
671,Driving down this road is quite awkward.,یَتھ وَتہِ پٮ۪ٹھ گٲڑۍ چلاوٕنۍ چھےٚ واریاہ کھروٕنۍ
672,She found herself in an awkward situation.,تٔمِس باسیٛوو پَنُن پان عٔجیٖٖب حالتہِ منٛز
673,The earth moves on its axis.,زمیٖن چھےٚ پنٛنِس دُرس پیٚٹھ حرکت کران۔
674,Her baby girl is really cute.,تٔمۍ سُنٛد کورِ بَچہٕ چُھ سٮ۪ٹھا خۄشوُن
675,She was babied by all the family members.,سۄ ٲس گرِ کیٛو تمام بٲژو رٔچھمٕژ۔
676,He hurt his back in an accident.,حٲدِثَس منٛز لوٚگ تٔمِس کمبرَس
677,The football is at the back of the cupboard.,فُٹ بال چھےٚ المارِ ہِنٛدِس پٔتۍمِس طرفَس
678,Sachin returned back to his grandparents house.,سَچِن آو واپَس پنٛنِس نانہِ بٕڑۍبَب سٕنٛدِس گَرَس منٛز
679,She kept looking back for her friend.,سَۄ روٗز پنٛنہِ ویٚسہِ ہِنٛدِ مۄکھٕ پَتھ کُن وٕچھان
681,I saw the film a few years back.,کیٚنٛہہ ؤری برٛونٛہہ وٕچھ مےٚ یہِ فِلِم
682,We must not turn our back to our duties.,اَسہِ پَزِ نہٕ پنٛنٮ۪ن فرٲیضن نِش پَتھ روزُن
683,She is backed by the ruling party in her state.,تٔمِس چھےٚ پنٛنہِ رِیاستٕچ حُکمرٲنی جماعت حِمایَت کَران
685,He backed our project wholly.,تٔمِۍ کٔر سٲنِس منٛصوٗبَس پوٗرٕ پٲٹھۍ حمایَت
686,They were very eager to inquire about her background.,تٔمۍ ٲسۍ تٔمۍ سٕنٛدِس ژٔکِس مُتعلق پرٛژھنہٕ خٲطرٕ سیٚٹھا بےٚ قرار۔
687,The painting has a blue and green background.,تصویٖرِ چُھ نیٛوٗل تہٕ سبٕز پوٚت منظر۔
688,We are financially backward in comparision to our friends.,مٲلی طور چھِ أسۍ دوستَن ہِنٛدِس مُقابلَس منٛز پَسمانٛدٕ
689,He gave a backward glance.,تٔمۍ دِژ پوٚت نَظر
690,These medicines are for bacterial infections.,یِم دَواہ چھِ جَرٲسیٖمی اِنفیٚکشَنن خٲطرٕ
691,The picnic was spoiled by bad weather.,خَراب موسم آسنہٕ کِنۍ روو پِکنِکُک مَزٕ
692,He is going through a bad period.,تٔمِس چُھ خَراب وقت چَلان
693,Aslam's accident was quite a bad one.,اسلَمُن حٲدثہٕ اوس سٮ۪ٹھا تَباہ کُن
694,I`m afraid that I`ve badly hurt him.,مےٚ چُھ ڈر زِ مےٚ چُھ تٔمِس خطرناک پٲٹھۍ دۄکھ واتنوومُت
695,I carry the bag whenever I go to the market.,بہٕ ییٚلہِ تہِ بازر گَژھٕ بہٕ چُھس ٹھیلہٕ سۭتۍ نِوان
696,I lost my bag in the market.,مےٚ رٲو بازرس منٛز گۄژٕر۔
699,He bagged two deers.,تٔمۍ رچہِ زٕ روٗسۍ کچہِ۔
701,One should try to achieve a proper balance between work and play.,اَسہِ پَزِ کامہِ کارَس تہٕ گنٛدنَس درمِیان مُنٲسِب تَوازُن تھاونٕچ کوٗشِش کَرٕنۍ
702,We shall weigh it on the balance.,أسۍ تولو یہِ ترٛکرِ پیٚٹھ۔
703,Their balance is fifty thousand rupees.,تِمن چھِ پنٛژاہ ساس رۄپیہِ بقایا۔
704,Ram is playing with ball.,رام چُھ پینٛدِ گِنٛدان
705,Rani is throwing her ball.,رانی چھےٚ پَنٕنۍ پینٛد لَگاوان
706,It is a very interesting ballet.,یہِ چُھ اَکھ واریاہ دِلچسپ پٲتٕھر
707,This conclusion will drive me ballistic.,یہِ نتیٖجہٕ بناوِ مےٚ تیشل۔
708,Many balloons were floating in the air.,واریاہ پھۄکٕہ ڈیوٗنٛگۍ ٲسۍ ہَوہَس منٛز ییٖران
709,They decided to hold a ballot.,تِمو کوٚر اِنتِخاب منعقد کرنُک فٲصلہٕ۔
710,The party decided to ballot its members.,جمٲژ کوٚر مُقرر زِ تِم دِنۍ ووٹ پنٛنٮ۪ن رُکنَن
711,There is a ban on smoking in public places.,عوٲمی مُقامَن پٮ۪ٹھ چھےٚ سِگریٹ چیٚنَس پٮ۪ٹھ پابنٛدی
712,The film was banned.,فِلمہِ اوس ٹھاک لاگنہٕ آمُت
713,Banana is good for health.,کیل چھےٚ صحتہٕ خٲطرٕ اَصٕل
716,There were beautiful gardens developed on both the banks of river.,دٔریاو کٮ۪ن دۄشوٕنِے بَٹھٮ۪ن پٮ۪ٹھ ٲسۍ لوٗبوٕنۍ باغ بَناونہٕ آمٕتۍ
717,Ram banks his surplus money.,رام چُھ علاوٕ رۄپیہِ بینٛکَس منٛز تھاوان
719,"Pizza is available at all times,barring sunday evenings.",آتھوار شامَس وَرٲے چُھ آسان پیٖزا ہر وِزِ دٔستِیاب
720,They immediately barred the door from inside and switched off the lights.,تِمو کوٚر فورَن دروازٕ أنٛدٕرۍ کِنۍ بنٛد تہٕ کَرٮ۪کھ بَتہِ ژھٮ۪تہٕ
721,Troops barred the road so we had to turn back.,فوجَو کٔر سَڑَک بنٛد تَوَے پیٛوو اَسہِ واپس گَژُھن
722,"The whole group is leaving, bar two students.",پوٗرٕٕ جماعت نیرِ، بغٲرِ زٕ طٲلبہِ عٔلم۔
723,I saw Ram walking into the bar.,مےٚ وُچھ رام شَراب خانَس منٛز اَژان
724,They fitted bars to their windows for safety.,حِفاظتہٕ خٲطرٕ لٲگۍ تِمو پنٛنٮ۪ن دارٮ۪ن سیٖکھ
726,The hero was fighting with bare hands in the film.,ہیٖرو اوس فِلمہِ منٛز ژھرۍوٕے اَتھو لَڑان
727,His bare dislike for bribery is known to all.,رِشوَت خوری خٲطرٕ تیٚمۍ سٕنٛز نَنہِ وانہٕ ناپَسنٛدگی چھےٚ سارنی پَے
728,He presented the bare facts of the case before the judge.,تٔمۍ کٔر مُنصِفَس برٛونٛہہ کَنہِ کیسٕچ نٔنۍ حٔقیٖقت پیش
729,She bared her veiled face.,تٔمۍ کٔوٚڑ پَنُن باپردٕ بُتھ نوٚن
731,Ram could barely pass in the exam.,رام درٛاو اِمتِحانَس منٛز مُشکِلن پاس
732,He has barely paid 6% advance rent.,تٔمۍ چھےٚ تقریٖبَن شیٚیے فیٖصدکِرایہٕ گۄڈٕ بٔرمٕژ
733,We will give you a good discount as part of the bargain.,دَرٕدَرٕ کَرنہٕ مۄکھٕ دِمو أسۍ تۄہہِ قۭمتَس منٛز اصٕل رِعایت
734,We have to bargain in order to buy something at less price.,کانٛہہ چیٖز کم قۭمتَس پٮ۪ٹھ انٛنہٕ خٲطرٕ چھےٚ اَسہِ درٕدرٕ کَرٕنۍ
735,Barge is used for carrying heavy loads on rivers or canals.,مال تُلنٕچ ناو چھےٚ یِوان دریاون تہٕ نالن پیٚٹھ گوٚب سامان تُلنہٕ خٲطرٕ اِستعمال کرنہٕ۔
736,We can't just barge into a private garden.,أسۍ ہیٚکو نہٕ ذٲتی باغس منٛز أژِتھ۔
737,The dog was barking loudly at the night.,ہوٗن اوس راتھ کیُتھ بَڑِ وۄپھراے کَران
738,Sometimes they stay overnight at the barn.,کُنہِ ساتہٕ چھِ تِم راتَس کُچھِ منٛزٕے روزان
739,Oil is stored in barrels.,تیٖل چُھ یِوان پیٖپَس منٛز جمع تھاونہٕ
742,They spend most of their time in discussing base motives.,تِم چھِ پَنُن زیادٕ تر وقت بُنیٲدی مقصَدن پٮ۪ٹھ بَحث کَرنس منٛز گُزاران
743,His argument has no profound base.,تٔمۍ سٕنٛدِس بحثث چھےٚ نہٕ کانٛہہ خاص بُنیاد
744,My finding is based on this research.,میٛٲنۍ نَتایِج چھِ یَتھ تحقیٖقَس پٮ۪ٹھ بُنیاد
745,He plays baseball.,سُہ چُھ بیس بال گِنٛدان۔
746,Goods are kept in the basement.,مال چُھ آمُت تَہہ خانَس منٛز تھاونہٕ
748,His basic problem is with the spoken language.,تٔمۍ سُنٛد بُنیٲدی مسلہٕ چُھ بولنہٕ یِنہٕ واجنہِ زبٲنۍ سۭتۍ۔
749,Basically he is a hard-working person.,بِذٲتی چُھ سُہ محنٛتی نَفر
750,I didn`t find any basis in his argument.,تٔمۍ سٕنٛزِ دٔلیٖلہِ ہِنٛز باسے نہٕ مےٚ کانٛہہ تہِ بُنیاد
751,They picked three basket of apples.,تِمو تُجہٕ ترٛے ژوٗنٛٹۍ ٹوٗکرِ
752,I bought a new bat for my nephew.,مےٚ اوٚن پنٛنِس بابتٕھرَس خٲطرٕ نوٚو بیٹ
753,Most bats are about the size of a mouse and they use their teeth to grind up insects,زیادٕ تر راتٕہ کرٛیٖل چھِ آسان گَگرَس سُمب تہٕ تِم چھِ دنٛدَو سۭتۍ کیٚمۍ ژاپان
754,Hari was batting when the game had to be abandoned due to rain.,روٗد پٮ۪نہٕ کِنۍ ییٚلہِ کھیل بنٛد کَرنہٕ آو تَمہٕ ساتہٕ اوس ۂری بیٹِنٛگ کَران
755,He takes bath every morning.,سُہ چُھ پرٛٮ۪تھ صُبحس سرٛان کران۔
756,You bathe in cold water.,ژٕ کَر تٕرنہِ آبہٕ سرٛان
758,They are all good batsmen.,تِم سٲری چھِ جان بلہ باز۔
759,He is a good batsman.,سُہ چُھ اکھ اصٕل بیٹِنٛگ کرن وول۔
760,There is a wooden batten in the drawing room.,پٔژھۍ کُٹِھس منٛز چُھ لٔکرِ ہُنٛد تختٕہ
762,The battery is not charged yet.,بیٹری چھےٚ نہٕ وٕنھِ چارٕج گٔمٕژ
763,He is the battery commander.,سُہ چُھ توفہِ خانُک سردار
764,He was praised for his batting in the match,میچَس منٛز بہتٔریٖن بیٚٹِنٛگ خٲطرٕ آیہِ تٔمِس تٲریٖف کَرنہٕ
765,Tipu Sultan was killed in the battle at Seringapatnam.,ٹیٖپوٗ سُلطان آو سیٚرِنٛگا پٹنام کِس جنٛگَس منٛز مارنہٕ
768,I heard the bay of hunting dogs last night.,پٔتۍمہِ رٲژ بوٗز مےٚ شِکٲرۍ ہونٮ۪ن ہِنٛز وۄہٕھرارَے
769,We can add bay leaf to the dish.,أسۍ ہیٚکو سِنِس منٛز تیز پتہٕ اِستعمال کٔرِتھ۔
770,The hunting dogs were baying at night.,شِکٲرۍ ہوٗنۍ ٲسۍ راتھ کیُتھ وولان
771,"I know you must be tired, so i will let you rest",مےٚ چھےٚ پَے زِ ژٕ آسَکھ تھوٚکمُت لحاظا دِمَے بہٕ ژےٚ آرام کَرنہٕ
772,Don`t worry be happy.,مَہ ہےٚ فِکِر روز خۄش
773,Goa is very famous for its beautiful beaches.,گَوا چُھ لوٗبوٕنۍ سوٚدرٕکٮ۪ن بَٹھٮ۪ن خٲطرٕ سٮ۪ٹھا مٔشہوٗر
775,Woodpecker has a sharp beak.,سَتتِس چھےٚ آسان تیز تونٛتھ
777,A beam of light entered the room through the window.,کُٹِھس منٛز ژایہِ دارِ کِنۍ اَکھ گاشہٕ لَو
778,She is always full of beam and happiness.,سۄ چھےٚ آسان ہَمیشہٕ خۄش تہٕ خۄشحال
779,The sunrise beamed on the whole island.,تٔاپہٕ سۭتۍ آو پوٗرٕ لانٛکھ گاشراونہٕ
780,She was beaming with joy.,سۄ ٲس نہٕ خوشی سۭتۍ وٮ۪ژٲنی
781,I like to have rice with beans.,مےٚ چھےٚ بَتَس سۭتۍ ہٮ۪مبہٕ کھیٚنہِ خۄش کَران
782,I saw a bear in the field.,مےٚ وُچھ کھہَس منٛز اَکھ ہاپُت
783,She bears the title of a Great lady.,تٔمۍ چُھ أکِس عظیٖم زنانہٕ ہُنٛد خٕطاب برقرار تھوومُت۔
784,I cannot bear his constant criticism.,بہٕ ہٮ۪کہٕ نہٕ تٔمۍ سُنٛد لَگاتار تنٛقیٖد برداش کٔرِتھ
785,She is bearing her husband's child.,تٔمِس چُھ پنٛنِس خانٛدارٕ سُنٛد بَچہٕ ہٮ۪نہٕ آمُت
786,My father has a long beard.,میٲنِس مٲلِس چُھ زیوٗٹھ ریش
787,He was brave enough to beard his senior on this issue.,سُہ اوس یوٗت دِلیر زِ سُہ ہیٚکہِ ہا یتھ مسلس منٛز پنٛنِس زِٹِھس سۭتۍ مُقابلہٕ کٔرِتھ۔
788,He could feel the beat of her heart.,سُہ اوس ہٮ۪کان تَسٕنٛدِ دِلٕچ دُبرارے محسوٗس کٔرِتھ
789,He heard the beat of a drum.,تٔمۍ بوٗز ڈولٕچ تال
790,He was beaten in a cricket match.,سُہ آو کِرکٹ میچس منٛز ہارناونہٕ۔
791,While walking down the street he was beaten up by thugs.,سڑکہِ پٮ۪ٹھ پَکان پَکان لوے تٔمِس غُنڈَو۔
792,He kept on beating on the door but no one opened it.,سُہ روٗد بَرس ٹُھک ٹُھک کَران مَگر کٲنٛسہِ تہِ کُھلوونَس نہٕ
794,Hailstorms beat against the windows.,طوٗفانَس منٛز آو ڈوٹھ دارٮ۪ن لاینہٕ
795,The sun was beating down on us,اَسہِ آسہٕ تاپہٕ ژنٛجہِ پٮ۪وان
796,I beat the egg to make omelette.,آملیٹ بَناونہٕ خٲطرٕ پھینٛٹھۍ مےٚ ٹھوٗل
797,She beat her breast out of fear.,خوفہٕ سۭتۍ دِتۍ تٔمۍ پنٛنہِ چھاتہِ دٔگۍ
798,I saw a beautiful child in the park.,مےٚ وُچھ باغس منٛز اَکھ خۄشوُن بَچہٕ
799,She handled this matter beautifully.,تٔمِۍ سمبول یہٕ معاملہٕ خۄشوٕنِس انٛدازَس منٛز
800,Kashmir has enormous natural beauty.,کٔشیٖرِ منٛز چھےٚ سٮ۪ٹھا زیادٕ قۄدرٔتی خوٗبصوٗرتی
801,I couldn`t attend the school because I was not well.,بہٕ ہیٛوکُس نہٕ اَز مدرَسہٕ گٔژِھتھ کیٛازِ کہِ بہٕ اوسُس ناٹھیٖکھ
802,I wish to become a doctor.,مےٚ چھےٚ ڈاکٹر بنٛنٕچ خٲہِش
803,He became irritable.,سُہ گوٚو تنٛگ مِزاز۔
804,I want to become a pilot.,بہٕ چُھس یَژھان پایلاٹ بَنُن
805,We have to read in order to become wise,دانا بنٛنہٕ خٲطرٕ چُھ پٮ۪وان پَرُن
806,She becomes beautiful with each passing day.,سۄ چھےٚ دۄہ کھۄتہٕ دۄہ خوبصوٗرت بنان۔
807,"Do not talk too much, it's not becoming.",زیادٕ کتھٕ مہٕ کٔرِو، یہِ چُھ نہٕ مُنٲسِب۔
809,The gardener watered the bed of roses.,باغوانن دیُتھ گۄلاب کٮ۪ن ڈورٮ۪ن سَگ
810,He searched for treasure on the ocean bed.,سُہ اوس سوٚدرٕ کس ژٔکِس منٛز خَزانہٕ ژھانٛڑان
811,The railway tracks are laid on a bed of stones.,ریلہِ ہِنٛزٕ پٹرِ چھےٚ کَنہِ وَتھرٕنِس پٮ۪ٹھ بَناونہٕ آمٕژ
812,I have to set a bed for her.,مےٚ چُھ تٔمۍ سٕنٛدِ خٲطرٕ بِستَر ترٛاوُن
813,He sat on the edge of the bed.,سۄ بیٖٹھ بِستَر کِس کوٗنَس پٮ۪ٹھ
814,The bed of flowers added to the beauty of the park.,پوشہٕ ڈورٮ۪و کوٚر باغچہِ خوٗبصوٗرتی منٛز اِضافہٕ
815,The inn could bed all the new arrivals.,سَراے ٲس سارنی یِنہٕ والٮ۪ن ہٮ۪کان روزنٛہٕ خٲطرٕ جاے دِتھ
816,The gardener bedded the roots in the compost.,باغوانَن ؤوۍ موٗل کھادِ منٛز
817,He has bedded many girls.,سُہ چُھ واریاہن کوریٚن سۭتۍ شوٚنٛگمُت۔
818,Her bedroom is upstairs.,تٔمۍ سُنٛد شۄنٛگن کُٹھ چُھ ہیٚرِ۔
819,She was stung by a bee.,تٔمِس ٲس تُلرِ ٹۄپھ دِژمٕژ
820,I want you to be here before lunch.,بہٕ چُھس یَژھان زٕ ژٕ گوٚژھکھ کوجہٕ برٛونٛٹھ یور واتُن
821,She was sitting before me.,سۄ ٲس مےٚ برٛونٛٹھ کَنِہ بِہِتھ
822,He stood up before a big crowd.,سُہ گوٚو أکِس بٔڑِس ۂجوٗمَس بٕتھِ کَنہِ کھڑا
824,Night came on before he had finished his work.,تٔٔمۍ سٕنٛز کٲم مۄکلٕنہٕ برٛونٛٹٕھے گوٚو شام
826,I had known her before you introduced her to me.,سۄ ٲسَن بہٕ چانہِ تعارُف کرناونہٕ برٛونٛہٕے زانان
827,I am talking of the fight before lunch.,بہٕ چُھس کوجہٕ برٛونٛہمِہ لَڑایہِ ہِنٛز کَتھ کَران
828,My brother has a habit to look over the newspaper before going to his office.,میٛٲنِس بٲیِس چُھ دفتَر نیرنہٕ برٛونٛہہ اخبار پرنُک عادت
829,He has befuddled himself by drinking.,تٔمۍ چُھ شَراب چٮ۪تھ پَنُن پان بےٚ خۄد کوٚرمُت
830,He was begging on the road.,سُہ اوس وَتہِ پٮ۪ٹھ بیٚچھان
831,I beg you to stop drinking!,بہٕ چُھسَے ژےٚ عٲجزی کَران زِ ژٕ ترٛاو شَراب چوٚن
832,The programme begins late in the evening.,پرٛوگرام چُھ شامَس شُروٗع گَژھان
833,They will begin the programme in the evening.,تِم کَرن دِگرَس پرٛوگرام شُروٗع
834,I enjoyed my work in the beginning.,مےٚ آو آغازس منٛز پنٛنہِ کامہِ لُطُف
835,She was calling on behalf of her friend.,سۄ ٲس پنٛنہِ ویٚسہِ ہِنٛدِ بدلہٕ فون کَران
836,He behaves decently with everyone.,سُہ چُھ سارنی سۭتۍ اَصٕل سٔلوٗک کَران
837,He is known for his decent behaviour.,سُہ چُُھ پنٛنہِ شٲیِستہٕ تہٕ زَبر طٔریٖقہٕ خٲطرٕ مانٛنہٕ یِوان
838,She was sitting behind me.,سۄ ٲس مےٚ پَتہٕ کَنہِ بِہِتھ
839,The sun disappeard behind the clouds.,آفتاب گوٚو اوٚبرَس پٔتۍ کِنۍ غٲب
840,She came from behind.,سۄ آیہِ پٔتۍ کِنۍ
841,But the pleasant summer has winter behind it.,مَگر خۄشوٕنہِ رٮ۪تہٕ کالہِ پَتہٕ چُھ ونٛدٕ یِوان
842,We did not know how it came into being.,اَسہِ چھےٚ نہٕ پَے زِ تٔمۍ سُنٛد ؤجوٗد کِتھ کٔنۍ سپدیوو مُمکِن
843,He is a spiritual being who detests violence.,سۄ چھےٚ اَکھ روٗحٲنی شخصِیَت یَس تشدُدَس سۭتۍ سٮ۪ٹھا نفرَت چھےٚ
844,We all have a purpose of our being.,سارنی چُھ پنٛنہِ ووٚجوٗدُک اَکھ مقصَس آسان
845,I have firm belief in Akbar.,مےٚٚ چُھ اکبَرس پٮ۪ٹھ پوٗرٕ یٔقیٖن
846,You should believe in God.,اَسہِ پَزِ خۄدایَس پٮ۪ٹھ یٔقیٖن تھاوُن
847,Her neighbours believe that she was murdered.,تٔمۍ سٕنٛدٮ۪ن ہمسایَن چُھ یٔقیٖن زِ سۄ اس آمٕژ قَتل کرنہٕ
848,He rang the door bell.,تٔمۍ وٲے دروازٕچ گنٛٹی
849,Aslam fills his belly with nuts and sweets.,اسلَم چُھ پَنٕنۍ یَڑ ہۄکھٕ پھل تہٕ مِٹھایَو سۭتۍ بَران
850,He belongs to a well-to-do family.,سُہ چُھ أکِس اصلس گَرَس سۭتۍ تعلُق تھاوان
851,Her beloved daughter is arriving tomorrow.,تِہِنٛز ٹٲٹھ کوٗر چھےٚ پَگاہ یِنہٕ واجیٚنۍ
853,She has scored below 80% marks.,تٔمۍ چھِ 80% کھۄتہٕ کم نمبر حٲصِل کٔرۍمٕتۍ۔
854,The pen was lying below the books.,قَلم اوس کِتابَن تَلہٕ کَنِہ
855,He bought a black leather belt for his son.,تٔمۍ اوٚن پنٛنِس نیٚچِوۍ سٕنٛدِ خٲطرٕ چمروٗ بیٚلٹ۔
856,Lethpora is an industrial belt on the outskirts of Srinagar.,لٮ۪تہٕ پوٗر چُھ سِریٖنَگر کِس نیٚبرِمِس حِصَس منٛز اَکھ صنعتی علاقہٕ
858,Ali has been sitting on the bench for two hours.,عٔلی چُھ تختَس پٮ۪ٹھ پٔتۍمٮ۪و دۄیَو گٲنٛٹَو پٮ۪ٹھٕ بِہِتھ
859,The bench gave the judgement in his favour.,عَٔدالتَن دیُت تٔمۍ سٕنٛدِس حَقس منٛز فٲصلہٕ
860,Please bend this wire.,مہربٲنی کٔرِتھ ؤلِو یہِ تار
861,There is a bend ahead on the road.,سڑکہِ برٛونٛہہ کَنہِ چُھ اَکھ موڑ
862,It is very difficult to bend an iron rod.,شیٚشتٕر راڈ ۂج کَرٕنۍ چھےٚ سٮ۪ٹھا مِشکِل آسان
863,The cats huddled together for warmth beneath the blankets.,بیٛارِ سَمے اِکہٕ وَٹہٕ کملہِ تَل وٕشنیر کَرنہٕ خٲطرٕ
864,I dumped all my things beneath the bed.,مےٚ ژٕھنۍ پَنٕنۍ سٲری چیٖز پَلنٛگَس تَل
865,There are many benefits of nuclear energy.,جوہری توانٲیی ہِنٛدۍ چھِ واریاہ فٲیدٕ۔
866,The new facilities shall benefit the hostel inmates.,نَیَو سٔہوٗلیاتَو سۭتۍ واتہِ ہوسٹَلَس منٛز روزَن والٮ۪ن فٲیدٕ
868,She has strong musical bent.,تٔمِس چھےٚ موسیٖقی کُن سخ رغبت۔
869,He has been recently bereaved and is off work.,تٔمِس چُھ حالَے تٲزیَت ووتمُت تہٕ چھن کامہِ چُھٹی کٔرمٕژ
870,I am fond of berries.,مےٚ چھِ تُل سٮ۪ٹھا پَسنٛد
871,You can sit beside me.,ژٕ ہٮ۪کَکھ مےٚ نَکھہٕ بِہِتھ
872,He walks beside me.,سُہ چُھ مےٚ سۭتۍ پَکان
873,He sat beside me.,سُہ بیٛوٗٹھ مےٚ نِش
876,We all will be there at the party besides the children.,شُرٮ۪و علاوٕ آسَو أسۍ سٲری تہِ سالَس
877,That was the best way to solve the problem.,یہِ اوس مسلہٕ حَل کرنُک بٔتٔریٖن طٔریٖقہٕ
878,I work best in the morning hours.,بہٕ چُھس صُبحہٕ کہِ وقتہٕ اَصٕل پٲٹھۍ کٲم کَران
880,If we won the bet then we might place another one.,اَگر اَسہِ شَرٕط زیوٗن أسۍ ہٮ۪کو بیٛاکھ تہِ لٲگِتھ
881,He bets heavily on the cricket match.,سُہ چُھ کِرکَٹ میچَس پٮ۪ٹھ واریاہ زیادٕ شَرٕت لاگان
882,He was accused of betraying the organization.,تٔمِس اوس تنٛظیٖمہِ دونٛکٕھہ دِنُک اِلزام لاگنہٕ آمُت
883,Our destiny is getting better.,سون قٕسمَت ہیوٚتُن بہتَر گَژُھن
884,I want to have a better view of the match.,بہٕ چُھس یَژھان میچ اَصٕل پٲٹھۍ وُچُھن
885,Do whatever is better for you.,تی کٔرۍزٮ۪و یہِ تُہنٛدِ خٲطرٕ بہتر گَژھِ
887,The house is between two tall buildings.,یہِ مَکان چُھ دۄن تَزَن عمارتن منٛز باغ
888,The cupboard between the two tables is broken.,دۄن میزَن منٛزَس یۄس المٲرۍ چھےٚ سۄ چھےٚ پٕھٹمٕژ
889,The money was equally distributed between us.,اَسہِِ منٛز آیہِ بَرابر پونٛسہٕ بٲگراونہٕ
890,The house was situated between the trees.,مَکان اوس کُلٮ۪ن منٛزَس واقع
891,I will not go beyond my limits.,بہٕ نیرٕ نہٕ پنٛنٮ۪و حَدو نٮ۪بَر
892,His lectures are beyond my comprehension.,تٔمِۍ سٕنٛدۍ تقریٖر چھِ میٛانہِ سَمٕج نٮ۪بَر
895,They made highest bid for the old car.,تِمو لٲج پرٛانہِ گاڑِ خٲطرٕ ساروٕے کھۄتہٕ زیادٕ بوٗلۍ
896,Their bid for the old building was much higher as compared to that of others.,پرٛانہِ عمارتہِ خٲطرٕ تِہِنٛزب بوٗلۍ ٲس باقیَن ہِنٛدِ کھۄتہٕ واریاہ زیادٕ
897,They showed an interest in bidding for the company.,تِمن اوس کمپٔنی خٲطرٕ بوٗلۍ لاگنَس غَرٕض
898,He had a big decision to make.,تٔمِس اوس اَکھ بوٚڑ فٲصلہٕ نیُن
899,The big story was her wedding this week.,ییٚمہِ ہفتٕچ بٔڑ خَبر چھےٚ تٔمۍ سُنٛد خانٛدر
900,This last match is a big match for India.,یہِ ٲخری میچ چُھ ہِنٛدُستانَس خٲطرٕ اَہم
901,He has big ideas and plans in his mind.,تٔمۍ سٕنٛدِس ذہنَس منٛز چھِ بٔڑۍ بٔڑۍ خیالات تہٕ منٛصوٗبہٕ
902,It is still a big school.,یہِ چُھ وٕنِتہِ اَکھ مٔشہوٗر سٔکوٗل
904,He has a big heart and always loves to share things.,تٔمِس چُھ دِل ووٚتھ بیٚیہِ چھےٚ سۄ ہَمیشہٕ پَنٕنۍ چیٖز بیٚیَن دِوان
905,Aslam paid the bill at the hotel.,ہوٹلٕچ بِل کٔر اسلَمن اَدا
906,The bill of the sparrow is pointed.,ژَرِ ہِنٛز تونٛتھ چھےٚ آسان پیٚتۍ دار
907,It costed him a billion to set up an automobile industry,موٹر گاڈٮ۪ن ہِنٛز صنٛعت بَناونہٕ خٲطرٕ لوٚگ تٔمِس اَکھ اَرب
908,Please bind up these pages.,مہربٲنی کٔرِتھ کَر یِم وَرق بنٛد
909,"No security, however, could bind Aslam",تاہم کانٛہہ تہِ حِفاظت ہیٚچ نہٕ اسلَمس پابنٛدی کٔرِتھ
910,The contract was not legally binding.,مُہادٕ اوس نہٕ قونونی طور ضوٚروٗری
911,The book has a shiny leather binding.,کِتابہِ چُھ چمکہِ دار چمروٗ جِلدٕ
912,Can you explain the biological reasons why infant girls tend to learn faster than infant boys,تُہۍ ہیٚکوٕ حیاتِیٲتی ؤجوٗہاتن ہِنٛز وضاحت کٔرِتھ یِمو کِنۍ لۄکچہِ کورِ لۄکٹٮ۪ن لٔڑکن ہِنٛدِ کھۄتہٕ جلدی ہیٚچھان چھِ
913,"In winters, large number of birds move to hot zones.",ونٛدَس منٛز چھِ واریاہ جاناوار گَرم علاقن کُن گَژھان
915,Ali does not celebrate his birthday.,عٔلی چُھ نہٕ پَنُن زا دۄہہ مَناوان
916,The bishop was not in the church.,پادٕرۍ اوس نہٕ گِرجا گَرس منٛز
917,A glass smashed into little bits.,شیٖشہٕ گٔیہِ پٕھٹِتھ لۄکٕٹۍ لۄکٕٹۍ ٹُکرٕ
918,The horse is not accustomed to the bit.,گُر چُھنہ بٹُک عادی۔
919,I'm sorry I'm a bit early.,مےٚ گژھِ معٲفی دِنۍ بہٕ آس رژھا سُلی۔
920,His dog tried to bite her.,تٔمۍ سٕنٛدۍ ہوٗنۍ کٔر تَس کورِ ژوٚپ ہٮ۪نٕچ کوٗشِش
921,He ate the chapati in one bite.,تٔٔمۍ کھیٚیہِ ژوٚٹ أکۍسٕے ژٔپِس منٛز
922,The almonds tasted bitter.,بادام گوجہِ آسہٕ ٹیٚچھٕ
923,All the relatives shed bitter tears on his sudden death.,تٔمۍ سٕنٛدِس اَچانک مرنَس پٮ۪ٹھ ترٛوو ساروٕے رِشتہٕ دارَو سخ اوٚش
924,She feels bitter about the way she was brought up in her childhood.,یِتھ کٔنۍ سۄ لۄکچارَس رَچھنہٕ آیہِ تٔمِس چُھ تَمیُک سخ محسوٗس
925,She complained bitterly.,تٔمۍ کٔٔر ناراضگی سان شکایت۔
926,She wept bitterly at the news.,یہِ خَبر بوٗزِتھ ووٚد تٔمۍ سَخٕت پٲٹھۍ
928,He was full of bitterness after he lost his job.,نوکری منٛز کڑنہٕ یِنہٕ پَتہٕ آو تٔمۍ سٕنٛدِس مِزازَس منٛز واریاہ ٹیٚچھر
929,The shop deals with special black leather coats.,یَتھ دُکانَس منٛز چھِ خاص قٕسمٕکۍ کرٛہِنۍ چمروٗ کوٹ کٕنٛنہٕ یِوان
930,Their future appeared black.,تِہُنٛد مُستقبِل چُھ باسان وٲران
931,Her face turned black with fury.,شَرارتہٕ سۭتۍ گوٚو تٔمۍ سُنٛد بُتھ خوف ناک
932,The house was blackened by smoke.,مکان اوس دٕہہِ سۭتۍ کرہُن گوٚمُت۔
933,His hands were blackened with soot.,تٔمۍ سٕنٛدۍ اَتھٕ ٲسۍ ژِنہِ سۭتۍ کرٛہنیمٕتۍ
934,His name was balckened by the scandal.,خَراب کارٕ سۭتۍ آو تٔمۍ سُنٛد ناو منٛدچھاونہٕ
935,He tried to blackmail his secretary.,سُہ اوس پنٛنِس مٲلِکَس راز فاش کَرنٕچ دمکی دِوان
936,It's a case of blackmail!,یہِ چُھ رشوت خوری ہُنٛد معاملہٕ۔
937,The disease affected the blades of plants.,بٮ۪مارِ سۭتۍ گٔیہِ پَنہٕ ؤتھرٕچہِ دٔنٛدٕر مُتٲثِر
938,Grinder has sharp blades.,گراینڑرس چھِ تیز بلیڑ آسان۔
939,He was blamed for the theft.,تٔمِس آو ژوٗر کرنُک اِلزام لاگنہٕ
940,You cannot blame her for this problem.,ژٕ ہٮ۪کَکھ نہٕ تٔمِس ییٚمہِ مسلٕچ ہانٛژ لٲگِتھ
941,I need a pile of blank pages.,مےٚ چُھ خٲلی ورقن ہُنٛد اکھ چٹہٕ ضٔروٗرت
943,The garden was covered with a blanket of snow.,باغ اوس شِنہٕ ژادرِ سۭتۍ ؤلِتھ
944,There was a blast in the town.,قصبَس منٛز گوٚو دَماکہٕ
946,She tends to blast while speaking on a microphone.,سۄ چھےٚ مایکرو فونس پیٚٹھ کتھ کرنہٕ وزِ کرٛیٚکہِ دِنہِ ہیٚوان۔
947,He was bleeding profusely.,تٔمِس اوس واریاہ زیادٕ خوٗن یِوان
949,She was blind since birth.,سۄ ٲس زٮ۪نہٕ پٮ۪ٹَھے أنۍ
950,This was a blind attempt.,یہِ ٲس اکھ ہُش مُش کوٗشِش
951,He called his wife but that was just a blind for her.,تٔمۍ کوٚر پنٛنہِ خانٛدارنہِ فون مگر یہِ اوس تٔمۍ سٕنٛدٕ خٲطرٕ محض اکھ دوکھٕ۔
952,She pulled down the blinds.,تٔمۍ لوٚم پردن بۄن کُن۔
953,He gives lessons to the blind in the evenings.,سُہ چُھ شامن شامن اَنٮ۪ن دِوان سبق
954,Please put up the blinds.,مہربٲنی کٔرِتھ خٲلِو پردٕ ہیوٚر
955,I can trust my sister blindly,بہٕ ہٮ۪کہٕ پنٛنہِ بیٚنہِ پٮ۪ٹھ أچھ ؤٹِتھ بَروسہٕ کٔرِتھ
957,The pillar was built with large stone blocks.,تھم اوس آمُت بَڑٮ۪ن کنہِ پَلن ہُنٛد بناونہٕ
958,He lives in the next block.,سُہ چُھ برٛوہمِس بُلاکس منٛز روزان
959,There is a huge block on his road to success.,تٔمۍ سٕنٛزِ کامیٲبی ہِنٛزِ وتہِ منٛز چھےٚ اکھ بٔڑ رُکاوٹ۔
960,A huge block was falling from the mountain.,پہاڑ پیٚٹھٕ اوس اکھ بوٚڑ پل ؤسِتھ پیٚوان۔
961,Please do not block the way.,مہربٲنی کٔرِتھ مَہ کٔرِو وَتھ بنٛد
962,The thick curtain blocked the sun light.,موٚٹۍ پردَن رُکوو آفتابُک گاش
963,A block of marble is lying there.,سنٛگہِ مرمرُک اکھ ٹُکرٕ چُھ تَتیٚن پتھر۔
964,There was a block of ice floating in the water.,آبس منٛز اوس شیٖنُک گولہٕ ییٖران۔
965,A complete blockade was imposed on the trade.,تِجارتس پیٚٹھ ٲس مُکمل رُکاوٹ کرنہٕ آمٕژ۔
966,The company has decided to blockade all imported goods for time being.,کمپنی چُھ تمام درآمدی مال وقتی طور بنٛد کرنُک فٲصلہٕ کوٚرمُت۔
967,He needed blood transfusion.,تٔمِس ٲس خون بدلاونٕچ ضٔروٗرت
968,He suffered a hard blow on his head in the accident.,تٔمِس آو حٲدثس منٛز کَلس بوٚڈ برٛٮ۪کھ
969,The balloon is blowing high in the air.,پھۄکہٕ ڈوٗن چُھ ہَوہَس منٛز ہیوٚر کُن وِڑان
970,Blow on the soup to cool it down.,سوٗپ تُرُن کرنہٕ خٲطرٕ دیٖو اتھ پھۄکھ۔
971,I want to buy a blue colored sweater.,بہٕ چُھس یَژھان نیٖلہِ رنٛگٕچ بٔنیان اَنٕنۍ
972,He has been a bit blue since his accident.,سُہ چُھ پنٛنہِ حٲدِثہٕ پتہٕ پیٚٹھٕ تھوڑا دۄکھٕ زد۔
973,These lights are bluing the water.,یِم بتہِ چھےٚ آبس نیٛوٗل بناوان۔
977,Rahul boarded the plane for London.,لنٛدن گژھنہٕ خٲطرٕ کھوٚت راحُل ہَوٲیی جہازس
978,We crossed the river by a small boat.,أسۍ تٔرۍ دٔریاوَس أکِس لۄکچہِ ناوِ منٛز
979,We go boating on Dal lake every Friday.,أسۍ چھِ پرٛٮ۪تھ جُمع ڈَلس منٛز ناوِ سَوٲرۍ کَران
980,Bobcut used to be a very popular hairstyle.,باب کَٹ اوس آسان اَکھ مٔشہوٗر مستُک سٕٹایِل
981,He bobbed his head in agreement.,تٔمۍ کوٚر کَلہٕ سۭتۍ آنٛکار
982,You can go for a body massage.,ژٕ ہٮ۪کَکھ جِسمٕچ مٲلِش کٔرِتھ
983,The whole body of doctors worked on this case.,یَتھ کیسَس پٮ۪ٹھ ٲس ڈاکٹَرن ہِنٛز پوٗرٕ جماعت کٲم کَران
984,The body of the truck was completely damaged.,ٹرٛکہِ ہُنٛد ڈانٛچہٕ اوس پوٗرٕ پٲٹھۍ تباہ گوٚمُت
985,His toy aircraft fell in the bog.,تٔمۍ سُنٛد گِنٛدن جہاز پیوٚو نمبلہِ منٛز
988,The water has been boiling for a long time.,آب چُھ واریاہ کالہٕ پٮ۪ٹھٕ گرٛیٚکان
989,Boil the potatoes first.,ٲلوٕ سِوِو گۄڈٕ
990,She is a bold girl.,سۄ چھےٚ اَکھ جُتر منٛد گوٗر
991,Write the names in bold letters.,ناو لیٚکِھو ویٚٹھٮ۪ن اَچھرَن منٛز
992,The bomb was dropped near the school.,بَمب اوس مدرَسس نزدیٖک لَگاونہٕ آمُت
993,Al-Qaeda has bombed America.,القایِداہن چھےٚ امریٖکَہس بَمبٲری کٔرمٕژ
994,Bombers were used during the second World war.,دٔیمِس جنٛگہِ عٔظیٖمَس دوران آو جٔنٛگی جہازن ہُنٛد اِستعمال کرنہٕ
995,The sisters had a loving bond between them.,بیٚنیٚن درمِیان اوس اَکھ محبتی رِشتہٕ
996,You need to sign a bond before renting the place.,کِرایہِ پٮ۪ٹھ جاے رٹنہٕ برٛونٛہہ پیٚیَو تۄہہِ یَقرار نامس پٮ۪ٹھ دستخط کَرُن
997,He fell down and broke his back bone.,دَب لگنہٕ سۭتۍ پھٹ تٔمِس قمرٕچ أڑِج
998,I will arrange my books today.,بہٕ کَرٕ اَز پنٛنٮ۪ن کِتابن ہُنٛد اِنتِظام
999,They have already booked a room in the hotel.,تِمو چُھ گۄڈَے ہوٹلَس منٛز اَکھ کمرٕ بُک کوٚرمُت
1000,This step will boost the industry.,ییٚمہِ اِقدام سۭتۍ میلہِ صنعتہِ پوچھر۔
1001,His support will be a boost for her.,تٔمۍ سٕنٛٛز حمایت روزِ تٔمۍ سٕنٛدِ خٲطرٕ اکھ حوصلہٕ۔
1002,She bought warm boots for winter.,تٔمۍ اوٚن ونٛدٕ خٲطرٕ گَرم بوٗٹ
1003,You can put the luggage in the boot.,ژٕ ہٮ۪کَکھ سامان ڈِکی منٛز تٔھوِتھ
1004,Boot the ball towards goalkeeper.,بالہِ کٔڑِو گول کیٖپرس کُن لتھ۔
1005,These two countries have frequent border disputes.,یِمن دۄن مُلکن درمِیان چھِ اکثر سرحَدٕکۍ تَنازٕ آسان
1006,She knitted a table cover with laced border.,تٔمۍ ووٗن لیسہِ دٔنٛدرِ دار میز پوش
1007,Kashmir borders Pakistan and China.,کٔشیرِ چُھ سَرٛید رَلان پٲکِستانَس تہٕ چیٖنَس سیٹھ۔
1008,Her garden is bordered on three sides by fence.,تٔمۍ سُنٛد باغ اوس جنٛگلہٕ سۭتۍ ترٛییَو انٛدَو گٔنٛڑِتھ
1009,The sword bore through his chest.,شمشیٖر تٔر تٔمۍ سٕنٛدِ سیٖنہٕ مٔنٛزۍ
1011,I hope I am not boring you.,مےٚ چھےٚ وۄمید زِ ژٕ گوکھ نہٕ میٛانہِ سۭتۍ تنٛگ
1013,They know that we bore a large part of this responsibility.,تِمن چھےٚ پَے زِ اَسہِ تُل ایَمہِ ذموٲری ہُنٛد اَکھ بوٚڑ حَصہٕ
1014,I need to borrow some money from you.,مےٚ چھی ژےٚ کیٚنہٕ پونٛسہٕ وۄزُم ہیٚنۍ
1015,They have borrowed car from the neighbour.,تِمو چھےٚ ہمسایَن گٲڑۍ کِرایہِ ہیٚژمٕژ
1016,The boss hired three more men for the new job.,صَحبن رٔٹۍ نَیہِ نوکری خٲطرٕ بیٚیہِ ترٛے نَفر
1017,He bosses around here.,سُہ چُھ ییٚتہِ پٮ۪ٹھاوٲلی کَران
1018,I like both of them.,مےٚ چھِ تِم دۄشوَے خۄش کَران
1019,Both his brothers are doctors.,تٔمۍ سٕنٛدۍ دۄشوَے بٲے چھِ ڈاکٹر
1020,I know you do not want any bother.,مےٚ چھِےٚ پَے زِ ژٕ چُھکھ نہٕ کانٛہہ تہِ پَراشٲنی یَژھان
1021,Don't bother yourself.,ژٕ مَہ کر پنُن پان پَریشان
1022,She had kept vinegar in the bottle.,تٔمۍ اوس سٕرکھٕ تھوومُت بوتلہِ منٛز
1023,You can bottle the pickle later.,ژٕ ہٮ۪کَکھ پَتہٕ آنٛچار بوتلہِ منٛز بٔرِتھ
1024,They sat at the bottom of the hill.,تِم بیٖٹھۍ کۄہ کِس دامنَس پٮ۪ٹھ
1025,The ship had sunk to the bottom of the sea.,ٲبی جہاز اوس پٔھٹِتھ سمنٛدر کِس ژٔکِس تانۍ ووتمُت
1027,The rubber ball bounced back forcefully.,رَبر بال آیہِ ٹَپہٕ کھیٚتھ واپس پَتھ کُن
1028,I hope this cheque doesn't bounce.,مےٚ چھےٚ وۄمید زِ یہٕ چَک یی نہٕ واپس
1029,Children were bouncing on the mattress.,شُرۍ ٲسۍ مٹرَسس پیٚٹھ وۄٹہٕ تُؒان۔
1030,He was bound to stick with the job.,سُہ اوس مجبوٗر یہٕ نوکری کرنہٕ خٲطرٕ
1031,They bound his legs and arms with a rope.,تِمو گنٛجہِ تٔمۍ سٕنٛزِ نَرِ زنٛگہٕ رزِ سۭتۍ
1033,The theif cleared the fence in one bound.,ژوٗر توٚر أکۍسٕے وۄٹہِ منٛز پَیہِ اَپور
1034,The horse bounded into the field.,گُرۍ ترٛٲو مٲدانَس منٛز وۄٹھ
1035,They have fixed the boundary of the field using barbed wires.,تِمو چُھ کٔنٛڑۍ تارِ ہُنٛد اِستعمال کٔرِتھ کھہُک انٛد مقرر کوٚرمُت۔
1036,She was wearing a green bow.,تٔمِس اوس اَکھ سَبٕز بو لٲگِتھ
1037,"The weapons they used were stones,bow and arrow.",تِمو یِم ۂتھیار اِستعمال کٔرۍ تِم ٲسۍ کَنہِ تہٕ تیٖر کَمان
1038,The children bowed to the audience after the dance.,نژنہٕ پتہٕ نَمییہِ شُرۍ ناظریٖنَن برٛونٛہہ کنہِ
1040,I like to eat in ceramic bowls.,مےٚ چُھ چیٖنوٗ کَولٮ۪ن منٛز کھیوٚن خۄش کَران
1041,He bowled speedily towards the batsman.,تٔمۍ لَگٲو پٮ۪نٛد بیٚٹٕس مینَس کُن تیٖزی سان
1043,Please lift the box carefully.,مہربٲنی کٔرِتھ تُلِو ڈَبہٕ ہٮ۪سہٕ سان
1044,He rummaged through a box of utensils.,تٔٔمۍ دِژ أکِس بانن ہِنٛدِس صٔنٛدوٗقس منٛز ژھٲنٛڈ
1045,That cupboard had many boxes.,تَتھ المارِ ٲسۍ واریاہ خانہٕ
1046,The sentry stayed in his box to avoid the cold.,چوٗکۍ در روٗر تۭرِ نِش بچنہٕ خٲطرٕ گارتہِ منٛز
1047,I boxed him right in his face.,مےٚ لَگٲو تٔمِس بٕتِھس مُش
1048,Please box the gift properly.,مہربٲنی کٔرِتھ کٔٔرِو ڈٲلۍ اَصٕل پٲٹھۍ ڈَبس منٛز بنٛد
1049,He boxed him on the ear.,تٔمۍ لََگٲو تٔمِس کَنَس مُش
1051,He likes to play chess with the boys.,تٔمِس چُھ یارَن سۭتۍ شترنٛجَس گِنٛدُن خۄش کَران
1052,The opposition boycotted the meeting.,مُخٲلِف جمٲژ کوٚر مجلِسہِ منٛز شِرکت کرنس بایکاٹ
1053,He needs braces to correct his teeth.,تٔمِس چُھےٚ دنٛد سیوٚد کرنہٕ خٲطرٕ تارن ہِنٛز ضٔروٗرت۔
1054,They are bracing themselves for the war.,تِم چھِ جنٛگہٕ خٲطرٕ پانس تیار کران۔
1055,"Thanks to Almighty, the bullet did not penetrate his brain.",خۄداے سُنٛد شُکُر چُھ زِ گوٗلۍ ژایہِ نہٕ تٔمِس مغزَن منٛز
1056,My car brake is not working properly.,میٛانہِ گاڑِ ہِنٛز برٛیک چھےٚ نہٕ اَصٕل پٲٹھۍ کٲم کَران
1057,A branch of grape vine has spread across the fence.,دَچھِ رٲنٛٹھ چھےٚ پٔھلیمٕژ پَیہِ اَپور
1058,This road branches off into three lanes from here.,یَتھ سڑکہِ چھےٚ ییٚتہِ پٮ۪ٹھٕ ترٛیٚن کوچن منٛز شاخہٕ نیران
1059,There is a brand new actor in this movie.,یتھ فِلمہِ منٛز چُھ اکھ بِلکل نوٚو اداکار۔
1060,The seller had branded the animal with his grandfather's name.,کٕنن وٲلۍ ٲس جانورس پنٛنِس بٕڑۍبب سٕنٛدِ ناوٕ سۭتۍ نِشاندہی کٔرمٕژ۔
1061,The doors have brass handles.,دروازَن چھےٚ سرتَلہِ ہِنٛزٕ تھپہٕ
1062,She had the brass to confront the authorities.,تٔمِس ٲس حُکامس مُقابلہٕ کرنہٕ خٲطرٕ بد سٔلوٗکی۔
1063,He is a brash young man.,سُہ اوس اکھ تکبر وول جوان نفر۔
1064,But there was no bravado in it at the time.,مگر تمہِ ساتہٕ ٲس نہٕ اتھ منٛز کانٛہہ تہِ دِلیری۔
1065,"I'll be fine on my own ,she said with bravado.",بہٕ گژھٕ پانَے ٹھیٖک، تٔمۍ ووٚن بہادری سان۔
1066,He was a brave chap in his youth.,سُہ اوس پنٛنہِ جوٲنی منٛز اَکھ دِلیر نَفر
1067,You have to brave the natural disasters.,تۄہہِ چُھو قۄدرٔتی آفتَن ہُنٛد مُقابلہٕ کَرُن
1068,There is some bread apart from the milk.,دۄدٕ علاوٕ چھےٚ اَتہِ کیٚنٛہہ ڈبَل ژوٚٹ تہِ
1069,He earns bread for the entire family all alone.,سُہ چُھ کُنُ نَفر پوٗرٕ عیالہٕ خٲطرٕ روٗزی زینان
1070,We hope to avoid a break in our relation.,اَسہِ چھےٚ وۄمید زِ أسۍ دِمو نہٕ پنٛنِس رِشتَس منٛز دوٗریٚر یِنہٕ
1071,He finally got the break to get some rest.,ٲخٕر میٛوٗل تٔمِس موقعہٕ تھوڑا آرام کرنہٕ خٲطرٕ
1072,We need to take a break.,اسہِ چھےٚ آرامٕچ ضٔروٗرت
1073,The program will start again after the break.,پروگرام گژھِ وقفہٕ پتہٕ بیٚیہِ اکہِ لٹہِ شُروٗع۔
1074,This break is very annoying.,یہِ رُکاوٹ چھےٚ واریاہ تنٛگ کرن واجیٚنۍ۔
1075,That kid broke my chain.,تٔمۍ شُرۍ پٕٹرٲو میٛٲنۍ چین
1076,The horse was tough to break.,گُر قوبوٗ کَرُن اوس مُشکِل
1077,You must break your habit of cigarette smoking.,ژےٚ پَزی سِگریٹ چیٚنُک عادت مٔشراوُن
1079,His death broke my strength and hope.,تٔمۍ سٕنٛدِ مرنَن پٕھٹرٲو میٛٲنۍ ہٮ۪مَتھ تہٕ وۄمید
1081,You cannot break this blister.,ژٕ ہیٚکَکھ نہٕ یہٕ بستہٕ پھاٹرٲوِتھ
1082,I want to have breakfast in my room.,بہٕ چُھس یَژھان برٛیک فاسٹ پنٛنِس کُھٹِھس منٛز کھیوٚن
1083,I always have a boiled egg for breakfast.,بہٕ چُھس صُبحٕکِس کھیٚنس منٛز ہمیشہٕ سِوِتھ ٹھوٗل کھیٚوان۔
1084,He was breaking the glass panes in anger.,سُہ اوس شرارتس منٛز شیٖشہٕ پُھٹراوان۔
1086,He beat his breast in anger.,شَرارتَس منٛز دوٚگ تٔمۍ پَنُن سیٖنہٕ
1088,I can breathe better in the open.,بہٕ چُھس یَلہٕ جایہِ اَصٕل پٲٹھۍ شاہ کھٲلِتھ ہٮ۪کان
1089,He did not breath a word about it.,تٔمۍ چُھ نہٕ اَتھ مُتعلِق اَکھ تہِ لفٕظ ووٚنمُت
1090,She has difficulty in breathing.,تٔمِس چھِ شہہ کھالنس منٛز مُشکِلات پیش یِوان۔
1091,We requested for a special breed of dogs.,اسہِ چھےٚ ہوٗنۍ سٕنٛزِ اکہِ خاص ذٲژ ہِنٛز درخواست کٔرمٕژ۔
1093,A gentle breeze stirred the leaves.,معموٗلی واوٕ سۭتۍ گوٚو پنہٕ ؤتھرَن الہٕ ڈَلہٕ
1094,He was accused of accepting the bribe from the students.,تٔمِس اوس طٲلبہِ عٔلمَن نِش رُشوَت رٹنُک الزام دِنہٕ آمُت
1095,They bribed the officials to get the licence.,لاسَن حٲصِل کرنہٕ خٲطرٕ دیُت تِمو افسَرن رُشوَت
1096,The chimney is to be made of bricks.,چٕمٕنۍ چھےٚ سیریٚن ہِنٛز بناوٕنۍ
1097,The bride was wearing bright red dress.,مہریٚنہِ اوس تیز وۄزُل پۄشاک لٲگِتھ
1098,We can bridge this gap between us.,أسۍ ہیٚکو پانس درمِیان یہِ دوٗریٚر ختم کٔرِتھ۔
1099,They spent the evening playing bridge.,تِمو گُزور شام تاس گِنٛدان گِنٛدان
1100,We need to bridge the river.,اَسہِ پیٚیہِ دٔریاوَس کٔدٕل تارُن
1101,I will be waiting for you on the bridge.,بہٕ پیٛارَے ژےٚ کٔدلس پیٚٹھ۔
1104,She briefed him on last week's decisions.,تٔمۍ دِژ تٔمِس پٔتمہِ ہفتہٕ کہِ فٲصلٕچ زانٛکٲری۔
1105,He gave his statement briefly.,تٔمۍ دیُت پنُن بیان ژھوٚٹ پٲٹھۍ
1106,The sun was bright and the sky was clear.,آفتاب اوس چمکہِ دار تہٕ اَسمان اوس صاف
1107,My world is bright because of you.,چانہِ وجہ سۭتۍ چُھ میون دنیا روشن۔
1108,This room is bright and airy.,یہِ کُٹھ چُھ گاشدار تہٕ بیٚیہِ چُھس کُھلہٕ ہَوا
1110,The brightness on her face was too picturesque.,تٔمۍ سٕنٛدِ بٕتِھچ چمک ٲس سٮ۪ٹھا لوٗبوٕنۍ
1111,It was a brilliant performance.,یہِ ٲس اکھ مُنَور کارکردگی۔
1112,I want to bring a boat for myself.,بہٕ چُھس یَژھان پنٛنہِ خٲطرٕ اَکھ ناو اَنٕنۍ
1113,He has broad shoulders.,تٔمِس چھِ کٔھلۍ شانہٕ
1115,Children should have a broad understanding about the world.,بچن گژھِ دُنیاہس مُتعلق وسیع سونٛچ سمجھ آسُن۔
1117,The news was broadcasted early morning.,خَبر آیہِ صُبحن صُبحٲے نشٕر کرنہٕ
1118,The event was broadcasted live on TV.,یہِ تقریٖب آیہِ بَراہہِ راست ٹی ویٖیَس پٮ۪ٹھ نشٕر کرنہٕ
1119,I regularly watch the news broadcast on our local channel.,بہٕ چُھس پنٛنہِ مُقٲمی چنلہِ پیٚٹھ باقٲعِدگی سان خبرن ہُنٛد نشر وٕچھان۔
1120,There was a broken cup in the box.,ڈَبَس منٛز اوس اَکھ پُھٹمُت پیٛالہٕ
1121,He had bronchial problems since his childhood.,تٔمِس ٲسۍ لۄکچارٕ پیٚٹَھے شہہ رگہِ سۭتۍ وابستہٕ مسٲیِل۔
1122,The bitch moved to a new corner with her brood.,ہوٗنۍ درٛایہِ پَنٕنۍ شُرۍ ہٮ۪تھ أکِس نٔیِس کوٗنس کُن
1123,He brooded over the loss all day long.,تٔمِس روٗز پوٗرٕ دۄہَس نۄقصانس مُتعلِق فِکِر
1124,Our hen is brooding the eggs.,سٲنۍ کۄکٕر چھےٚ ٹھوٗلن پھہہ دِوان
1125,There are lovely ducks near the brook.,آرَس نِش چھِ خۄشوٕنۍ بطخ
1126,I cannot brook any further nonsense.,بہٕ ہٮ۪کہٕ نہٕ مٔزیٖد کانٛہہ تہِ بکواس ژٲلِتھ
1127,My brother lived with our parents even after his marriage.,میٛون بوے روٗد خانٛدرٕ پتہٕ تہِ مٲلِس ماجہِ سۭتی
1128,Rani was wearing a brown sweater.,رانی ٲس کاژرِ رنٛگٕچ بٔنٛیان لٲگِتھ
1129,Fry the onions till they become brown.,گنٛڈٕ تٔلۍ زِ تٲتِس کالَس ییٖتِس کالس تِم کاژٕرۍ گَژھن
1130,The painter needs to buy brush for painting.,رنٛگ سازَس چُھ رنٛگ کرنہٕ خٲطرٕ بُرُس اَنُن
1131,He is fond of writing with a brush.,تٔٔمِس چُھ بُرشہٕ سۭتۍ لٮ۪کُھن خۄش کَران
1132,The brush of a fox looks beautiful,رامہٕ ہوٗنۍ سٕنٛز لٔٹ چھےٚ خۄشوٕنۍ آسان
1133,Can you brush the floor?,تُہۍ ہیٚکوٕ پٔتھرِس پھش دِتھ؟
1134,The staff had a nasty brush with their boss.,مُلٲزِمن گوٚو صحبَس سۭتۍ صٔحی بکواس
1135,I brush my teeth everyday.,بہٕ چُھس پنٛنٮ۪ن دنٛدَن دۄہَے بُرُش کَران
1136,The children tried to prick the water bubbles.,شُرۍ ٲسۍ آبہٕ بُبرَن تُرٛس دِنٕچ کوٗشِش کَران
1137,The water began to bubble in the electric kettle.,پاور کیٚٹلہِ منٛز ہیٚتِنۍ آبَس بُبر کھسٕنۍ
1138,I saw a wild buck in the forest.,مےٚ وُچھ وَنَس منٛز اَکھ جنٛگلی مرٛگ
1139,She left the bucket under the tap.,تٔمۍ تھوو بالٹیٖن نلکَس تلہٕ کنہِ
1140,We need to make a budget for the next year.,اَسہِ چھےٚ نَیہِ ؤرۍیہٕ خٲطرٕ اَکھ بَجٹ بَناونٕچ ضٔروٗرت
1142,Bags made from buff are very durable.,چمرٕ سۭتۍ بَناونہٕ آمٕتۍ بستہٕ چھِ آسان پایدار
1143,They own a couple of buffaloes.,تِمن چھےٚ مٲشہٕ جورا
1144,Friends can provide a buffer against stress.,دوس ہیٚکن پریشٲنی خٕلاف غم دفٲیی کٔرِتھ۔
1147,We built a house near the river.,اَسہِ بَنوو دٔریاوَس نزدیٖک اکھ مَکان
1148,We must put an effort to build a strong nation .,اََسہِ پَزِ مضبوٗط قوم تعٲمیٖر کرنٕچ کوٗشِش کَرٕنۍ
1150,The builder of this house deserves appreciation.,ییٚمہِ مکان کِس بناون وٲلِس شوٗبن تعٲریٖف۔
1151,His father is a famous builder of the city.,تٔمۍ سُنٛد مول چُھ شہرُک اَکھ مٔشہوٗر ٹھیکہٕ دَر
1153,Building the house is costing too much money.,مَکان بَناونَس چھےٚ سٮ۪ٹھا زیادٕ رۄپہہِ لَگان
1154,We can buy the rice in bulk.,أسۍ ہیٚکو توٚمُل تھوکَس منٛز ہٮ۪تھ
1156,The kids wanted to ride a bull.,شُرۍ ٲسۍ یَژھان دانٛدس سَوٲرۍ کَرٕنۍ
1157,He shot a bullet at the thief.,تٔمۍ لَگٲو ژوٗرَس گوٗلۍ
1158,She was eagerly waiting for the next bulletin.,سۄ ٲس بےٚ تٲبی سان بیٚیِس خبر نامس پیٛاران۔
1159,He gave her a bunch of flowers.,تٔمۍ دیُت تٔمِس اَکھ پوشہٕ گوٚنٛد
1160,Our house has a bunch of trees from behind.,سٲنِس مکانس پٔتھۍ کِنۍ چُھ کُلۍ جنٛگُل
1161,The children bunched together in the play ground.,شُرۍ گٔیہٕ مٲدانس منٛز جمع
1162,They bunk the school very often.,تِم چھِ اکثر مدرَسس منٛز لِپٕر تھَوان
1163,This responsibility has become a burden on his shoulders.,یہِ ذموٲری چھےٚ تٔمۍ سٕنٛدٮ۪ن شانن پٮ۪ٹھ اَکھ بوج بَنیمٕژ
1164,She was burdened with the responsiblity of her handicapped father.,تٔمِس اوس پنٛنِس معزوٗر مٲلۍ سٕنٛزِ ذموٲری ہُنٛد بار۔
1165,The dead body was sent home for burial,مَیت آیہِ دفناونہٕ خٲطرٕ گَرٕ سوزنہٕ
1166,He received severe burns in the fire.,تٔمِس گٔیہِ نارس منٛز واریاہ زیادٕ آمہٕ تاو۔
1167,Apricot wood burns well.,ژیرٕ کُلِچ لٔکٕر چھےٚ اَصٕل پٲٹھۍ دَزان
1168,They burned all the old paper.,تِمو زٲلۍ سٲری پرٛٲنۍ کاغزات
1170,She had a burning pain in one eye.,تٔمِس ٲس أکِس أچھ شدیٖد دَگ۔
1171,We need coal-burning stoves.,اسہِ چھےٚ کولہٕ ژِنیٚن پٮ۪ٹھ چَلن والیٚن چوٗلن ہِنٛز ضٔروٗرت
1172,She didn't want to go near the burning forest.,سۄ چھےٚ نہٕ یَژھان دزوٕنِس وَنس نزدیٖک گَژُھن
1174,The blisters began to burst suddenly.,بستہٕ لَجہِ اچانک پھٹنہِ
1175,He burst out of the house in the night to hang out with his friends.,سُہ ژوٚل گَرِ راتھ کیُتھ دوستَن سۭتۍ نژنہٕ خٲطرٕ
1176,The stars burst into view at night.,تارَک چھِ راتھ کیُتھ ظٲہِر گَژھان
1177,She was buried in the afternoon.,سۄ آیہِ دُپہارَس دفناونہٕ
1179,He was hiding behind the bushes.,سُہ اوس کٔنٛڑۍ زنٛڑِ پٔتھۍ کِنۍ ژوٗرِ روٗزِتھ
1180,We have invested huge money in this business.,اَسہِ چھےٚ یتھ کارٕبارس منٛز سٮ۪ٹھا رۄپیہِ ترٛایمَژٕ
1181,This is not your business.,یہٕ چھےٚ نہٕ چٲنۍ کٲم
1182,He earned a good profit from his bussiness.,تٔمۍ زیوٗن پنٛنہِ کارٕبارٕ پٮ۪ٹھ اَصٕل نفع
1183,Our business is running smoothly.,سون کار چُھ اَصٕل پٲٹھۍ پَکان
1184,This is our personal business so keep away.,یہِ چُھ اَسہِ پنُن معاملہٕ لیٚحازا روٗزِو تُہۍ اَمہِ نِش دوٗر
1185,My father is a good businessman.,میٛون مول چُھ اَکھ اَصٕل کارٕبٲرۍ
1186,She is busy with her work.,سۄ چھےٚ پنٛنہِ کامہِ سٲتۍ آوٕر
1189,The toy operates by a push button.,یہٕ تماشہٕ چُھ بۄٹُن دَباونہٕ سۭتۍ چَلان
1190,He always forgets to button his shirt.,تٔمِس چُھ ہر وِزِ پنٛنہِ کٔمیٖزِ بۄٹُن دیُن مٔشِد گَژھان
1191,I cannot afford to buy this dress.,مےٚ چُھ نہٕ یہٕ پۄشاک مٔلۍ ہٮ۪نُک طاقت
1193,We have rented a cabin.,اسہِ چُھ اکھ لۄکُٹ کمرٕ کِرایہِ پیٚٹھ روٚٹمُت۔
1196,Leave the cage open for the parrots.,طوطن ہِنٛدِ خٲطرٕ ترٛٲیِو پنٛجرٕ یَلہٕ
1197,The animals were caged in the zoo.,جانوَر ٲسۍ چِڑیا گَرس منٛز بنٛد کرنہٕ آمٕتۍ
1198,The children gathered around the cake.,شُرۍ سَمیٚیہِ کیکَس أنٛدۍ أنٛدۍ
1199,Please calculate this amount of money.,مہربٲنی کٔرِتھ گٔنٛزرٲیِو یِم پونٛسہٕ
1200,We have to calculate the estimated cost of our journey.,اَسہِ چُھ حِساب کَرُن زِ سٲنِس سفرَس کوتاہ خرچہٕ لَگہِ
1201,Students are not allowed to use calculators in exams.,طٲلبہِ عٔلِمن چُھ نہٕ اِمتِحانس منٛز کَل کُلیٹَر اِستعمال کرنُک اِجازت
1202,I have already purchased a new calendar.,مےٚٚ چُھ گۄڈَے اَکھ نوٚو کیٚلنٛڈَر مٔلۍ ہیوٚتمُت
1203,Caliph is a title given to a religious muslim leader.,خٔلیٖفہٕ چُھ اَکھ لَقب یُس مذۂبی مُسلمان رہنُماہَس چُھ دِنہٕ یِوان
1204,Please give a call to the doctor.,مہربٲنی کٔرِتھ کٔرِو ڈاکٹَرس آلو
1205,I couldn`t hear his call from the other end of the street.,سڑکہِ ہِنٛدِ بیٚیہٕ انٛدٕ پٮ۪ٹھٕ بوٗزُے نہٕ مےٚ تٔمۍ سُنٛد آلَو
1206,Do call me if you need anything.,اَگر تۄہہِ کیٚنٛہہ ضٔروٗرت آسٮ۪و مےٚ کٔرۍزٮ۪و آلَو
1207,What do you call it?,تُہۍ کیا چِھو اَتھ وَنان
1208,Teaching can be an apt calling for females.,پرناوُن چُھ زَنیٚن ہِنٛدِ خٲطرٕ اَکھ اَصٕل پیشہٕ
1209,The streets are calm in the evenings.,سڑکہِٕ چھےٚ دِگرس خاموش آسان۔
1211,The mother calmed her angry son.,ماجہٕ کرنوو پَنُن شَرارتہٕ ہوٚت نیٚچوٗ ژھۄپہٕ
1213,Trekkers have to return back to the base camp everyday.,پہٲڑۍ سفر کرن والیٚن چُھ دۄہَے واپس تھکہِ پیٚنٛجہِ پیٚٹھ یُن پیٚوان۔
1214,We camped in Gulmarg during this summer.,ییٚمہِ رٮ۪تہٕ کالہِ اوس اَسہِ گُلمرگہِ ڈیرٕ ترٛوومُت
1215,Students launched a campaign against smoking in the college.,طٲلبہِ عٔلمو کوٚر کالجس انٛدر سِگریٹ چیٚنس پیٚٹھ مُظٲہِرٕ۔
1216,Our college campus is very big.,سانہِ کالجُک صَحن چُھ واریاہ بوٚڈ
1217,The gardener was watering the flowers with a can.,باغوان اوس پوشن کینہٕ سۭتۍ سَگ دِوان
1218,I can find a job for you.,بہٕ ہٮ۪کَے چانہِ خٲطرٕ نوکری ژھٲنٛڑِتھ
1220,He has cancelled his wedding this year.,تٔمۍ کوٚر پنُن خانٛدر یُہُس منسوٗخ
1221,The previous books were cancelled by the school management..,برٛونٛمہِ کِتابہٕ کَرِ سٔکوٗل اِنٛتِظامیاہَن رَد
1222,His mother is suffering from throat cancer.,تٔمۍ سٕنٛزِ ماجہِ چُھ ۂٹِس وٕلٹہٕ دود
1223,Each and every candidate shall be given equal preference for this job.,ییٚمہِ نوکری خٲطرٕ یی ہر أکِس وۄمیدوارَس بَرابر ترجیح دِنہٕ
1224,Light the candle if there is a power-cut.,اگر پاور گَژھِ تیٚلہِ زٲلۍ زٮ۪و موم بٔتۍ
1225,I don`t like candies.,مےٚ چھِ نہٕ ماٹَم خۄش کَران
1226,There is a cannery near our house.,سٲنِس مَکانس نِش چُھ اَکھ کارخانہٕ
1227,Cannons were used in the past to fight battles.,برٛونٛہہ کالہِ اوس یِوان جنٛگس منٛز لڑنہٕ خٲطرٕ توپھن ہُنٛد اِستعمال کرنہٕ
1228,You can start painting on the canvas.,ژٕ ہٮ۪کَکھ کینواسس پٮ۪ٹھ نَقٲشی کَرٕنۍ شُروٗع کٔرِتھ
1229,That boy was wearing a yellow cap.,تٔمِس لٔڑکس ٲس اَکھ لیٚدٕر ٹوٗپۍ لٲگِتھ
1230,The bottles were capped tightly.,بوتلَن اوس چِرٕ ٹھانٛڈٕ تھاونہٕ آمُت
1231,He has the capability to solve a number of issues at a time.,تٔمِس چھےٚ یہِ صَلاحِیت زِ سُہ ہیٚکہِ واریاہ مسلہٕ اَکی ساتہٕ حل کٔرِتھ
1233,I am sure that she has the capacity to handle this problem.,مےٚ چُھ یٔقیٖن زِ سُہ چُھ یہٕ مسلہٕ سمبالنٕچ وُسعت تھاوان
1236,Murder is the only capital crime in the state.,رِیاستس منٛز چُھ قتلٕے یوت وٲحِد سزایہ موتس لایق جُرُم۔
1237,Delhi is the capital of India.,دِلہِ چھےٚ ہِنٛدُستانٕچ راز دٲنۍ
1238,We require a huge capital to start a business.,کارٕبار شُروٗع کرنہٕ خٲطرٕ چھِ اَسہِ سٮ۪ٹھا پونٛسَن ہِنٛز ضٔروٗرت
1239,"Economically, capitalism has transformed societies.",معٲشی طورس پیٚٹھ چھےٚ سرمایہِ دٲری معاشرن منٛز تبدیٖلی أنۍمٕژ۔
1240,The captains of both teams have cordial relations with each other.,دۄشوٕنی ٹیٖمَن ہِنٛدٮ۪ن کپتانن چھِ پانہٕ وٲنۍ دوستانہٕ تعلُقات
1241,Sachin Tendulkar captained Indian cricket team successfully.,سَچِن ٹٔنٛڈولکَرَن کٔر کامیٲبی سان ہِنٛدُستٲنۍ کِرکَٹ ٹیٖمہِ ہِنٛز کپتٲنی
1242,The convict evaded capture for a week.,مُجرِم بچوو أکِس ہفتس گِرِفتٲری نِش۔
1243,Her beauty captured many hearts.,تٔمۍ سٕنٛدۍ حُسنن کٔرۍ واریاہ دِل مٲیِل
1245,He needs a car to reach to his work place.,تٔمِس چھےٚ کامہِ گَژھنہٕ خٲطرٕ گاڑِ ہِنٛز ضٔروٗرت
1246,This plan would reduce two thousand tons of carbon every year from the atmosphere.,یہٕ منٛصوٗبہٕ کَرِ پرٛٮ۪تھ ؤری ہَوہَس منٛز زٕ ساس ٹَن کاربَن کم
1247,She pulled a card from her purse and gave it to me.,تٔمِۍ کوٚڑ پنٛنہِ بٔٹوٕ منٛزٕ کارڑ تہٕ دِتُن مےٚ
1248,I like to play cards.,مےٚ چُھ تاسس گِنٛدُن خۄش کَران
1249,I used cardboard for packing goods.,سامان بنٛد کرنہٕ خٲطرٕ کوٚر مےٚ گَتُک اِستعمال
1250,There is no cardinal rule to solve this problem.,یہٕ مسلہٕ حل کرنُخ چُھ نہٕ کانٛہہ بُنیٲدی أصوٗل
1251,Handle this box with care.,یہٕٕ ڈَبہٕ تُلۍزِ ہٮ۪سہٕ سان
1252,She doesn`t care about how she looks.,سۄ چھےٚ نہٕ پرواے کَران زِ سۄ کِژھ چھےٚ گٔمٕژ
1253,Man is never free from care.,اِنسان چُھ نہٕ زانٛہہِ تہِ فِکرِ روٚس آسان
1254,One should always be careful while travelling.,سفرَس منٛز پزِ اَسہِ ہمیشہٕ ہُشار روزُن
1255,You need to take care after the treatment.,تۄہہِ چَھوٕ عیٚلاجہٕ پتہٕ احتِیات کرنٕچ ضٔروٗرت
1256,I really care about my work.,مےٚ چھےٚ پنٛنہِ کامہِ ہِنٛز سٮ۪ٹھا فِکِر آسان
1257,He had a distinguished career.,تٔمِس اوس اَکھ بُلنٛد پیشہٕ
1258,His career reached the zenith in his youth only.,جَوٲنی منٛزٕے ووت تٔمۍ سُنٛد مُستقبِل عٔروٗجس
1259,The cars careered down the mountain.,گاڑِ گٔیہِ پہاڑ پیٚٹھٕ بۄن کُن ڈُلہٕ۔
1260,He is very careful.,سُہ چُھ سٮ۪ٹھا ہُشار
1261,He works carefully.,سُہ چُھ احتِیات سان کٲم کَران
1262,Her younger sister is very careless.,تٔمۍ سٕنٛز لۄکٕٹ بیٚنہِ چھےٚ واریاہ لاپرواہ
1263,The carriage ran very fast.,ٹانٛگہٕ اوس واریاہ تیز پکان۔
1264,We'll be sitting in the second carriage.,أسۍ بیٚہمو ریلہِ ہِنٛدِس دٔیمِس ڈبس منٛز۔
1266,You must carry your own water bottle.,تۄہہِ پَزیٚو پنٕنۍ آبہٕ بوتل تُلٕنۍ
1267,I have to carry out my duty.,مےٚ چُھ پنُن فرض پوٗرٕ کرُن۔
1269,I was carried by his speech.,تٔمۍ سٕنٛدِ تقریٖر سۭتۍ گوٚو مےٚ سٮ۪ٹھا اَثر
1270,She carries herself very well.,سۄ چھےٚ پنُن پان اَصٕل پٲٹھۍ تھاوان
1272,I want to buy a wood carved box for my gold jewellery.,بہٕ چھیٚس یَژھان پنٛنہِ سۄنہٕ وَسہٕ خٲطرٕ لٔکرِ ہُنٛد نقشہٕ دار ڈَبہٕ اَنُن
1274,Cases of forgery are very common these days.,جالسٲزی ہِنٛدۍ معاملہٕ چھِ اَز کل سٮ۪ٹھا عام
1275,I kept all my rings in a case.,مےٚ تھوِ پنٛنہِ سارے واجہٕ ڈَبس منٛز
1276,The telescope comes in a big case.,دُربِنۍ چھےٚ أکِس بٔڑِس ڈبس منٛز یِوان۔
1277,The lawyer presented an argument about the case.,ؤکیٖلن کٔر مُقدِمَس مُتعلِق دٔلیٖل پیش
1278,You will have to pay in cash.,تۄہہِ پیٚیَو نقدٕے دیُن
1279,I have to go to the bank to cash a cheque.,مےٚ چُھ چَک کیش کرنہٕ خٲطرٕ بیٚنٛکَس پٮ۪ٹھ گَژُھن
1280,He was cast for the first time in the movie.,تٔمِس آو گۄڈنِچہِ لٹہِ فِلمہِ منٛز فن کٲری ہُنٛد موقع دِنہٕ
1282,I will not cast my vote in favor of any party.,بہٕ ترٛاوٕ نہٕ کُنہِ تہِ پارٹی پنُن ووٹ
1283,He was cast as Hamlet in the play.,سُہ اوس ڈرٛاماہس منٛز ہیٚلمیٹ کِس کِردارس منٛز پیش کرنہٕ آمُت۔
1284,The sculpture of the poet was cast in silver.,شٲعِر سُنٛد مُجسمہٕ اوس رۄپھس منٛز بناونہٕ آمُت۔
1285,The caste system still prevails .,ذٲژ ہِنٛدۍ مسٲیِل چھِ وٕنۍ کٮ۪ن کِس وقتس منٛز تہِ موٗجود
1286,He has spent his life in castles and palaces.,تٔمۍ چھےٚ پنٕنۍ زِنٛدگی قعلَن تہٕ محلَن منٛز گُزٲرمٕژ
1287,She felt offended at his casual remark.,سۄ گٔیہِ تٔمۍ سٕنٛدِس بِلا مقصد تبصُرس پیٚٹھ ناراض۔
1288,I saw a black cat.,مےٚ وٕچھ اَکھ کرٛہِنۍ بیٛٲر
1289,I have trained my dog to catch the ball with the jaws.,مےٚ چُھ پنُن ہوٗن ماز بیرَو سۭتۍ پیٚنٛدِ تَپھ کرناوُن ہیٚچھنوومُت
1290,He caught the ball superbly.,تٔمۍ رٔٹ پیٚنٛد بہتٔریٖن پٲٹھۍ
1291,He is a good catcher in the baseball.,سُہ چُھ کِرکَٹس منٛز اَکھ اَصٕل کیچ رَٹن وول
1292,He is not referring to any category in particular,سُہ چُُھ نہٕ کُنہِ خاص زٲژ ہُنٛد حوالہٕ دِوان
1293,We have to cater fifty people at the party.,اسہِ چھِ سالس پٮ۪ٹھ پنٛژاہ نَفر کھیاوٕنۍ چاوٕنۍ
1294,She is a good Catholic girl.,سۄ چھےٚ اَکھ اصٕل کیٚتھولِک کوٗر
1295,The street cattle strayed into our garden.,چاروٲے ژایہٕ سٲنِس باغس منٛز
1296,It is hard to determine the cause of the plane crash.,ہَوٲیی جہاز کہِ حٲدۍثُک وجہہ پَے لگاوُن چُھ سٮ۪ٹھا مُشکِل
1297,Smoking tobacco can cause cancer.,تَموک چوٚن ہیٚکہِ کینسَرُک سَبَب بٔنِتھ
1298,Safety comes with caution.,احتِیات سۭتۍ چھےٚ حفاظت روزان
1299,We were cautioned not to drive too fast.,أسۍ ٲسۍ زیادٕ تیز گٲڑۍ نہ چلاونہٕ خٲطرٕ خبر دار کرنہٕ آمٕتۍ
1300,The cavalry were advancing.,گُرِس پیٚٹھ سوار فوج اوس برٛونٛہہ کُن پکان۔
1301,Please do not cease your efforts.,مہربٲنی کٔرِتھ مہ کٔرِو پنٕنۍ کوٗشِش بنٛد
1302,The army was ordered to cease-fire.,فوجس آو جنگ بٔنٛدی ہُنٛد حُکُم دِنہٕ
1303,We need to paint the ceiling.,اسہِ چھےٚ تالوَس رنٛگ کرنٕچ ضٔروٗرت۔
1304,The government has imposed a ceiling on inflation.,حُکومتن چھےٚ درٛۄجرس پیٚٹھ رُکاوٹ عٲیِد کٔرمٕژ۔
1305,My friends celebrated my birthday with great vigor.,میٛانیٛو دوستَو مَنوو میٛون زا دۄہ بڑٕ جوشہٕ سان
1306,He is a celebrated poet.,سُہ چُھ اَکھ ناموَر شٲعِر
1307,There was a grand celebration at her wedding.,تٔمۍ سٕنٛدِس خانٛدرَس پٮ۪ٹھ اوس سٮ۪ٹھا جیٚشنہٕ
1309,Freedom fighters were imprisoned in cellars.,آزٲدی خٲطرٕ لڑن وٲلۍ ٲسۍ قٲد خانن منٛز بنٛد تھاونہٕ آمٕتۍ۔
1310,Mix the sand and cement together.,سٮ۪کھ تہٕ سیٖمَٹ رَلٲیِو
1311,They have cemented their friendship with trust.,تِمو چھےٚ پنٕنۍ دوستی بروسہٕ سۭتۍ مضبوٗط کٔرمٕژ۔
1312,He lives besides the cemetery.,سُہ چُھ مقبَرس سۭتۍ روزان
1313,All his predictions of the cricket matches were cent percent correct.,کِرکٹ میچَس مُتعلق تِہِنٛز تمام پیشن گویی درٛایہٕ ہتھ فیٖسد صٔحی
1314,He ran towards the center of the hall.,سُہ دوریٛوو ہال کِس مرکَزس کُن
1315,Cut out a centimetre from this piece of paper.,ییٚمہِ کاغز ٹُکرٕ منٛزٕ ژٔٹِو اَکھ سٮ۪نٹِہ میٖٹَر
1316,I am transfered to the central office.,مےٚ آیہٕ مرکٔزی دفتَرس منٛز تبدیٖلی کرنہٕ
1317,That building was built in eighteenth century.,یہٕ عٮ۪مارت ٲس آمٕژ اردٔہِمہِ صٔدی منٛز بناونہٕ
1318,They ate a large bowlful of cereal.,تِمو کھیوو غلُک اکھ بوٚڑ ٹوٗر۔
1320,I am certain that everything will be alright in the end.,مےٚ چُھ یٔقیٖٖن زِ ٲخٕر گَژھِ سورُے ٹھیٖکھ
1321,Certain problems were apparent from the outset.,کینٛہہ مَسٲیِل گٔیہٕ گۄڈٕ پٮ۪ٹَھے ظٲہِر
1322,Certainly he will be successful.,یٔقیٖنَن آسہِ سُہ کامیاب
1323,His victory in the match is a certainty.,میچس منٛز تٔمۍ سُنٛد زینُن چُھ یقیٖنی۔
1324,The journal provides a detailed report on the chain of events.,رِسالہٕ چُھ واقعاتن ہِنٛدِس سِلسِلس پیٚٹھ اکھ تفصیٖلی بیان پیش کران۔
1325,They have tied their dog with a chain.,تِمو چُھ پنُن ہوٗن ہانٛکلہِ سۭتۍ گٔنٛڑِتھ تھوومُت
1326,She wore a gold chain around her neck.,تٔمۍ ٲس ۂٹِس سۄنہٕ سٕنٛز چین لٲجمٕژ
1327,He is chained to his work,سُہ چُھ پنٛنہِ کامہِ منٛز بنٛد گوٚمُت
1331,Dr. Raj is the new chairman of the company.,ڈاکٹر راج چُھ کمپٔنی ہُنٛد نوٚو صدٕر
1333,We shall chalk up his good points.,أسۍ لیٚکھو تٔمۍ سٕنٛزٕ اصٕل کَتھٕ
1334,She challenged them that they won't be able to defeat her.,تمہِ کوٚر تِمن دعواہ زِ تِم ہیٚکن نہٕ تٔمِس ہارنٲوِتھ۔
1335,He sits for hours in his chamber and reads.,سُہ چُھ پنٛنِس کُٹِھس منٛز گٲنٛٹہٕ وادَن بِہِت پَران
1336,The judge had a discussion with lawyers in his chamber.,جَجن کوٚر پنٛنِس چیمبَرس منٛز ؤکیٖلن سۭتۍ بَحژ
1338,He met me at the railway station by chance.,سُہ سمکھیٛوو مےٚ اچانک ریلوے سٕٹیشنَس پٮ۪ٹھ
1339,I got one more chance to speak to her.,مےٚ میلیٛوو تَس سۭتۍ کَتھ کرنُک بیٚیہٕ اَکھ موقعہٕ
1340,I haven't had a chance to thank him yet.,مےٚ میلیٛووٕے نہٕ وٕنہِ تٔمِس شُکریہ کرنُک موقعہٕ
1341,The students wanted to meet the chancellor of University.,طٲلبہِ عٔلِم ٲسۍ یَژھان یُنٛورسیٖٹی ہِنٛدِس چانٛسٕلَرس سمکُھن
1343,I want to change my clothes.,بہٕ چُھس یَژھان پنٕنۍ پَلو بدلاوٕنۍ
1344,I can see a good change in her.,تٔمِس منٛز چُھ اَکھ اصٕل بدلاو آمُت
1345,He wants change for a thousand rupee note.,سُہ چُھ سٲسۍنِس نوٹس پُھٹہٕ ووٹ یَژھان
1346,He has changed a lot after his father's death.,مٲلۍ سٕنٛدِ مرنہٕ پتہٕ بدلیٛوو سُہ واریاہ
1347,Small channels join the main river.,لۄکٕٹۍ نالہٕ چھِ دٔریاوس سۭتۍ رَلان
1348,I think the proper channel has been taken.,مےٚ چُھ باسان زِ مُنٲسِب وتہِ ہُنٛد اِستعمال چُھ کرنہٕ آمُت
1349,There are more than ninety television channels broadcasted in India now.,ہِنٛدُستانس منٛز چھےٚ وٕنٛکیٚس نَمت پیٚٹھی ٹی چنٛلہٕ نَشر گَژھان
1350,He goes to worship in chapel every sunday.,سُہ چُُھ پرٛٮ۪تھ آتھوارِ گَژھان گِرجَس منٛز عبادت کرنہِ
1352,Her divorce was an arduous chapter of her life.,تٔمۍ سُنٛد کُھلا اوس تٔمۍ سٕنٛزِ زِنٛدگی ہُنٛد مُشکِل دور
1354,The Greek has 24 characters.,یوٗنٲنِیَس منٛز چھِ ژوٚوُہ اَچھر
1355,The scandal caused damage to her character.,بدنٲمی ہِنٛدِ واقع سۭتۍ لوٚگ تٔمۍ سٕنٛدِس کِردارَس داغ
1356,His brother has strange character.,تٔمۍ سٕنٛدِس بٲیِس چُھ عٔجیٖب مِزازٕ
1357,The main character in the drama is acted by Mary.,ڈرٛامہُک اَہم کِردار چُھ میری ادا کوٚرمُت
1358,He is a man of great character.,سُہ چُھ عظیٖم خٲصیت وول نفر۔
1359,He spoke in his characteristic style.,تٔمۍ کٔر پنٛنِس خٔصوٗصی انٛدازس منٛز کَتھ
1360,Long nose is one of my family characteristics.,زیٖٹھ نَس چھےٚ میٛانہِ خانٛدانٕچ اکھ خٔصوٗصیَت
1361,I would characterize this as a good change.,بہٕ ہٮ۪کہٕ یہٕ اَصٕل تبدیٖلی ہِنٛدِس طورس پٮ۪ٹھ بیان کٔرِتھ
1362,He bought charcoal for making barbeques.,تٔمۍ انہِ تُجہٕ بناونہٕ خٲطرٕ ژِنہِ
1363,Captain Nair took charge of the attack on the enemies,کپتان نایرن کٔر دُشمَنن پیٚٹھ حملٕچ سربرٲہی۔
1364,He was arrested for the charge of murder.,سُہ اوس قتلہٕ کِس اِلزامس منٛز گِرِفتار کرنہٕ آمُت
1365,He took minimum charges for fixing the watch.,تٔمۍ ہیٚتۍ گٔر ٹھیٖکھ کرنہٕ خٲطرٕ کمٕے پونٛسہٕ
1366,She has given the charge of cooking to her maid.,تٔمۍ چھےٚ رنٛنٕچ ذموٲری پنٛنہِ دایہِ دِژمٕش
1367,He has been given the charge to utilize the funds.,تٔمِس چُھ رقم اِستعمال کرنُک اختِیار دِنہٕ آمُت
1368,Charge him with the job of finding a new office.,تٔمِس دیٖو نوٚو دفتر ژھانٛڑنٕچ کٲم۔
1369,He was charged of murdering his wife.,تٔمِس اوس پنٛنہِ خانٛدارنہِ ہُنٛد قتٕل کرنُک اِلزام دِنہٕ آمُت
1370,The speaker charged up the crowd with his inflammatory remarks.,پنٛنیٚو اِشتِعٲلی کَتھو سۭتۍ دیُت تٔمۍ ۂجوٗمَس ہٕس
1371,He charged her a lot of money for stitching the clothes.,تٔمۍ ہیٚتۍ تٔمِس پَلَو سُونہٕ خٲطرٕ واریاہ پونٛسہٕ
1372,She charged her failure to negligence.,تٔمۍ ٹھہرٲو پنٛنہِ ناکٲمی خٲطرٕ لاپروٲیی ذموار۔
1374,I need to charge my car battery.,مےٚ چھےٚ پنٛنہِ گاڑِ ہِنٛز بیٹرٛی چارٕج کرنٕچ ضٔروٗرت
1375,The police looked into his chargesheet and denied the bail.,پُلسَن وُچھ تٔمۍ سُنٛد چارٕج شیٖٹ تہٕ کوٚرُن ضمانتَس اِنٛکار
1376,She is a lady of great charm.,سۄ زنان چھےٚ سٮ۪ٹھا حُسٕن واجیٚنۍ
1377,She was charmed by his jolly nature.,سۄ گٔیہٕ تٔمۍ سٕنٛزِ خۄش مِزٲزی سۭتۍ مٲیِل
1378,Her daughter is quite charming.,تٔمۍ سٕنٛز کوٗر چھےٚ سٮ۪ٹھا خۄشوٕنۍ
1379,The chart in the classroom highlighted the importance of proper diet.,کَلاس روٗمس منٛز لٔگِتھ چاٹ اوس مُنٲسِب کھٮ۪ن کھۄردَن پٮ۪ٹھ زور دِوان
1380,That engineer always carries the chart to the site.,سُہ اِنجیٖنَر چُھ کامہِ ہِنٛزِ جایہٕ پٮ۪ٹھٕ ہمیشہٕ نقشہٕ سۭتۍ نِوان
1381,The government has produced a new charter.,حُکومتن چُھ نوٚو فرمان تیار کوٚرمُت۔
1382,They have chartered two buses to take us on a holiday to Mumbai.,تِمو چھِ أسۍ چُھٹی منٛز بمبیہِ نِنہٕ خٲطرٕ زٕ بسہٕ کِرایہِ پیٚٹھ انۍمژٕ۔
1383,The dog got tired and gave up the chase.,ہوٗن تھوٚک نہٕ ترٛووُن پیٖچھا۔
1384,The police chased the robber.,پُلسہٕ وۄل دریٛوو ژوٗرَس پتہٕ
1385,These days bananas were sold at cheap rates.,یِمن دۄہَن آیہٕ کیلہٕ سستہٕ قۭمتن پٮ۪ٹھ کٕنٛنہٕ
1386,He was a liar and a cheat.,سُہ اوس اَپُززیٛور تہٕ ٹھگ
1387,I have distrusted her ever since she cheated me.,بہٕ چُھس نہٕ تنہٕ تٔمِس پٮ۪ٹھ بَروسہٕ کَران یَنہٕ پٮ۪ٹھٕ تٔمۍ مےٚ دغا دیُت
1388,The teachers are being asked to keep a check on drugs in schools.,اُستادن چُھ ونٛنہٕ یِوان زِ تِم رُکٲوِن مدرسن منٛز نشہٕ آور دواہن ہُنٛد اِستعمال۔
1389,The government is keeping an intense check on the corruption.,سرکار چھےٚ رُشوَت کھوری پٮ۪ٹھ سخٕت نظر تھٲوِتھ
1391,Keep your temper in check.,پنُن مِزاز تھاوو قابوٗوَس منٛز
1392,He was wearing a check shirt.,تمِس ٲس خانہٕ دار کمیز لٲگِتھ
1393,She has got chubby cheeks.,تٔمِس چھِ ویٚٹھۍ گَل
1394,She likes to be cheerful.,تٔمِس چُھ خۄشوٕنۍ روزُن سٮ۪ٹھا پسنٛد
1395,I like her cheerful nature.,مےٚ چُھ تٔمۍ سُنٛد خۄ ش باشمِزاز پَسنٛد
1396,The cheese was sliced thickly.,ژامنہِ ٲسۍ آمٕتۍ موٚٹۍ ژَکل کرنہٕ
1397,The use of chemical warfare weapons must be banned.,جنٛگَس منٛز کیٖمیٲوی ۂتھیاین ہِنٛدِس اِستعمالس پٮ۪ٹھ گَژھِ پابنٛدی لاگنہٕ یِنۍ
1399,We needed help in understanding few topics of chemistry.,عٔلِمہِ کیٖمیٲیی ہِنٛدۍ کیٚنٛہہ موضوٗع سمجٕنہٕ خٲطرٕ پیٚیہٕ اسہِ مدتٕچ ضٔروٗرت
1401,I cherish all the letters she wrote.,مےٚ چھےٚ تِم سارے چِٹھِ یاد یٕم تٔمۍ لیٚچھمَژٕ آسہٕ
1402,He suffered from a pain in his chest.,تٔمِس ٲس سیٖنَس دَگ
1403,An old chest full with clothes lay in the attic.,پَلوَو سۭتۍ بٔرِتھ اَکھ پرٛٲنۍ پیٖٹۍ ٲس کٲنی منٛز
1404,Chickens were struggling to come out of the coop.,کۄکر ٲسۍ مَرِ منٛزٕ نیرنہٕ خٲطرٕ ژھٹہٕ ژھٹہٕ کَران
1405,She is chicken hearted.,سۄ چھےٚ کھوژٕ بٕڑ
1406,The chief problem here is the spread of disease.,ییٚتیُک ساروٕے کھۄتہٕ اَہم مسلہٕ چُھ بٮ۪مارِ ہُنٛد پٔھلُن
1408,His father is chiefly concerned about making money.,تٔمۍ سٕنٛدِس مٲلِس چھےٚ خاص کٔرِتھ پونٛسہٕ بناونٕچ فِکِر
1409,They have a single child.,تِمن چُھ کُنُے شُر
1410,The habit carries over from my childhood.,مےٚ چُھ لۄکچارٕ پٮ۪ٹھٕ یہٕ عادت
1411,Keep the juice in the refrigerator for chilling.,جوٗس تٔھیِو فِرٛجَس منٛز تُرُن کرنہٕ خٲطرٕ
1412,There is a chill in the air today.,اَز چُھ ہَوہَس منٛز تٕرنیٛار
1414,The factory chimneys emit lot of smoke into the air.,کارخانُک دٕہۍ نور چُھ ہَوہَس منٛز واریاہ دٕہ ترٛاوان
1415,Smoke rose from the chimney.,بُکھارِ منٛزٕ اوس دٕہ وۄتھان۔
1417,These china cups are my favourite.,یِم چیٖنٕکۍ پیالہٕ چھِ مےٚ خۄش کران۔
1418,A chip of the glass was lying on the floor.,شیٖشُک اکھ ٹکرٕ اوس پٔتھرِس پیٚٹھ پڑا۔
1419,Her tooth chipped off while she fell down.,دَب لگنہٕ وِزِ ؤژھ تٔمِس دنٛدَس کٔھنٛڑ
1420,Chlorine is used for water purification.,کُلوریٖن چُھ آب شوٗژ کرنہٕ خٲطرٕ اِستعمال گَژھان
1421,I like chocolates very much.,مےٚ چھِ چاکلیٹ سٮ۪ٹھا پَسنٛد
1422,They bought a chocolate cake on her birthday.,تٔمۍ سٕنٛدِس زا دۄہَس پٮ۪ٹھ اوٚن تِمو اَکھ چاکلیٹ کیک
1423,The dresses of your choice were not good.,ژےٚ یِم پۄشاک پَسنٛد ٲسِتھ کٔرۍمٕتۍ تِم ٲسۍ نہٕ اَصٕل
1424,High cholesterol levels in body can lead to heart disease.,جِسمَس منٛز کَلسٹرٛالٕچ زیادٕ مٮ۪قدار ہیٚکہِ دِلَس منٛز بٮ۪مٲرۍ پٲدٕ کٔرِتھ
1425,I usually choose fish over mutton.,مازٕ کھۄتہٕ زیادٕ چھےٚ مےٚ گاڈٕے خۄش کَران
1426,She finished the daily chores and went to sleep.,تٔمۍ مۄکلٲو دۄہ دِشِچ کٲم تہٕ گٔیہٕ شۄنٛگنہِ
1427,The chorus is singing beautifully.,گٮ۪ون والٮ۪ن ہِنٛز جماعت چھےٚ خۄشوٕنِس انٛدازس منٛز گٮ۪وان۔
1429,They responded in a chorus.,تِمو دیُت أکِسٕے آوازِ منٛز جواب۔
1430,The representative was chosen by all of us.,نُمٲیِنٛدٕ اوس اسہِ ساروٕے ژورمُت۔
1431,He chucked the bits of paper on the garbage.,تٔمۍ ژٕھنۍ کاغز پیٖنتۍ ژھۄٹَس پٮ۪ٹھ دٲرِتھ
1432,She wants to chuck her job.,سۄ چھےٚ یژھان پنٕنۍ نوکری ترٛاوٕنۍ۔
1433,Don`t be late for church.,گِرجہٕ گَر گَژھنہٕ خٲطرٕ کٔرۍزیٚو نہٕ ژیر کیٚنٛہہ
1435,I often go to the cinema to watch a movie.,بہٕ چُھس اکثر فِلِم وٕچھنہٕ خٲطرٕ سیٚنِما گَژھان
1436,Draw a circle on the paper.,گاغزَس پٮ۪ٹھ بنٲیِو اَکھ دٲیرٕ
1437,They circled one another.,تِم ٲسۍ اَکھ أکِس أنٛدۍ أنٛدۍ نَژان
1438,The army circled the enemy camp.,فوجن کوٚر دُشمَنن ہِنٛدِس کیمپَس گیرٕ
1439,The earth takes 365 days to make a circuit of the sun.,زمیٖنس چُھ آفتابُک چکر کرنس منٛز 365 دۄہ لگان۔
1440,The house caught fire due to short circuit.,شاٹ سٔرکِٹ گَژھنہٕ کِنۍ ہیوٚتُن مَکانس نار
1441,That island is almost circular in shape.,یہٕ جٔزیٖرٕ چُھ لگ بگ گول شکلہِ ہُنٛد
1442,He forwarded the circular to all employees.,تٔمۍ سوٗز سٔرکیوٗلَر سارنی مُلٲزِمن
1443,This journal has the largest circulation in the University.,ییٚمہِ رِسالٕچ چھےٚ یونیورسٹی منٛز سارِوٕے کھۄتہٕ زیادٕ اِشاعت۔
1444,Physical exercise enhances blood circulation in the body.,ورزِش سۭتۍ چُھ جِسمَس منٛز خوٗنُک دورٕ بَڑان
1446,I had to take leave from office due to unfavourable circumstances.,ناسازگار صوٗرتہِ حال آسنہٕ کِنۍ پیوٚو مےٚ دفتَر ترٛٲوِتھ نیرُن
1447,Her work is often cited by the researchers.,تحقیٖق کَرن وٲلۍ چھِ اکثر تٔمۍ سٕنٛزِ کامہِ ہُنٛد حوالہٕ دِوان
1448,Can you cite another example like this one?,ژٕ ہٮ۪ککھٕ یِژٕھی بیٚاکھ کانٛہہ مِثال پیش کٔرِتھ
1449,He has been cited many times for his researchs in the field of science.,تِہنٛزِ تحقیٖق کِنۍ چُھ ساینس کِس شعبس منٛز تِہُنٛد واریاہ لٹہِ حوالہٕ دِنہٕ آمُت۔
1450,I am a citizen of India.,بہٕ چُھس ہِنٛدُستانُک باشنٛدٕ
1451,We built a new house in the city.,اَسہِ بَنوو شہرَس منٛز نوٚو مکان
1452,There was a meeting of civic and business leaders.,شہری تہٕ کارٕبٲرۍ سربراہن ہُنٛد اِجلاس سپدیٛوو۔
1453,I feel it is my civic duty to vote.,مےٚ چُھ باسان زِ ووٹ دیُن چُھ میون معاشرتی فرض۔
1454,The civil unrest in the east of the country is the real danger .,مُلکہٕ کِس مشرِقس منٛز شہری بےٚ امنی چُھ اصلی خطرٕ۔
1455,Civilians are not allowed to enter military area.,عام لُکن چُھ نہٕ فوجی علاقن منٛز اژنُک اِجازت
1456,The civilization of mankind has taken thousands of years.,اِنسٲنی تہزیٖبس چھِ ساسہٕ بٔدۍ ؤری لٔگۍمٕتۍ۔
1457,She claimed that this book was hers.,تٔمۍ کوٚر دعوا زِ یہِ کِتاب چھےٚ تٔمۍ سٕنٛز
1458,I don't claim to be an expert.,بہٕ چُھس نہٕ مٲہِر آسنُک دعوا کَران
1459,The victims in the accident claimed for damages.,حٲدِثَس منٛز مُتٲثِر گَژھن وٲلۍ ٲسۍ معاوزٕ منٛگان
1460,"The cyclone claimed around 20,000 lives.",طوٗفانن منٛز گوٚو لگ بگ وُہن ساسن لُکن جٲنی نۄقصان
1462,His claim was approved by the insurance company .,تٔمۍ سٕنٛدِس معاوزَس آیہِ اِنشورَنس کمپٔنی طرفہٕ منظوٗری دِنہٕ
1463,Their claim had no basis in fact.,تِہِنٛدِس دعوَس ٲس نہٕ حٔقیٖقَتس منٛز کانٛہہ تہِ بُنیاد
1464,There is lack of clarity in your lecture.,تُہنٛدِس بیانس منٛز چھےٚ وضاحتٕچ کٔمی۔
1468,There was a serious clash between two groups in the city.,شہرَس منٛز گٔیہٕ دۄن دَرٮ۪ن منٛز صٔحی لڑٲے
1469,There is a clash between two lectures.,زٕٕ لیٚکچَر ٲسۍ اَکی وقتہٕ
1470,Our opinions clash with each other.,سٲنۍ راے چھےٚ نہٕ ہِشر تھاوان
1472,My sister and I study in the same class.,بہٕ تہٕ میٛٲنۍ بیٚنہِ چھےٚ أکۍسٕے جمٲژ منٛز پَران
1473,He was respected everywhere because of his class.,تٔمۍ سٕنٛدِ رۄتبہٕ کِنۍ ٲسۍ تٔمِس پرٛٮ۪تھ جایہِ عزت کَران
1474,I travel in second class compartment of train.,بہٕ چُھس ریلہِ ہِنٛدِس سیٚکنٛڈ کَلاسس منٛ سفر کَران
1475,His research in university was considered first class.,تٔمۍ سُنٛد تحقیٖق آو یُنورسِٹی منٛز اَول درجُک مانٛنہٕ
1479,His library is full of classic literature.,تٔمۍ سُنٛد کُتُب خانہٕ چُھ بہتٔریٖن ادبہٕ سۭتۍ بٔرِتھ
1480,He wore a classic suit for the party.,تٔمۍ اوس سالس پٮ۪ٹھ بہتٔریٖن سوٗٹ لوگمُت
1481,Today the boys played classic football match.,اَز گیُنٛد لٔڑکَو بہتٔریٖن فُٹ بال میچ
1482,He listens to classical music all the time.,سُہ چُھ ہپرٛٮ۪تھ وِزِ رٮ۪وٲیتی موسیٖقی بوزان
1485,This is a classified pile of books.,یِہِ چُھ کِتابن ہُنٛد اکھ درجہٕ بنٛد چٹہٕ۔
1486,These documents contain classified information.,یِمن دستاویزن منٛز چھےٚ خفیہ زانٛکٲری
1487,The books in the library are classified according to subject.,کُتُب خانس منٛز موجود کِتابن چھےٚ موضوٗع مُطٲبِق ترتیٖب دِنہٕ آمٕژ
1488,We had small classrooms in our school.,سٲنِس مدرَسس منٛز ٲسۍ لۄکٕٹۍ کَلاس روٗم
1489,The children were making different shapes out of clay.,شُرۍ ٲسۍ کٕلییَس مُختٔلِف شکلہٕ بناوان
1490,I like to keep my room clean.,مےٚ چُھ پنُن کُٹھ صاف تھاوُن خۄش کَران
1491,I wrote an application on a clean sheet of white paper.,مےٚ لیٚچھ چِٹہٕ سفید کاغز ورقس پٮ۪ٹھ اَکھ درخواست
1492,That little girl had a clean heart.,تٔمِس لۄکچہِ کوٚرِ ہُنٛد دِل اوس شوٚد۔
1493,Police arrested him but he was clean.,پُلسَن نیٛوو سُہ رٔٹِتھ مگر سُہ اوس بےٚ داغ
1494,Our players played in a clean manner.,سانیٚو کِھلاڑٮ۪و گیُنٛد مُنٲسِب طریٖقس پٮ۪ٹھ
1495,The doctor said that the accident caused clean break in the bone.,ڈاکٹَرن ووٚن زِ تٔمِس چھےٚ حٲدِثَس منٛز أڈِجۍ سیٚدِ سیوٚد پٕھٹمٕژ
1496,I clean my room everyday.,بہٕ چُھس پنٛنِس کُٹِھس پرٛٮ۪تھ دۄہ صفٲیی کَران
1497,Everything must be clear.,پرٛٮ۪تھ کانٛہہ چیٖز گَژھِ واضح آسُن
1498,We had a clear view of the mountain from our terrace.,اسہِ وُچھ پنٛنہِ ٹیٚریس پٮ۪ٹھٕ پہاڑُک صاف نضارٕ
1499,I have a clear knowledge about the topic of my research.,مےٚ چھےٚ پنٛنِس تحقیٖقکِس موضوٗعس پٮ۪ٹھ پوٗرٕ زانٛکٲری
1500,The cause of his death is clear.,تٔمۍ سٕنٛدِ مرنُک وجہ چُھ واضح۔
1501,I think you made everything clear yesterday.,مےٚ باسان ژےٚ کوٚرُتھ راتھ سورُے واضح
1502,Bring a clear glass of water.,اَکھ صاف ترٛیشہٕ گِلاس أنِو
1503,I couldn`t get a clear view of the scene from a distance.,مےٚ ہیوٚک نہٕ دوٗرِ پٮ۪ٹھٕ تماشُک صاف نظارٕ وٕچِھتھ
1506,I could hear her voice clearly.,مےٚ بوٗز تٔمۍ سٕنٛز کَتھ پوٗرٕ پٲٹھۍ
1507,The cat cleared the road in a single jump.,بیٛٲر تٔر أکِسٕے وۄٹہِ مںز سڑکہِ اَپور
1508,The lawyer tried to clear all charges against his client.,ؤکیٖلن کٔر پنُن مُؤکِل بےٚ گۄناہ ثٲبِت کرنٕچ کوٗشِش
1509,He cleared all his debts before passing away.,مرنہٕ برٛونٛٹھ وول تٔمۍ پنُن سورُے قرٕض نکھٕ
1510,Please write clearly with black ink.,مہربٲنی کٔرِتھ لیٖکِھو صاف صاف کرٛہنہِ میٖلہِ سۭتۍ
1511,They left the matter to the clergy's decision.,تِمو ترٛوو ییٚمہِ معاملُک فٲصلہٕ پادرِس پٮ۪ٹھ
1514,The lawyer tried to defend his client.,ؤکیٖلن کٔر پنٛنِس مُوَکِلس بچاونٕچ کوٗشِش
1516,They fell off the cliff.,تِم پیٚیہٕ تینتٲلۍ پٮ۪ٹھٕ ؤسۍ
1517,The climate is cooler in the east of the country.,مُلکٕکِس مشرِقس منٛز چُھ سرٕد موسٕم
1518,The present economic climate of my country is depressing.,سانہِ مُلکٕچ موجوٗدٕ معٲشی حالات چھےٚ مایوس کَرن واجیٚنۍ
1520,I cannot climb this mountain.,بہٕ ہٮ۪کہٕ نہٕ پہاڑس کٔھسِتھ
1521,Petrol costs have climbed rapidly in the past few years..,پٔتۍ مٮ۪ن کیٚنٛہن ؤرِین منٛز کھوٚت پیٚٹرول قۭمتَس واریاہ زیادٕ
1522,He climbed quickly to the top of his profession.,تٔمۍ کٔر پنٛنِس پیشَس منٛز واریاہ جلدی ترقی
1523,The child clinged to its mother.,شُر اوس پنٛنہِ ماجہِ لٲرِتھ گوٚمُت
1524,Wet clothes cling to the body.,أدٕرۍ پَلَو چھِ جِسمَس لٲرِتھ گَژھان
1525,He has a habit of clinging to the filthy things.,تٔمِس چُھ مٔکرِس لور روزنس عادت
1526,Don`t cling to the railings.,جنٛگلَس سۭتۍ مہٕ روٗزِو
1527,He seems to have very clinical attitude towards the kids.,تٔمِِس چُھ زن شُریٚن کُن غٲر جزبٲتی روَیہٕ
1528,He was under clinical observation.,سُہ اوس طَبی مُعٲینس تحت۔
1529,They brought an old clock.,تِمو أنۍ اکھ پرٛٲنۍ گٔر
1532,There is no close resemblance between these twins.,یِمن دۄن دُچن منٛز چُھ نہٕ زیادٕ ہِشر
1533,He took a close look at the book.,تٔمۍ وٕچھ کِتابہِ کُن غورٕ سان
1534,The match was a close contest.,یہِ میچ اوس اکھ برابر مُقابلہٕ
1537,The matter requires close investigation,یتھ معاملس چھےٚ سخٕت تحقیٖقاتٕج ضروٗرت۔
1538,They sat close to each other in the bus.,تِم بیٖٹھۍ بسہِ منٛز سۭتۍ سۭتۍ
1539,The door was closed at night.,بَر اوس راتس بنٛد کرنہٕ آمُت
1540,It rained heavily at the close of the football match.,فُٹ بال میچ کِس ٲخرَس پیوٚو واریاہ زیادٕ روٗد
1541,Is the bolt of the door closed?,بَرٕچ چُٹھکِنۍ چھا بنٛد
1542,He closely resembles his father.,سُہ چُھ پوٗرٕ رَلان مٲلِس سۭتۍ
1543,She looked closely at his photograph.,سۄ ٲس تٔمۍ سٕنٛدِس فوٹوَس غورٕ سان وٕچھان
1545,She is sewing a suit from black cloth.,سۄ چھےٚ کِرٛہنِس کپرَس سوٗٹ سُوان
1547,I prefer to wear light clothes in summer.,مےٚ چھِ رٮ۪تہٕ کالہِ تٔنۍ پَلَو لاگٕنۍ خۄش کَران
1548,You can pick three items of clothing.,ژٕ ہٮ۪کَکھ ترٛیٚیہِ قٕسمُک پۄشاک تُلِتھ
1551,I often go to the golf club.,بہٕ چُھس اکثر گاف کٕلَب گَژھان
1552,My grandfather uses club while going for a walk.,میون بٕڑۍبب چُھ پکنہٕ خٲطرٕ لورِ ہُنٛد اِستعمال کَران
1553,They clubbed him to death with rifles.,تِمو مور سُہ بٔنٛدوٗقَو سۭتۍ مار دی دی
1555,We are going to the airport by coach.,أسۍ گَژھو ہوٲیی اَڑس تانۍ گاڑِ منٛز
1556,They hired the best coach for the cricket team.,تِمو اوٚن کِرکٹ ٹیٖمہِ خٲطرٕ بہتٔریٖن کوچ
1558,Our coach tried to find the cause of our defeat.,سٲنۍ ہیٚچھناون وٲلۍ کٔر سانہِ ہارنٕچ وجہ معلوٗم کرنٕچ کوٗشِش
1559,They will be coached for around two months.,تِِم یِن لگ بگ دۄن رٮ۪تَن ہیٚچھناونہٕ
1560,They burned coal to heat the room.,کُٹھ گرماونہٕ خٲطرٕ زاجہِ تِمو ژِنہِ
1562,We can go to the coast in the evening.,أسۍ ہٮ۪کو شامس پٔٹِھس کُن گٔژِھتھ
1563,The children coasted along the slope.,شُرۍ ؤتھۍ چڑایہِ کٕھرِ
1564,He was wearing a leather coat.,تٔمِس اوس چمروٗ کوٹھ لٲگِتھ
1565,My pet cat has a smooth coat.,میٛانہِ بیٛارِ چھےٚ نَرم جَتھ
1566,These walls need a double coat of paint.,یِمن لَبن چھِ رنٛگٕکۍ زٕ پھش ضٔروٗرت
1567,I like biscuits coated with chocolate.,مےٚ چھِ تِم بِسکوٗٹ خۄش کَران یِمن پٮ۪ٹھٕ چاکلیٹ تَہہ آسہِ
1569,Passengers are not allowed to enter the cockpit.,سَواریٚن چُھ نہٕ کاک پِٹَس منٛز اژنُک اِجازت
1570,They communicate with each other using codes.,تِم چھِ پانہٕ وٲنۍ اِشارن منٛز کَتھ کران
1571,What is the pin code for your city?,چٲنِس شہرَس کیا چُھ پِن کوڈ
1572,Our school has issued a new dress code.,سٲنۍ مدرَسن چُھ اکھ نوٚو ڈرٛیٚس کوڈ جٲری کوٚرمُت
1573,The Intelligence agency coded all the messages.,اِنٹیٚلِجنس ایٚجنسی کٔرۍ تمام پیغام خفیہ کورڈن منٛز تبدیٖل۔
1574,She served coffee to the guests.,تٔمۍ دِژ پَژھیٚن کافی
1576,The girl put a coin in her piggy bank.,کورِ ترٛٲو پنٛنہِ بُگنہِ منٛز وَٹہٕ رۄپَے
1578,His hands were very cold.,تٔمۍ سٕنٛدۍ اتھٕ ٲسۍ سٮ۪ٹھا تٕرٕنۍ
1580,He was wearing a cold grey shirt.,تٔمِس ٲس چٔھژ سوٗرۍ رنٛگ قمیٖض لٲگِتھ۔
1581,It was really a cold news.,یہِٕ ٲس پٔزۍ پٲٹھۍ اکھ مایوٗس کرن واجیٚنۍ خبر۔
1582,She was cold for an hour after the accident.,سۄ ٲس حٲدِثہٕ پتہٕ أکِس گٲنٛٹس تانۍ بےٚ حیٚس۔
1583,We stopped cold behind a turn on the road.,أسۍ رُکییہِ پوٗرٕ پٲٹھۍ سڑکہِ پیٚٹھ أکِس موڈس پتہٕ کنہِ۔
1584,It was really cold last night.,پٔتۍمہِ رٲژ ٲس سخ تۭر
1585,I`m suffering from cold and cough.,مےٚ چُھ نٔزٕٕل تہٕ ژاس
1586,The kids made a collage of photographs.,شُرٮ۪و بَنوو فوٹوَن ہُنٛد اکھ کولاج
1588,He felt giddy and collapsed on the road.,تٔمِس آو گیٛوٗر تہٕ پیٚیو سڑکہِ پٮ۪ٹھ
1589,The company collapsed due to lack of funds.,مٲلی وصٲیِلن ہِنٛزِ کٔمی باپتھ گٔیہٕ کمپٔنی بنٛد
1590,The price of goods collapsed due to economic depression.,خراب مُعٲشی حالت آسنہٕ کِنۍ ووٚتھ سامانہٕ کِس قۭمتَس
1591,His story collapsed on investigation,تفتیٖشس پیٚٹھ گٔیہِ تٔمۍ سٕنٛز دلیٖل ناکام۔
1592,He collapsed from loss of blood.,خوٗن نیرنہٕ کِنۍ گوٚو سُہ بےٚ حٮ۪س۔
1593,The collapse of harmony resulted in a major strife.,مِلہٕ ژارس منٛز ناکٲمی کِنۍ گٔیہٕ اکھ بٔڑ لڑٲے
1594,The collar of his shirt is very clean.,تٔمۍ سٕنٛزِ کٔمیٖزِ ہُنٛد کالر چُھ واریاہ صاف
1595,Our dog has its name on its collar.,سٲنِس ہوٗنۍ سُنٛد ناو چُھ تٔمۍ سٕنٛدِس پَٹس پٮ۪ٹھ لیٚکِھتھ
1596,Police were able to collar the thieves.,پُلسہٕ گوٚو ژوٗرن رٹنَس منٛز کامیاب
1597,I will collect you from the airport.,بہٕ اَنتھ ژٕ ہَوٲیی اڑٕ پٮ۪ٹھٕ
1598,A crowd collected near the central mosque.,اکھ ۂجوٗم گوٚو مرکٔزی مٔشیٖدِ نِش جمع
1599,We are collecting for cyclone victims.,أسۍ چھِ طوٗفان کیٚن مُتٲثِریٖنن خٲطرٕ چنٛدٕ جمع کران
1600,She collected the prize on behalf of her friend.,تٔمۍ روٚٹ پنٛنِس دوستہٕ سٕنٛدِ بدلہٕ انعام
1601,The sweeper collected all the garbage.,واتلَن نیٛوو سورُے ژھۄٹھ
1603,They sing the collect every morning .,تِم چھِ پرٛٮ۪تھ صُبحن دُعا پَران
1604,She tries to remain collected in any adversity.,سۄ چھےٚ کُنہِ تہِ مُصیٖبَتس منٛز صٲبِر روزٕچ کوٗشِش کران
1605,She has a huge collection of toys.,تٔمِس چُھ تماشن ہُنٛد اکھ بوڑ ڈیر
1606,In 2001 she published a collection of essays.,2001 ہس منٛز گوٚر تٔمۍ مضموٗنن ہُنٛد اکھ سوٚمبرن شایع۔
1607,A collection of students attended the seminar.,طٲلبہِ عٔلمَن ہِنٛزِ جمٲژ کٔر سیٚمِنارس منٛز شِرکت
1608,This is our collective decision.,یہٕ چُھ سون اِکہٕ وٹُک فٲصلہٕ
1610,My parents want me to study in the best college.,میٛون مول موج چھِ یَژھان زِ بہٕ گَژھٕ اصٕل کالجس منٛز پرُن
1611,My father is a colonel in the army.,میٛون مول چُھ فوجس منٛز کرنل
1612,There are still colonial style houses to be seen around.,وٕنہِ تہِ چھِ ہیٚکان نَو آبادِیٲتی طرزِکۍ مکان أنٛدۍ پٔکۍ وٕچِھتھ۔
1613,Our colony has big houses.,سانہِ بٔستی منٛز چھِ بٔڑی مکان
1614,They established a colony in the 18th century.,تِمو کٔر 18 ہِمہِ صدی منٛز نو آبٲدی قٲیِم۔
1616,Her life has been very colorful.,تٔٔمۍ سٕنٛز زِنٛدگی ٲس بڑٕ بہتٔریٖن
1617,The colour of the sky has faded.,اسمانُک رنٛگ چُھ چھتیٛومُت
1618,He coloured the pots in red.,تٔمۍ کوٚر گملن وۄزُل رنٛگ
1619,The farmer did not want to sell his colt.,زٔمیٖن دار اوس نہٕ یَژھان پنُن بَچھیرٕ کٕنُن
1620,This building has marble columns.,یتھ عٮ۪مارتہِ چھِ سنٛگہِ مر مَرٕکۍ تھم
1621,The column of the battalion was moving forward.,فوجی پلٹَنٕچ چھۄکھ ٲس برٛونٛہہ کُن پکان۔
1622,Each page of the book has two columns.,کِتابہِ ہِنٛدِس ہر صَفس چھِ زٕ کالم
1623,Please use you own comb.,مہربٲنی کٔرِتھ کٔرِو پنُن کنٛگُو اِستعمال
1624,The cock had a colourful comb.,کۄکرٕ سُنٛد مۄوَل اوس رٔنٛگیٖن
1626,Comb your hair.,پنٛنِس مستَس کر کنٛگٕنۍ
1627,They combed the area for the missing child.,تِمو چُھ تتھ جایہِ لاپَتہہ بچہٕ رژِھ رژِھ ژھونٛڑمُت
1628,There was a fierce combat between the two groups .,دۄن دَرٮ۪ن درمِیان اوس سخٕت جنٛگ
1629,The villagers were combating dacoits.,گامٕکۍ ٲسۍ ڈاکوٗوَن سۭتۍ لَڑٲے کَران
1630,The organization was formed by a combination of two parties.,یہِٕ تنظیٖم ٲس دۄن جمٲعژن ہِنٛدِ اِتِحاد سۭتۍ بناونہٕ آمٕژ۔
1631,His character is a combination of strength and kind heartedness.,تٔمۍ سُنٛد کِردار چُھ طاقت تہٕ رحم دِلی ہُنٛد میُل
1632,We need to combine different resources.,اسہِ چھِ مُختٔلِف وسٲیِل رَلاونٕچ ضٔروٗرت
1633,He has to come from Indore.,تٔمِس چُھ اِنٛدور پٮ۪ٹھٕ یُن
1634,We have come a long distance.,أسۍ چھِ دوٗرِ پٮ۪ٹھٕ سفر کٔرِتھ آمٕتۍ
1635,He came running to her.,سُہ آو تٔمِس کُن دَوان دَوان
1636,"Come, let us go.",پٔکِو نیرَو
1637,Women outfit comes in various designs.,زنانن ہِنٛدۍ پۄشاک چھِ مُختٔلِف ڈِزاینن منٛز یِوان
1639,I have come to the final conclusion now.,بہٕ چُھس وۄنۍ ٲخری نٔتیٖجس پٮ۪ٹھ ووتمُت
1641,She tried to come innocent.,تٔمۍ کٔر بےٚ گۄناہ لاگنٕچ کوٗشِش۔
1643,He came first in the poetry competition.,شٲعِری ہِنٛدِس مُقابلس منٛز آو سُہ اَول نمبرَس پٮ۪ٹھ
1644,His comedy made everybody laugh.,تٔمۍ سٕنٛدۍ مزاحِین اسنٲوۍ سٲری۔
1645,I want comfort for my mother.,بہٕ چھس پنٛنہِ ماجہِ ہِنٛدِ خٲطرٕ آرام یَژھان
1646,This pillow doesn`t give me any comfort.,یہٕ شانٛد چُھ نہٕ مےٚ کانٛہہ تہِ آرام دِوان
1647,This room is comfortable for us.,یہٕٕ کُٹھ چُھ سانہِ خٲطرٕ آرام دِہہ
1648,Buy some comfortable wear for me.,میٛانہِ خٲطرٕ أنِو کیٚنٛہہ آرام دِہہ پَلَو
1649,The coming generation has bright future.,یِنہٕ واجنہِ نسلہِ ہُنٛد مُستقبِل چُھ روشن
1650,His coming to our house proved to be a good omen.,تٔمۍ سُنٛد سٲنِس گَرَس منٛز یُن پیوٚو پُھروٗژ
1651,The command of the organization is held by the leader.,تنٛظیٖمہِ ہُنٛد اِختیار چُھ سربَراہَن روٚٹمُت
1652,He was dismissed for violating the officer`s command.,افسر سٕنٛدِس حُکمَس خٕلاف ورزی کرنس پٮ۪ٹھ آو سُہ کڑنہٕ
1653,She has a good command over Persian.,تٔمِس چُھ فارسی پٮ۪ٹھ اصٕل عٔبوٗر
1654,The army tried to command the mob.,فوجن کٔر ۂجوٗم قوبوٗ کرنٕچ کوٗشِش
1655,This lawyer commands a high fee.,یہٕ ؤکیٖل چُھ واریاہ فیٖس منٛگان
1656,The commander commended the army for its bravery.,کَمانڈَرن کٔر فوجس تِہنٛزِ بہدوٗری خٲطرٕ تعریٖف
1657,I value your comments on this issue.,بہٕ چُھس یتھ مسلس پٮ۪ٹھ تُہنٛدٮ۪ن تبصُرن ہِنٛز قدٕر کران
1658,She commented on the weather.,تٔمۍ دِژ موسمَس پٮ۪ٹھ پنٕنۍ راے
1659,We are extending our commerce throughout the state.,أسۍ چھِ سٲرِسٕے رِیاستَس منٛز پنُن تِجارت بڑاوان
1660,They send a number of commercial messages to each other.,تِم چھِ اکھ أکِس واریاہ تِجارتی شیٚچھٕ سوزان
1661,The university commission investigated the corruption case.,یُنوَرسِٹی کٔمِشَنن کٔر رُشوَت کِس معاملَس منٛز تحقیٖقات
1662,You will get your commission after the deal.,سودا پتہٕ میلی ژےٚ پنٕنۍ درٛالز
1663,Kumar has been commissioned as a colonel.,کُمار چُھ بَطورِ کرنل تعیِنات کرنہٕ آمُت
1664,His father is a police commissioner.,تٔمۍ سُنٛد مول چُھ پُلیٖسُک کٔمِشنَر
1667,He has committed to marry her.,تٔمۍ چُھ تٔس خانٛدر کرنُک وادٕ دیُتمُت
1669,The committee has decided to promote him.,کٔمیٖٹی چُھ تٔمِس ترقی دِنُک فٲصلہٕ کوٚرمُت
1670,Almost all commodities are available in that market.,تتھ بازرَس منٛز چھِ لگ بگ سٲری چیٖز دٔستِیاب
1671,It is a common disease these days.,یہِ چھےٚ از کل اکھ عام بٮ۪مٲرۍ
1672,This is the common garden of our family.,یہٕ چُھ سانہِ خانٛدانُک مُشترکہٕ باغ
1673,Rice is commonly consumed by the Indians.,ہِنٛدُستانٕکۍ لُکھ چھِ عٔموٗمن بتہٕ کھٮ۪وان
1674,Air travel is commonplace nowadays.,ہوٲیی سفر چُھ از کل عام گوٚمُت
1675,Unemployment has became commonplace these days.,بےٚ روزگٲری چھےٚ ازکَل عام گٔمٕژ
1676,Please communicate this message to all employees.,مہربٲنی کٔرِتھ واتنٲیِو یہِ شیٚچھ سارِنی مُلٲزِمن تانۍ
1677,The situation was worsened by the lack of communication,رٲبِطہٕ نہ آسنہٕ کِنۍ گٔیہٕ حالات مٔزیٖد خراب
1678,Good communication skills are essential in this job.,یتھ نوکری خٲطرٕ چُھ اصٕل کتھ باتھِ ہُنٛد ہوٚنر ضٔروٗری
1679,There are no longer any traces of communism.,ییٚتہِ چھِ نہٕ وۄنۍ اِشتِمالِیتٕکۍ آثار لبنہٕ یِوان
1680,He is a communist.,سُہ چُھ اِشتِمٲلی
1681,He is well known in his community.,سُہ چُُھ پنٛنہِ بَرادٔری منٛز ناموَر
1682,His companions have spoiled his habits.,تٔمۍ سُٕنٛدٮ۪و سٲتِھیَو چھِ تٔمۍ سٕنٛدۍ عادات بِگٲڑۍ مٕتۍ
1683,His company made a lot of profit.,تٔمۍ سٕنٛزِ کمپٔنی زیوٗن واریاہ نفع
1685,His house is comparable to a palace.,تٔمۍ سُنٛٛد مکان چُھ محلَس سۭتۍ مُقابلَس لایق
1686,They are doing a comparative study of two languages,تِم چھِ دۄن زبانن ہُنٛد تقابُلی مُطالعہٕ کران۔
1689,There is no comparison between these two books.,یِمن دۄن کِتابن ہُنٛد چُھ نہٕ کانٛہہ مُقابلَے
1690,The couple separated because they were not compatible.,بٲژ زٕ گٔیہٕ الگ تِکیازِ تِم ٲسۍ نہٕ اکھ أکِس سۭتۍ مُوٲفِق۔
1691,They were compelled to leave the state.,تٔمۍ ٲسۍ آمٕتۍ رِیاست ترٛاونہٕ خٲطرٕ مجبوٗر کرنہٕ
1692,The company paid the compensation for the loss.,کمپٔنی دیُت نۄقصانُک مُعاوضہٕ
1693,They started competing with each other.,تِمو ہیوٚت اکھ أکِس سۭتۍ مُقابلہٕ کرُن
1694,We have no doubt about her competence.,تٔمۍ سٕنٛزِ قٲبلِیَتہِ پٮ۪ٹھ چُھ نہٕ اسہِ کانٛہہ تہِ شَکھ
1695,He is a competent doctor.,سُہ چُھ اکھ قٲبِل ڈاکٹر
1696,This is an era of competition.,یہٕ چُھ مُقابلُک دور
1697,He is a highly competitive member of the organization.,سُہ چُھ تنٛظیٖمہِ ہُنٛد بڑٕ لایق رُکُن
1698,Some competitors were nervous.,کیٚنٛہہ مُقابلہٕ کَرن وٲلۍ ٲسۍ وسوٲسۍ گٔمٕتۍ
1699,The teacher complained to the parents about their ward's misbehaviour.,وۄستادن کٔر مٲلِس ماجہِ تِہنٛدس شُرۍ سٕندِ بد سٔلوٗکی ہِنٛز شیٚکایَت
1700,He launched a complaint against his neighbour.,تٔمۍ کٔر پنٛنِس ہمسایس خٕلاف شیٚکایَت دَرٕج
1701,You need to give complete information.,تۄہہِ چَھو پوٗرٕ زانٛکٲری دِنٕچ ضٔروٗرت
1702,Please complete your work.,مہربٲنی کٔرِتھ کٔرِو پنٕنۍ کام پوٗرٕ
1703,I finished my work completely.,مےٚ مۄکلٲو پنٕنۍ کٲم پوٗرٕ پٲٹھۍ
1704,The completion of this work will still take a lot of time.,یتھ کامہِ ہِنٛدِس مُکمل گژھنس لگہِ وُنہِ تہِ واریاہ کال۔
1705,He solved a complex problem in no time.,تٔمۍ کوٚر اکھ مُشکِل مسلہٕ سٮ۪ٹھا کم وقتَس منٛز حل
1706,He could now understand the complexity of this problem.,تٔمِس توٚر ییٚمہِ مسلُک کُھر وۄنۍ پِھکرِ
1708,He explained a complicated topic in a very simple way.,تٔمۍ سمجوو اکھ مُشکِل موضوٗع واریاہ سہل طٔریٖقس منٛز
1710,He began to compose a letter for his friend.,تٔمۍ ہیٚژ پنٛنِس دوستَس خٲطرٕ چِٹھۍ لیٚکٕھنۍ
1711,Air is composed mainly of nitrogen and oxygen.,ہوا چُھ بُنیٲدی طورس پیٚٹھ نایٹروجن تہٕ آکسیٖجنُک بنیومُت۔
1712,He was perfectly composed even after hearing the news.,خبر بوزنہٕ پتہٕ تہِ روٗد سُہ پُر سُکوٗن
1715,It is a beautiful composition.,یہِ چھےٚ اکھ بہتٔریٖن مضموٗن نِگٲری
1716,This is a good topic for your composition.,یہِٕ چُھ چانہِ مَضموٗنہٕ خٲطرٕ اکھ اصٕل موضوٗع
1717,Salt is a compound of sodium and chlorine.,نوٗن چُھ سوڈیم تہٕ کُلوریٖنُک مُرکب
1718,Our school had a big compound.,سٲنِس مدرَسس اوس بوٚڑ صَحن
1719,"He compounded water, sand and soil to form bricks.",سیرِ بناونہٕ خٲطرٕ رَلوو تٔمۍ آب، سیٚکھ تہٕ میٚژ
1720,She has written a comprehensive essay.,تٔمۍ چُھ اکھ تفصیٖلی مضموٗن لیٛوٗکھمُت
1721,The file comprised of several documents.,فایلہِ منٛز ٲسۍ مُختٔلِف دستاویز شامِل
1722,They are not ready to compromise.,تِم چھِ نہٕ سمجوتہٕ خٲطرٕ تیار
1723,We will have to make some compromises in order to solve the problem.,مسلہٕ حل کرنہٕ خٲطرٕ پٮ۪ن اسہِ کیٚنٛہہ سمجوتہٕ کَرٕنۍ
1724,The computing was done by the accountant.,حِساب کِتاب اوس مُنٕش کوٚرمُت
1726,She conceded at the verdict after the debate.,بحژٕ پتہٕ مون تٔمۍ فٲصلہٕ
1727,She conceived with great difficulty.,سۄ روٗز بڑٕ مُشکِلی سان بیٚیہِ زُوٕ
1728,I could not conceive that she would do such a silly thing.,مےٚ اوس نہٕ سوٗنٛچمُتُے زِ سۄ کرِ یِژھ بیوقوٗفی
1729,I am not able to concentrate on my work.,بہٕ چُھس نہٕ ہٮ۪کان پنٛنہِ کامہِ کُن تَوَجہٕ دِتھ
1730,I find it difficult to improve my concentration.,مےٚ چُھ پنُن تَوَجہ بہتر بناوُن مُشکِل باسان
1732,We must stress on the basic concepts of the subject.,اسہِ پزِ موضوٗع کِس بُنیٲدی تصَوُرس پٮ۪ٹھ زور دیُن
1733,He has no conception of how a successful bussiness should run.,تٔمِس چُھ نہٕ کانٛہہ تہِ تَصَوُر زِ اکھ کامیاب کاروبار کِتھ کٔنۍ چلہِ
1735,This is not my concern.,یہٕ چھےٚ نہٕ میٛٲنۍ پَریشٲنی
1736,She is very much concerned about her health.,تٔمِِس چھےٚ پنٛنہٕ صحتٕچ سٮ۪ٹھا فِکِر
1738,I spoke to him concerning his problem.,مےٚ کٔر تٔمِس سۭتۍ تٔمۍ سٕنٛدِس مسلس مُتعلِق کَتھ
1739,I attended a music concert yesterday.,مےٚ کٔر راتھ أکِس گٮ۪وَن محفِلِ مںٛز شِرکت
1740,She concluded the lecture by thanking the audience.,ناظریٖنن ہُنٛد شُکر ادا کٔرِتھ کوٚر تٔمۍ پنُن تقریٖر اِختِتام پٔزیٖر
1742,The police concluded that it was a murder case.,پُلیٖس ووت اتھ نٔجیٖس پٮ۪ٹھ ز یہٕ اوس اکھ قتلُک معاملہٕ
1743,He reaches to the conclusion eventually.,سُہ چُھ ٲخٕر نٔتیٖجَس واتان
1744,There is no end to learning.,ہیٚچھنَس چُھ نہٕ کانٛہہ تہِ انٛد آسان
1746,The bridge is supported by concrete pillars.,کٔدٕل چُھ پۄختہٕ تھمبَن پٮ۪ٹھ کھڑا
1748,She is in a very bad condition.,سۄ چھےٚ واریاہ خراب حالتہِ منٛز
1749,Her condition improved slowly.,تٔمۍ سٕنٛز حالت گٔیہٕ وارٕ وارٕ ٹھیٖکھ
1750,They put too many conditions on her returning back.,تٔمۍ سُٕنٛدِس واپس یِنَس پٮ۪ٹھ تٔھوۍ تِمو واریاہ شرٕط
1753,The bus conductor collects the fare from the passengers.,گاڑِ ہُنٛد کٔلیٖنَر چُھ سَوارٮ۪ن کِرایہٕ رَٹان
1754,He was the chief conductor of the project.,سُہ اوس پرٛوجَکٹُک اَہم ہِدایت کار
1755,The conductor responded kindly to my question.,سردارن دیُت نرمی سام میٛانِس سوالس جواب۔
1756,Ramu and his confederate got arrested for doing illegal bussiness.,راموٗ تہٕ تٔمۍ سُنٛد سٲتھی آو غٲر قونونی کاروبار کرنس پٮ۪ٹھ رٹنہٕ
1758,He made the confession of his crime before the judge.,تٔمۍ کوٚر جَجس برٛونٛہہ کنہِ پنٛنہِ جُرمُک اقرار
1759,I have enough confidence in our team.,مےٚ چُھ پنٛنہِ ٹیٖمہِ پٮ۪ٹھ پوٗرٕ بَروسہٕ
1760,He is a confident singer.,سُہ چُھ اکھ با اعتِماد گٮ۪ون وول۔
1761,His knowledge about life is confined to books only.,زِنٛدگی مُتعلِق تٔمۍ سُنٛد عٔلِم چُھ کِتابنٕے یوت تانۍ محدوٗد
1762,It's a sin to keep animals in confined spaces.,جانوَر محدوٗد جاین منٛز تھاوٕنۍ چھِ گۄناہ
1763,He confirmed that the money has been paid.,تٔمۍ کوٚر تصدیٖق زِ پونٛسہٕ چھِ ادا کرنہٕ آمٕتۍ
1764,She was recruited as a contractual employee and was confirmed later on.,سۄ آیہٕ بَطورِ عٲرضی مُلٲزِم بٔرتی کرنہٕ تہٕ تمہِ پتہٕ آیہٕ مُستَقِل کرنہٕ
1765,He is always in conflict with his family.,تٔٔمِس چُھ پرٛٮ۪تھ وِزِ پنٛنِس عیالس سۭتۍ تنازٕ آسان
1766,"If the two sides conflict with each other again, it will be harmful for the unity of the party.",اگر دۄن دَریٚن درمِیان بیٚیہِ ٹکراو گَژھِ سُہ چُھ پارٹی ہِنٛزِ یکجہتی خٲطرٕ مُضِر
1767,Was his action in conformity with the law?,تٔمۍ سٕنٛز عمل ٲسا قونوٗنس مُطٲبِق؟
1768,A soldier has to confrot the danger.,أکِس فوجیٖیَس چُھ پٮ۪وان خطرُک مُقابلہٕ کرُن
1769,There was a confrontation between the two groups.,دۄن دَرٮ۪ن درمِیان گٔیہٕ بُتھۍ لاگَے
1770,These questions confuse the students.,یِتھۍ سوال چھِ طٲلبہِ عٔلِمن دُلہٕ مُلَس منٛز ترٛاوان
1772,He is always present in the congregation.,سُہ چُھ اِجتِماعس منٛز پرٛٮ۪تھ وِزِ موجوٗد آسان
1773,They have gathered for congregational prayer.,تِم چھِ باجماعت نٮ۪ماز پرنہٕ خٲطرٕ سَمیمٕتۍ
1774,A congress of enviornmentalists will be held in the next month.,ماحولیات کٮ۪ن ماہِریٖنن ہِنٛز مجلِس یِیہٕ نیہٕ رٮ۪تہٕ مُنعقد کرنہٕ
1776,These two chemical mixtures can easily conjugate with each other.,یِم زٕ کیٖمیٲیی مرکب ہیٚکن آسٲنی سان اکھ أکِس سۭتۍ رٔلِتھ۔
1777,Will you connect this wire to the television.,تُہۍ لٲگوِ یہِ تار ٹی وِیَس
1780,He has quite influential connections.,تٔمِس چھِ سٮ۪ٹھا صاحبہِ اختِیار تعلُقات
1781,My conscience won't allow me to do this task.,مےٚ دی نہٕ پنُن ضٔمیٖر یہٕ کٲم کرنٕچ اِجازت
1782,He made a conscious effort to speak politely.,تٔمۍ کٔر شرافت سان کتھ کرنٕچ باخبر کوٗشِش۔
1783,He is a very conscious person.,سُہ چُھ سٮ۪ٹھا ہوشیار نَفر
1784,He lost consciousness while working.,کٲم کَران کَران روٗد نہٕ تٔمِس زۄنٕے
1785,I married this guy after getting consent from my parents.,پنٛنِس مٲلِس ماجہِ ہِنٛدِ اِجازتہٕ پتہٕ کوٚر مےٚ ییٚمِس لٔڑکس سۭتۍ خانٛدر
1786,I was surprised when he consented.,بہٕ گوس حٲران ییٚلہِ تٔمۍ منٛظوٗری دِژ
1788,C,اتھ چھےٚ نہٕ کانٛہہ تہِ اہمِیَتھ
1789,She met with an accident and consequently lost her eyesight.,سۄ گٔیہٕ اکہِ حٲدِثِچ شِکار ییٚمہِ کِنۍ تٔمِس أچھن ہُنٛد گاش گوٚو
1790,She has grown up in a conservative family.,سۄ چھےٚ اعتِدال پَسنٛد گَرس منٛز بَڑیمٕژ
1792,The fire caused considerable damage.,نارٕ سۭتۍ گوٚو سٮ۪ٹھا نۄقصان
1793,The price of gold has increased considerably.,سۄنُک قۭمت چُھ واریاہَس حَدس تانۍ بَڑیومُت
1794,They have got no consideration for others.,تِٔمن چھےٚ نہٕ بیٚین ہِنٛز کانٛہہ تہِ فِکِر
1795,She was given an off from school considering her illness.,تٔمۍ سٕنٛز بٮ۪مٲرۍ مدِنظر تھٲوِتھ آیہِ تٔمِس مدرَسہٕ منٛزِ چُھٹی دِنہٕ
1797,She maintains consistency in her pace at work.,سۄ چھےٚ کامہِ منٛز پنٛنہِ رفتارُک ہِشر برقرار تھاوان۔
1798,She is not consistent with her decisions.,سۄ چھےٚ نہٕ پنٛنیٚن فۭصلن سۭتۍ ہم آہنٛگ۔
1799,He worked hard consistently to get good marks.,اصٕل نمبرات حٲصِل کرنہٕ خٲطرٕ کٔر تٔمۍ لگاتار محنت
1800,There are twenty one consonants in English alphabets.,اںگریٖزۍ حٔروٗف تہجی منٛز چھِ اکوُہ کانسوننٛت
1801,They felt that it is a government conspiracy.,تِمن باسیٛو زِ یہٕ چھےٚ سرکارٕچ سٲزِش
1802,We need to maintain constant pace at work.,اسہِ چھےٚ کامہِ منٛز یکسان رفتار برقرار تھاونٕچ ضروٗرت۔
1803,You have to maintain a constant speed while driving.,گٲڑۍ چلاونہٕ وِزِ چَھو تۄہہِ اکھ بَرابر رفتار قٲیِم تھاوٕنۍ
1804,"Because of the constant use of this route, its condition has become worst.",ییٚمہِ وَتہِ ہِنٛدِ مُسلسَل اِستعمالہٕ کِنۍ چھےٚ ایٚمِچ حالت بَتر گٔمٕش
1805,My dog has been my constant companion.,میٛون ہوٗن چُھ میٛون وَفادار سٲتھۍ روٗدمُت
1807,Twelve months constitute a year.,باہ رٮ۪تھ چھِ اکھ ؤری بناوان
1808,"The constitution of India came into effect from 26th January, 1950.",ہِنٛدُستانُک ٲییٖن گوٚو ۲۶ جنؤری ۱۹۵٠ پٮ۪ٹھٕ نافِز
1809,All the members should follow the constitution of this institute.,سارنی رُکنَن پزِ اِدارٕکہِ دوٚستوٗر مُطابِق پکُن
1810,His elder brother is has a weak constitution.,تٔمۍ سٕنٛدِس بٔڑِس بٲیِس چُھ کمزور توازُن
1811,A big constitutional change was brought up in Pakistan.,پٲکِستانس منٛز آیہٕ اَکھ بٔڑ ٲیِنی تبدیٖلی انٛنہٕ
1812,He is not able to work due to constitutional weakness.,جِسمٲنی کمزوٗری آسنہٕ کِنۍ چُھ نہٕ سُہ ہٮ۪کان کٲم کٔرِتھ
1813,They have constructed a new building on the road.,تِمو چھےٚ سڑکہِ پٮ۪ٹھ اکھ نٔو عٮ۪مارت بنٲومٕژ
1816,I have to consult a doctor.,مےٚ چھےٚ ڈاکٹَرس راے ہیٚنۍ
1817,You can consult the book.,ژٕ ہیٚکَکھ کِتاب وُچِھتھ
1818,The new budget can affect the consumers.,نوٚو بَجٹ ہیٚکہِ خٔریٖدارن مُتٲثِر کٔرِتھ
1819,The petrol consumption of this car is very high.,یتھ گاڑِ چُھ واریاہ زیادٕ پیٚٹرول خَرٕچ
1820,He died of consumption.,سُہ موٗد شِشہٕ نارِچہِ بیٚمارِ کِنۍ۔
1821,If the glue comes in contact with your skin it can stick to it.,اگر گونٛد چانہِ ژمہِ سۭتۍ لَگی تیٚلہِ ہیٚکَکھ سُہ اتھ لٲرِتھ گٔژِتھ
1822,They have maintained regular contact since the engagement.,تِمو تھوو نِشانہِ پٮ۪ٹھٕ بَرابر رٲبِطہٕ قٲیِم
1823,I am not in contact with him at all.,مےٚ چُھ نہٕ تٔمِس سۭتۍ کانٛہہ تہِ رابِطہٕ
1824,He used all his contacts to get the required information.,ضٔروٗرِیٲتی زانٛکاری حٲصِل کرنہٕ خٲطرٕ کوٚر تٔمۍ پنٛنیٚن تمام رٲبِطن ہُنٛد اِستعمال
1825,It is better to contact the boss.,صحبَس سۭتۍ رٲبطہٕ کرُن روزِ بہتر
1827,This book contains 100 tales for kids.,یتھ کِتابہِ منٛز چھےٚ شُریٚن خٲطرٕ ہتھ دٔلیٖلہٕ
1828,Her blood contained poison.,تٔمۍ سٕنٛدِس خوٗنس منٛز اوس زہر شٲمِل۔
1830,The bottle contained acid.,یتھ بوتلہِ منٛز چُھ تیز آب
1831,You should contemplate on this problem.,ژےٚ پَزی یتھ مسلَس پٮ۪ٹھ غور کرُن
1832,Almost all of the contemporary accounts of the event have been lost.,لگ بگ چھِ تقریٖبہِ ہِنٛزٕ تمام موجودٕ وضاحتہٕ رایمژٕ۔
1833,The event was recorded by a contemporary historian.,یہِ واقع اوس أکۍ ہم عصر توٲریٖخ دانن درج کوٚرمُت۔
1834,He was a contemporary of Darwin.,سُہ اوس ڈارون سُنٛد سٲتھی۔
1837,She is contending for the first prize.,سۄ چھےٚ گۄڈنِکہِ انعامہٕ خٲطرٕ جدوجَہر کران
1838,He aspires to live his life with peace and content.,سُہ چُھ سُکوٗن تہٕ خۄش دِلی ہِنٛز زِنٛدگی بَسر یَژھان کرُن
1839,The police emptied his bag to check its contents.,پُلسن کوٚر تٔمۍ سُنٛد بیگ خٲلی یُتھ تِم تتھ منٛز موجود سامان وُچِھتھ ہیٚکَن
1840,The newspaper did not contain entire content of the article.,اخبارس منٛز اوس نہٕ مضموٗنُک پوٗرٕ مَواد
1841,He is content with his life.,سُہ چُھ پنٛنہِ زِنٛدگی خۄش
1842,There is no list of contents at the start of the book.,کِتابہِ ہِنٛدِس گۄڈنِکِس حِصس منٛز چھےٚ نہٕ موضوٗعن ہِنٛز فہرست موجودٕے۔
1843,These worldly things do not content me.,یِمو دُنیٲوی چیٖزَو سۭتۍ چُھس نہٕ بہٕ مُطمعیٖن گَژھان
1844,Her daughter has won the singing contest.,تٔمۍ سٕنٛزِ کورِ زیوٗن گٮ۪ونُک مُقابلہٕ
1845,There was a tough contest for the headership.,سربَرٲہی خٲطرٕ اوس سخ مُقابلہٕ
1846,The lawyer contested the case successfully.,ؤکیٖلن لوٚڑ مُقدِم کامیٲبی سان
1847,His step brother contested for his right to property.,تٔمۍ سُٕنٛد وۄرٕ بوے اوس جادادَس پٮ۪ٹھ پنٛنہِ حقہٕ خٲطرٕ لَڑان
1848,Please mention the entire context.,مہربٲنی کٔرِتھ کٔرِو پوٗرٕ عِبارتہِ ہِنٛز ذِکِر
1849,Africa is a big continent.,افریٖکہ چُھ اکھ بوٚڑ برصٔغیٖر
1850,He complained continually about the lack of money.,تٔمۍ کٔر لگاتار پونٛسَن ہِنٛزِ کٔمی ہِنٛز شیٚکایت
1851,The continuation of the strike caused a lot of poverty.,ہرتال کہِ جٲری روزنہٕ سۭتۍ آیہِ سیٚٹھا غربت۔
1852,We cannot continue their service any longer.,أسۍ ہٮ۪کو نہٕ تِہِنٛز خٕدمات مٔزیٖد جٲری تھٲوِتھ
1853,We must ensure continuity of food supplies to the public.,اسہِ پزِ عوامَس کھٮ۪ن کھۄردَن جٲری تھاونُک یٔقیٖن دیُن
1854,He had continuous fever for a week.,تٔمِس اوس أکِس ہفتَس لَگاتار تَپھ
1855,Sculptor has created smooth contours of a sculpture.,موٗرَتھ گٔرۍ چھےٚ موٗرتھِ ہُنٛد ہموار نقشہٕ بَنوومُت
1857,You can read the terms of the contract thoroughly.,ژٕ ہیٚکَکھ مُہادٕکۍ شَرٲیِط اصٕل پٲٹھۍ پٔرِتھ
1858,Metal contracts as it cools down.,دھات چُھ تُرُن گٔژِھتھ ژَمان
1859,They have contracted to build a new hospital.,تِمو چُھ نوٚو شفاخانہٕ بَناونُک ٹھیکہٕ کوٚرمُت
1860,He contracted measles while travelling.,سفرَس دوران لاریٚیہِ تٔمِس واپٕتۍ
1861,We cannot tolerate the acts contrary to our principles.,أسۍ ہٮ۪کو نہٕ پنٛنیٚن أصوٗلن مُخٲلِف کانٛہہ تہِ کٲم برداشت کٔرِتھ
1862,There is a remarkable contrast between these twins.,یِمن دۄن دُچن منٛز چھےٚ سٮ۪ٹھا فَرق
1863,His deeds contrasted sharply with his promises.,تٔمۍ سٕنٛدۍ اعمال ٲسۍ تٔمۍ سٕنٛدٮ۪ن وعدَو نِش بِلکُل الگ
1864,He has contributed a lot to his family.,تٔمۍ چُھ پنٛنِس عیالس واریاہ مدد کوٚرمُت
1865,You can contribute some money to the victims of flood.,ژٕ ہیٚکَکھ سٔہلاب زَدن کیٚنٛہہ پونٛسہٕ دِتھ
1866,All are welcome to contribute to the discussion.,بہژَس منٛز حِصہٕ نِنہٕ خٲطرٕ یی سارنی خٲرمقدم کرنہٕ
1867,She contributes small poems to her school magazine.,سۄ چھےٚ پنٛنہِ سٔکوٗل چہِ میگزیٖنہِ لۄکچہِ نظمہٕ فَراہم کَران
1868,I am proud of my contribution in the research work.,مےٚ چُھ تحقیٖقی کامہِ منٛز پنٛنِس شَراکَتس پٮ۪ٹھ فَخٕر
1869,He expected his contribution to be repaid with interest.,تٔمِس ٲس وۄمید زِ تٔمۍ سُنٛد حِصہٕ یی سوٗد ہٮ۪تھ واپس دِنہٕ
1870,I have made monetary contribution for the refugees.,مےٚ چُھ مُہاجِرن خٲطرٕ مٲلی اِمداد دیُتمُت
1871,Historians are requesting contributions for a forthcoming book on the history of the community,توٲریٖخ دان چھِ بٔستی ہِنٛدِس توٲریٖخس پیٚٹھ یِنہٕ واجنہِ کِتابہِ خٲطرٕ مضموٗنن ہِنٛز درخواست کران۔
1872,He has no control over his temper.,تٔمِس چُھ نہٕ پنٛنِس شَراتس پٮ۪ٹھ کانٛہہ تہِ قابوٗ
1873,We need to control our children.,اسہِ چھِ پَنٕنۍ شُرۍ اِختِیارس منٛز تھاونٕچ ضٔروٗرت
1874,The judge's decision provoked controversy.,جَجہٕ سٕنٛدٕ فٲصلہٕ سۭتۍ ووٚتھ اِختِلاف
1875,The conference will be convened next week.,کانفرٛنس یِیہٕ نَیہٕ ہفتہٕ مُنٛعقد کرنہٕ
1876,They convened a meeting of the members of the organization.,تِمو بُلٲو تنٛزیٖمہِ ہِنٛدٮ۪ن رُکنن ہِنٛز میٖٹِنٛگ
1877,The students were convened in the auditorium.,طٲلبہِ عٔلِم گٔیہٕ آڈِٹورِیَمس منٛز جمع
1880,Our place is convenient for all to meet.,سٲنۍ جاے چھےٚ سارنی ہِنٛدِ سمکٕھنہٕ خٲطرٕ مُنٲسِب
1881,He is going to attend the convention.,سُہ درٛاو خوٚصوٗصی اِجتِماعس منٛز شِرکت کرنہٕ خٲطرٕ
1882,We are bound to accept our social conventions.,أسھ چھِ سمٲجی رٔسوٗمات قٔبوٗل کرنہٕ خٲطرٕ مجبوٗر
1883,He is very much conventional in his ideas.,تٔمۍ سٕنٛدۍ خیالات چھِ سٮ۪ٹھا رٮ۪وٲیتی
1884,Their conversation centered around inflation.,تِم ٲسۍ درٛۄجرَس مُتعلِق کَتھ باتھ کَران
1885,He has undergone ideological conversion recently.,حالَے چھےٚ تٔمِس منٛز تصَوُری تبدیٖلی آمٕژ
1886,Her conversion to christianity is criticized by everyone.,عیٖسٲیَتس منٛز تٔمۍ سٕنٛزِ تبدیٖلی پٮ۪ٹھ چھِ سٲری کٕٹھٕ کَڑان
1887,He failed to convert him.,سُہ گوٚو تٔمِس بدلاونس منٛز ناکام۔
1888,That hindu has converted to Islam.,تٔمۍ ہیٚنٛدۍ بدلوو مذہب تہٕ بنٛیوو مُسلمان
1889,That building has been converted into a school.,سۄ عمارت چھےٚ مدرَسس منٛز تبدیٖل کرنہٕ آمٕژ
1890,Euro is convertible to all currencies.,یوٗروٗ چُھ کُنہِ تہِ کَرنٛسی منٛز تبدیٖل گژھن وول
1891,He was a convict in the case.,سُہ اوس تتھ کیسَس منٛز مُلزِم
1893,His conviction surprised all of us.,تٔمۍ سٕنٛدِ جُرمہٕ سۭتۍ گٔیہٕ أسۍ سٲری حٲران
1894,I speak in full conviction that he is innocent.,مےٚ چُھ پوٗرٕ یٔقیٖن زِ سُہ چُھ بےٚ گۄناہ
1895,It is very difficult to convince her.,تٔمِس یٔقیٖن دیُن چُھ سٮ۪ٹھا مُشکِل
1896,I cannot convince him.,بہٕ ہٮ۪کن نہٕ سُہ مانہٕ رٲوِتھ
1898,I am convinced that he has created all the problems.,مےٚ چُھ یٔقیٖن زِ تٔمۍ چھِ تمام مسٲیِل پٲدٕ کٔرۍ مٕتۍ
1899,She is a very good cook.,سۄ چھےٚ اکھ واریاہ اصٕل رنن واجیٚنۍ۔
1900,My sister cooks well.,میٛٲنۍ بیٚنہِ چھےٚ اَصٕل رَنان
1901,He likes to hang out in cool autumn nights.,تٔمِس چُھ سَرٕد ہردٕ چن رٲژن منٛز چکرَس نیرُن خۄش کَران
1902,He is a cool person.,سُہ چُھ اکھ نَرم مِزاز شَخٕص
1904,Her relation with her boss is cool and polite.,تٔمِس چُھ پنٛنِس صحبَس سۭتۍ اصٕل تہٕ لٲزِم دار رِشتہٕ۔
1905,That garden has a lot of cool places to sit.,تتھ باغس منٛز چھےٚ بیٚہنہٕ خٲطرٕ سٮ۪ٹھا شیٚہجہِ جایہ۔
1906,We can get some coolness here.,اسہِ ہیٚکہِ ییٚتہِ شیٚہجار میٖلِتھ۔
1909,She likes the pleasant cool of morning.,تٔمِس چھےٚ صُبحٕچ خۄشوٕنۍ ٹٔھنٛڑی خۄش کران۔
1910,He kept himself cool while everyone else panicked when the fire broke.,تٔمۍ تھوو پَنُن پان سُکوٗنس منٛز ییٚلہٕ زن نار لگنہٕ وِزِ سٲری بامبرے۔
1911,His enthusiasm cooled considerably.,تٔمۍ سُنٛد جوش گوٚو واریاہ زیادٕ ٹھنٛڑٕ.
1912,A swim in the river can cool you.,دٔریاوس منٛز سرٛانٛٹھ کرنہٕ سۭتۍ ہیٚکی ژےٚ ٹٔھنٛڑی پھیٖرِتھ.
1913,"Just cool down, do not be so angry.",مہ کھال پانس شرارت گَژھ ٹھنٛڑٕ
1914,Please cooperate to raise the money for victims.,مہربٲنی کٔرِتھ کٔرِو مُتٲثِریٖنن خٲطرٕ چنٛدٕ جمع کرنس منٛز تعاوُن۔
1916,Our cooperative efforts are very important.,سانہِ باۂمی کوٗشِشہٕ چھےٚ واریاہ ضٔروٗری۔
1917,He is an honest cop.,سُہ چُھ اکھ ایٖمانٛدار پُلسہٕ وول۔
1918,He was copped for stealing.,سُہ اوسُک ژوٗر کرنہٕ خٲطرٕ روٚٹمُت۔
1919,He was copped for driving without a license.,سُہ اوسُ لایسنٛز بغٲر گٲڑۍ چلاونہٕ خٲطرٕ گِرِفتار کرنہٕ آمُت
1920,He always wears white cope.,سُہ چُھ پرٛٮ۪تھ وِزِ سفید پادٕرۍ چۄگہٕ لاگان۔
1921,No one can cope him in English.,انٛگریٖزۍ منٛز ہیٚکہِ نہٕ تٔمِس سۭتۍ کانٛہہ تہِ مُقابلہٕ کٔرِتھ
1922,A wide range of cooking utensils are made of copper.,واریاہ قٕسمٕکۍ رنٛنٕکۍ بانہٕ چھِ ترٛامٕکۍ بناونہٕ یِوان۔
1923,This old bed has a copper frame.,یتھ پرٛٲنِس پَلنٛگس چُھ ترٛاموٗ سانٛچہٕ
1924,He ordered two copies of photographs.,تٔمۍ انٛناوِ تصویٖرن ہِنٛز زٕ کاپیہِ۔
1925,The teacher asked the students to copy all the answers.,اُستادن ووٚن طٲلِبہِ عٔلِمن زِ تِم تٲرِن سٲری جواب۔
1928,Do not eat the pear core.,ٹنٛگُک أنٛدریُم حِصہٕ کھییہِ زِ نہٕ کیٚنٛہہ۔
1929,You must understand the core of the argument.,تۄہہِ پَزٮ۪و دٔلہیٖلہِ ہُنٛد بُنِیٲدی نۄکتہٕ سمجُن۔
1932,The doctor advised an ointment to rub on the corn.,ڈاکٹرن دیُت بوٚمبرَس متھنہٕ خٲطرٕ دَوا۔
1934,Too much of lending ended him into a corner.,واریاہ زیادٕ قرٕض دِنہٕ سۭتۍ آو سُہ سِتمس منٛز ہٮ۪نہٕ۔
1935,She hid herself in the corner of the city.,سۄ روٗز شہر چہِ خلوک جایہِ منٛز ژوٗرِ۔
1936,The question cornered the speaker.,ییٚمہِ سَوالہٕ سۭتۍگوٚو ونن وول پریشان۔
1937,They cornered the gold market.,تِمو کوٚر سۄنہٕ بازرس پیٚٹھ قبضہٕ۔
1938,The corporate election shall be contested tomorrow.,تنٛظیٖمی چُناو یی پگاہ لڑنہٕ۔
1939,She is the head of a large corporation.,سۄ چھےٚ أکِس بجہِ تنٛظیٖمہِ ہِنٛز سربراہ۔
1940,The northern corps were ordered to march ahead.,شُمٲلی فوجی دستس اوس برٛونٛہہ پکنُک حُکُم دِنہٕ آمُت۔
1942,He gave correct answers to all the questions.,تٔمۍ دِتۍ سارنی سوالن یِنٛدۍ صٔحی جواب۔
1943,The teacher corrected all the answers.,اُستادن کٔرۍ سٲری جواب ٹھیٖک۔
1945,His actions do not correspond to his words.,تٔمۍ سٕنٛدۍ اعمال چھِ نہٕ تٔمۍ سٕنٛزن کَتھن سۭتۍ مُطٲبِقت تھاوان۔
1946,They have been corresponding with each other for years.,تِم چھِ ؤری وادو پیٚٹھٕ اکھ أکِس مُطٲبِق۔
1947,There is little correspondence between her dreams and reality.,تٔمۍ سٕنٛدٮ۪ن خوابن تہٕ حٔقیٖقتس منٛز چھےٚ سٮ۪ٹھا کم مُطٲبِقت۔
1949,Some people were having tea in the corridor.,کیٚنٛہہ لُکھ ٲسۍ ؤٹِس منٛز چاے چیٚوان۔
1952,This was a great disaster on a cosmic scale.,یہٕ ٲس کایِنٲتی پیمانس پٮ۪ٹھ اکھ بٔڑ تبٲہی۔
1953,The cost of oil has increased considerably.,تیٖلُک قۭمت چُھ واریاہ زیادٕ ہُریوٛمُت۔
1954,It costs a lot to study in England.,اِنٛگلینٛڈس منٛز پرنس چُھ واریاہ پونٛسہٕ لگان۔
1955,This mistake cost him his job.,ییٚمہِ غلطی سۭتۍ گٔیہٕ تٔمِس نوکری اتھٕ۔
1956,He has bought a costly book for me.,تٔمۍ چھےٚ میٛانہِ خٲطرٕ اکھ درٛوٚج کِتاب أنٛۍمٕژ۔
1958,We have a cottage in our farm.,اسہِ چُھ کھہس منٛز اکھ لۄکُٹ مکان۔
1959,It is an ideal climate for growing cotton.,یہِ چُھ کَپس وۄپداونُک بہتریٖن موسم۔
1960,Cotton dresses are comfortable for summer.,سوٗتی پَلو چھِ رٮ۪تہٕ کالہِ خٲطرٕ آرام دہ آسان۔
1961,I am suffering from dry cough.,مےٚ چھےٚ خۄشٕک ژاس۔
1962,He keeps on coughing all the day.,سُہ چُھ پوٗرٕ دۄہَس آسان ژاس کران۔
1963,Could you give me your pen?,کیاہ ژٕ ہیٚکہٕ کھٕ مےٚ پنُن قلم دِتھ؟
1964,I could have become a lawyer.,بہٕ ہٮ۪کہٕ ہا ؤکیٖل بٔنِتھ۔
1966,You must listen to the counsel of your parents.,تۄہہِ پَزٮ۪و مٲلِس ماجہِ ہِنٛدِس مشوَرس کن تھاوُن۔
1967,He counsels his family to spend more time in praying.,سُہ چُھ پنٛنِس عیالس عبادتس منٛز زیادٕ وقٕت گُزارنٕچ نٔصیٖحت کران
1968,There were so many cars that I lost count.,تتہِ آسہٕ تیٖژاہ گاڑِ زِ مےٚ روٗد نہٕ شُمارٕے۔
1969,The counts against my friend were undefendable.,میٛٲنِس دوستَس خٕلاف اِلزام ٲسۍ نہٕ بچاوس لایق۔
1970,I count myself fortunate to have such a mother.,بہٕ چُھس پنُن پان خۄش قٕسمت زانان زِ مےٚ چھےٚ یِژھ موج۔
1972,The academy counts several Nobel Prize winners among its members.,اکیڈمی چھےٚ پنٛنیٚن رُکنن منٛز واریاہ نوبل انعام حٲصِل کرن والیٚن شمار کران۔
1973,I can count on my friends in hard times.,مُشکِل وقتس منٛز ہٮ۪کہٕ بہٕ پنٛنیٚن دوستن پٮ۪ٹھ بروسہٕ کٔرِتھ۔
1974,He has to pay for his counter acts.,تٔمِس چُھ پنٛنیٚن مُقٲبِل اعمالن ہُنٛد خٔمیازٕ تُلُن۔
1975,Our polices are running counter to their plan.,سانِہ پالسی چھےٚ تِہنٛدِس منصوٗبس خٕلاف پکان۔
1976,All opposition parties countered the budget of 2000.,تمام مخٲلِف جمٲژو کوٚر 2000 کہِ بجٹُک مُقابلہٕ۔
1978,Japanese use special counter for counting.,جاپانٕکۍ چھِ گٔنٛزراونہٕ خٲطرٕ اکھ خاص گٔنٛزراونٕچ مِشیٖن اِستعمال کران۔
1979,She told this story countless times.,تٔمۍ ؤنۍ یہٕ دٔلیٖل واریاہ لٹہِ۔
1980,Which is the largest country in the world?,دُنیاہس منٛز کُس چُھ ساروٕے کھۄتہٕ بوٚڑ مُلک؟
1981,They spent a week in a cottage situated in their country,تِمو گُزور اکھ ہفتہٕ تِہنٛدِس گامس منٛز واقع أکِس لۄکٹِٕس مکانس منٛز۔
1982,A play ground was booked by county cricket team.,ضِلعہٕ چہِ کِرکٹ ٹیٖمہِ ہِنٛدۍ دٔسۍ اوس کھیلُک مٲدان بُک کرنہٕ آمُت۔
1984,The bad light coupled with ugly sound spoiled the show.,خراب لایٹہِ سۭتۍ رٔلِتھ نا پسندیٖدٕ آوازِ کوٚر شو خراب۔
1985,He was rewarded for showing great courage in the battle.,جنٛگس منٛز زبردست بہودوٗری ہاونہٕ خٲطرٕ آو تٔمِس اِنعام دِنہٕ۔
1986,He is undertaking a course in computer.,سُہ چُھ کمپیٛوٗٹرس منٛز کورس کران۔
1987,The race course is ten miles away.,گُریٚن ہِنٛدِ دورنُک مٲدان چُھ دہ میٖل دوٗر۔
1988,Follow your course and let people talk.,کٔرِن لُکہ کتھٕ ژٕ پکھ پنٛنہِ وتہِ پٮ۪ٹھ۔
1989,A course of bricks was laid on the road.,سیریٚن ہُنٛد وار اوس سڑکہِ پٮ۪ٹھ پتھر ترٛاونہٕ آمُت۔
1990,The river coursed down the hill.,دٔریاو اوس بالہہٕ کِنۍ بۄن وسان۔
1991,The king will visit the duke's court.,بادشاہ کرِ نواب سٕنٛدِ دربارُک دورٕ۔
1992,He has to appear in court tomorrow.,تٔمِس چُھ پگاہ عدالتس منٛز حٲظِر گژُھن۔
1993,The house was built in the inner court.,مکان آو أنٛدرِمِس آنٛگنس منٛز بناونہٕ۔
1994,Pay court to the king.,بادشاہس کٔرِو ادب
1995,The players reached the race court in advance.,کِھلٲڑۍ وٲتۍ گۄڈَے ریس کِس مٲدانس منٛز۔
1996,Aslam and Maryam courted for two years before marrying.,اسلم تہٕ مریم ٲسۍ خانٛدرٕ برٛونٛہہ دۄن ؤرِین عٔشٕق کران۔
1997,She is my cousin.,سۄ چھےٚ میٛٲنۍ پِتٕر بیٚنہِ۔
1998,All her cousins attended the wedding.,تٔمۍ سٕنٛدۍ تمام پِتٕرۍ ٲسۍ خانٛدرَس منٛز سالس آمٕتۍ۔
1999,The pot was covered with a plastic cover.,بانہٕ اوس پٕملاسٹِک ٹھانٛڈٕ سۭتۍ بنٛد تھاونہٕ آمُت۔
2000,The darkness did not provide any cover to the troops.,انِگٹہِ سۭتۍ میٛوٗل نہٕ فوجس کانٛہہ تہِ بچاو۔
2001,He kept the cash inside the cover.,تٔمۍ تٔھوۍ پونٛسہٕ لِفافس منٛز۔
2002,He pulled the cover over his head and went off to sleep.,تٔمۍ ہیٚژ ژادر کلہٕ پیٚٹھۍ تہٕ شوٚنٛگ۔
2003,The book had a red cover.,کِتابہِ اوس وۄزُل جِلدٕ
2004,This policy gives extra cover for theft.,یہٕ پالسی چھےٚ ژوٗرِ خٲطرٕ علاوٕ سرمایہٕ دِوان۔
2005,She felt shy and covered her face with her hands.,سۄ منٛدٕچھییہِ تہٕ تھووُن پنُن بُتھ پنٛنٮ۪و اَتھو سۭتۍ ژوٗرِ.
2006,The grave was covered by the grass.,مزار اوس گاسہٕ سۭتۍ ؤلِتھ۔
2007,The grant doesn't cover all expenses.,عطیہ ہس منٛز چھِ نہٕ سٲری خرچہٕ یِوان۔
2009,They tried hard to cover the incident.,تِمو کٔر یتھ واقعس پردٕ ترٛاونٕچ سٮ۪ٹھا کوٗشِش۔
2010,The insurance won't cover the loss of gold.,اِنٛشورَنس برِ نہٕ سۄن راونُک نۄقصان۔
2011,I am covering her shift tonight.,از راتس کرٕ بہٕ تٔمۍ سٕنٛدِ بدلہٕ کٲم۔
2013,"If you sell the cow, you sell her milk too.",اگر ژٕ گاو کٕنَکھ ژٕ کٕنَکھ تٔمۍ سُنٛد دۄد تہِ۔
2014,He was cowed by the rowdies to surrender his possessions.,سُہ کوٚر بدمعاشو پنٕنۍ چیٖز تِمن حوالہٕ خٲطرٕ مجبوٗر۔
2015,They call him a coward.,تِم چھِ تٔمِس کھوژٕ بٕڑ ونان۔
2016,It was a cowardly act.,یہِ ٲس اکھ بُزدِل حرکت۔
2017,The cowboy is looking after his animals.,پوٚہل چُھ پنٛنین جانورن ہِنٛز رٲچھ راوٹھ کران۔
2018,There was a crack in the mirror.,شیٖسَس ٲس اکھ رُم۔
2019,The crack of grenade scared everyone.,گرنیٹ کہِ ٹاسہٕ سۭتۍ کھوٗژۍ سٲری۔
2020,She is crack.,سۄ چھےٚ پاگل۔
2021,There was a loud crack of thunder in the night.,راتھ کیُتھ آیہِ گگراین ہِنٛز تیز آواز۔
2022,She fell down and got a crack on the head.,سۄ پیٚیہٕ پتھر تہٕ لوٚگُس کَلس زخٕم۔
2023,The police found several kilos of crack in his luggage.,پُلسن لٔبۍ تٔمۍ سٕنٛدِس سامانس منٛز نشاور دَوہٕکۍ واریاہ کِلو۔
2025,The girl fell off from the cycle and cracked her elbow.,کوٗر پیٚیہٕ ذلہٕ گٔرۍ پٮ۪ٹھٕ تہٕ پُھٹُس کھۄنوَٹ۔
2027,She cracked her head on the wall.,تٔمِۍ ٹھاسہٕ نوو پنُن کلہٕ لبہِ سۭتۍ۔
2028,He cracked the eggs.,تٔمۍ پٕھٹرٲوۍ ٹھوٗل۔
2029,Her voice was cracking on the phone.,تٔمۍ سٕنٛزِ آواز ٲس فونس پٮ۪ٹھ ژھیٚنان۔
2030,She finally cracked with the lawyers interrogation.,سۄ آیہِ ٲخٕر کار ؤکیٖلن ہِنٛزِ پرٛژٕھٕ گٲر سۭتۍ ذہنی دباوس منٛز۔
2032,She is expert at cracking jokes.,سۄ چھےٚ جوک ونٛنَس منٛز مٲہِر
2033,Kashmiri craft is famous all over the world.,کٔشیٖرِ ہِنٛز دستٕہ کٲری چھےٚ پورٕ دُنیاہس منٛز مشہوٗر۔
2036,She was given a seat at the back of the craft.,تٔمِس آیہٕ جہاز کہِ پٔتۍمہِ طرفہٕ بیٚہنٕچ جاے دِنہٕ۔
2037,The tree fell with a crash.,کُل پیوٚو ٹاس کٔرِتھ۔
2038,The branch of the tree crashed down on my car.,کُلِچ لٔنٛڑ پیٚیہِ میانہِ گاڑِ پٮ۪ٹھ ٹاس کٔرِتھ۔
2039,The car crashed into the glass door.,گاڑِ آو شیٖشہٕ بَرس سۭتۍ ٹاس۔
2040,Our enemies crashed our house last week.,پٔتۍمہِ ہفتہٕ کوٚر سانیٛو دُشمنو سون مکان تباہ۔
2041,My computer crashed yesterday.,میٛون کمپیٛوٗٹر گوٚو راتھ بِہِتھ۔
2042,This baby is so passionate about crawling.,ییٚمِس بچس چُھ کھۄکھشہِ ہُنٛد سخ شوق۔
2043,The crocodile was crawling along the river.,مگرمچ اوس دٔریاوس سۭتۍ کھۄکھشِہ پکان۔
2044,The child crawled across the floor.,شُر روٗد پٔتھرِس پیٚٹھ کھۄکٕھش کران۔
2045,It is a crazy suggestion,یہِ چُھ اکھ پاگل مشورٕ۔
2046,She is crazy about cars.,سۄ چھےٚ گاڑٮ۪ن ہِنٛز دیوانہٕ۔
2047,I was crazy busy.,بہٕ اوسُس اِنتِہٲیی آوُر
2048,The team comprises of the cream members.,ٹیٖمہِ منٛز چھِ بہتریٖن رُکُن۔
2049,She applies cold cream in winter.,سۄ چھےٚ ونٛدَس منٛز پھٹنٕچ کریٖم مَتھان۔
2050,This cream would help to relieve the pain.,یہِ کرٛیٖم کرِ دگ کم کرنس منٛز مدد۔
2051,Skim cream from the surface of milk.,دۄدٕ کہِ پیٹھۍ مہِ تہہ پیٚٹھٕ تُل ملٲے۔
2052,God has created the world.,خۄداین چُھ دُنیا بنوومُت۔
2053,Her misbehavior created a bad impression.,تٔمۍ سٕنٛدۍ بد سٔلوٗکن کوٚر خراب تٲثیٖر پٲدٕ۔
2054,The company was created 25 years ago.,یہِ کمپٔنی ٲس 25 ؤری برٛونٛٹھ بناونہٕ آمٕژ۔
2055,She can easily create a new design.,سۄ ہیٚکہِ آسٲنی سان اکھ نوٚو نقشہٕ تیار کٔرِتھ۔
2056,This painting is my own creation.,یہِ تصویٖر چھےٚ مےٚ پنٕنۍ تخلیٖق۔
2057,Her creative writing is appreciated by all teachers.,تٔمۍ سٕنٛزِ تخلیٖقی لِکھایہِ ہِنٛز چھےٚ ساروٕے وۄستادو تعٲریٖف کٔرمٕژ۔
2059,This breed of dog is a ferocious creature.,ہوٗنۍ سٕنٛز یہٕ ذٲژ چھےٚ اکھ خطرناک نسٕل۔
2060,He was a charming young creature.,سُہ اوس اکھ خۄشوُن جَوان نفر۔
2061,No credit is allowed at this shop.,یتھ وانس پٮ۪ٹھ چُھ نہٕ وۄزُمیُک اِجازت۔
2063,The bank refused further credit to the factory.,بیٚنٛکن کوٚر فیٚکٹرٛی مٔزیٖد قرٕض دِنس اِنٛکار۔
2065,He is a credit to his teachers.,سۄ چُھ پنٛنیٚن اُستادن ہِنٛدِ خٲطرٕ اکھ فخر۔
2066,The captain got credit for saving the ship.,کیٚپٹَنس میوٗل سمندری جہاز بچاونہٕ خٲطرٕ عِزت۔
2067,We credited her for saving our jobs.,اسہِ دیُت تٔمِس پنٛنہِ نوکرِیہٕ بچاونہٕ خٲطرٕ عزت۔
2068,It was hard to credit the stories we heard.,اسہِ یِم دٔلیٖلہٕ بوزٕ تِمن پیٚٹھ یقیٖن کرُن اوس مُشکِل۔
2069,I cannot credit this work for prize.,بہٕ ہیٚکہٕ نہٕ یتھ کامہِ انعام خٲطرٕ ترجی دِتھ۔
2070,Credit his account with Rs.1000.,تٔمۍ سٕنٛدِس خاتس منٛز کر 1000رۄپیہٕ جمع۔
2071,The creek dried up this summer.,کۄل گٔیہٕ یتھ رٮ۪تہٕ کٲلِس خۄشٕک۔
2072,She turned off the light and crept through the door.,تٔٔمۍ کرِ بتہِ ژھٮ۪تہٕ تہٕ ہیٚوٚتُن وارٕ وارٕ تہٕ ہٮ۪سہٕ سان دروازٕ کِنۍ نیرُن۔
2073,The thief crept into the thick grass.,ژوٗر ژاو ید دِتھ گٔنِس گاسس منٛز۔
2074,This plant crept up the entire wall.,یہِ کُل پٔھلیٛوو سٲرِسٕے دٮ۪وارس۔
2075,Officers and the crew of the ship are alert.,افسر تہٕ جہازُک عملہٕ چُھ ہُشار۔
2076,The crew went to hoist the flag.,اہلہِ کار گٔیہٕ جنٛڑٕ لہراونہِ۔
2077,She has been crewing a ship for many years.,سۄ چھےٚ واریاہو ؤریو پیٚٹھٕ سمنٛدری جہاز چلاوان۔
2078,His son loves to play cricket.,تٔمۍ سٕٕنٛدِس نیٚچوِس چُھ کِرکٹ گِنٛدُن خۄش کَران۔
2079,The children failed to catch the cricket.,شُرۍ گٔیہٕ وۄٹل کیوٚم رٹنس منٛز ناکام۔
2080,His crime has made him notorious.,تٔمۍ سٕنٛدۍ جُرمن چُھ سُہ بدنام کوٚرمُت۔
2082,He takes up only criminal cases.,سُہ چُھ صِرِف مُجرِمانہٕ کیس رَٹان۔
2085,She is her best critic.,سۄ چھےٚ تٔمۍ سٕنٛز بہتٔریٖن تنقیٖد نِگار۔
2087,The condition of the patient is very critical.,مٔریٖض سٕنٛز حالت چھےٚ سٮ۪ٹھا نوزُک۔
2088,He was in a critical condition at the hospital.,سُہ اوس شفاخانس منٛز ابتر حالتہِ منٛز۔
2089,She always criticises her friends.,سۄ چھےٚ پرٛٮ۪تھ وِزِ پنٛنیٚن دوستن کٕٹھ کڑان۔
2092,Rice is the main crop grown in Kashmir.,تومُل چُھ کٔشیٖرِ منٛز وۄپداونہٕ یِنہٕ وول اہم فصٕل۔
2094,The crop of sheep is walking in the meadow.,کَٹن ہُنٛد کھیوٚل چُھ گاسہٕ چرایہِ منٛز پکان.
2095,The bird had three insects its crop.,جاناوار سٕنٛدِس بوسس منٛز ٲسۍ ترٛےٚ کیٚمۍ۔
2096,The horse rider uses the crop quite often.,گُر سوار چُھ اکثر چھانٛٹہٕ اِستعمال کَران۔
2097,Mary has got a crop cut.,میری چھےٚ ژھوٚٹ کٹٲے کٔرمٕژ۔
2098,The gardener was cropping the bushes.,باغوان اوس کٔنٛڑۍ دۄپھِٮ۪ن ہِنٛز کٹٲے کران۔
2099,She cropped little girl's hair very short.,تٔمۍ ژوٚٹ لۄکچہٕ کورٕ واریاہ ژھوٚٹ مس۔
2100,He gave her a cross look.,تٔمۍ ترٛٲو تٔمِس دولہٕ نظر۔
2101,He always wears a chain with a cross,تٔمِس چھےٚ ہمیشہٕ اکھ چین لٲگِتھ آسان یتھ عیٖسٲیی مذہبُک نِشان چُھ آسان۔
2102,He is worn out with the responsibility and cross.,سُہ چُھ ذِمہٕ دٲری تہٕ پریشٲنی سۭتۍ ختم گوٚمُت۔
2103,A mule is a cross between a horse and a donkey.,کاتُر چُھ گُرِس تہٕ خَرس درمِیان اکھ میُل۔
2104,I could see a sign of cross there.,مےٚ وُچُھ تتہِ ضربُک اکھ نِشان۔
2105,Look carefully before you cross the road.,سڑکہِ ترنہٕ برٛوٚنٛہہ گژھِ گۄڈٕ وارٕ وُچُھن۔
2106,A new idea crossed her mind.,تٔمِۍ سٕنٛدِس ذہنَس منٛز آو اکھ نوٚو خیال۔
2107,These sentences have been crossed out.,یِم جُملہٕ چھِ ژٹنہٕ آمٕتۍ۔
2108,We crossed each other on the way.,أسۍ سمکھییہٕ اکھ أکِس وتہِ۔
2109,She was angry when her proposals were crossed.,تٔمِس کھوٚت شَرارت ییٚلہِ تٔمۍ سٕنٛزن تجویٖزٔن رُکاوٹ آنٛنہٕ آیہٕ۔
2110,The roads cross at the bridge.,سڑکہٕ چھےٚ کٔدلس نِش رلان۔
2111,A car hit her at the crossing.,تٔمِس اوٚن گاڑِ ژُؤتِس پٮ۪ٹھ ٹاس۔
2112,He crouched behind the bush.,سُہ بیٛوٗٹھ کوٚٹھۍ نوٚمرِت کٔنٛڑۍ دۄپھِ پٔتھۍ کِنۍ۔
2113,The crow makes very loud sound.,کاو چُھ واریاہ بڑِ آواز کڑان۔
2114,The crows crowed all morning.,کاو ٲسۍ پوٗرٕ صُبحس کاو کاو کران۔
2116,A crowd gathered outside the bus stand.,بس اَڑس نیٚبرٕ کنہِ سمیٛوو اکھ ۂجوٗم،
2117,Do not crowd outside the hospital.,شفا خانس نیٚبرٕ کنہٕ مہ لٲگِو بِٹھ۔
2119,In summer Shimla is crowded with tourists.,رٮ۪تہٕ کالہِ چُھ آسان شِملہ سیاحو سۭتۍ بٔرِتھ۔
2120,The crown was kept in the museum.,تاج اوس عجٲیِب گَرس منٛز تھاونہٕ آمُت۔
2121,She won the crown in the beauty contest.,تٔمۍ زیٛوٗن خوٗبصوٗتی ہِنٛدِس مُقابلس منٛز تاج۔
2123,The Queen was crowned at the ceremony.,تقریٖبہِ منٛز آیہٕ بادشاہ بایہٕ تاج پوٗشی کرنہٕ۔
2126,He rescued me at a crucial moment.,تٔمۍ بچوونَس بہٕ أکِس اہم موقعس پٮ۪ٹھ۔
2128,They constructed a crude house from branches.,تِمو بنوو شاخن ہُنٛد اکھ خام مکان۔
2129,He is known to be a cruel man.,سُہ چُھ اکھ ظٲلِم نفر مانٛنہٕ یِوان۔
2130,I have never seen such cruelty.,مےٚ چُھ نہٕ زانٛہہ تہِ یُتھ ظُلُم وُچھمُت۔
2131,I could not get through the crush in the temple.,بہٕ ہیوٚکُس نہٕ منٛدرس منٛز بِرٕ مٔنٛزۍ انٛدر أژِتھ۔
2132,I have crused all the garlic.,مےٚ چُھ سورُے رُہن پیٖسمُت۔
2133,I just heard a cry.,مےٚ بوٗز وٕنی اکھ کرٛٮ۪کھ۔
2135,Many people cry when they are in pain.,واریاہ لُکھ چھِ دگہِ وِزِ ودان۔
2137,She could hear a baby crying from distance.,تٔمۍ بوٗز دوٗری شُرۍ سٕنٛدِ ودٕنچ آواز۔
2138,The room is cubic.,یہٕ کُٹھ چُھ مُکعب ۔
2139,Farmers cultivate the lands.,زٔمیٖن دار چھِ زٔمیٖنس فصٕل وۄپداوان۔
2140,We must cultivate good relations with others.,اسہِ پزن بیٚین سۭتۍ اصٕل تعلُقات بناوٕنۍ۔
2141,Cultural programmes are going on in the city.,تہزیٖبی پرٛوگرام چھِ شہرس منٛز جٲری۔
2142,It is very difficult to bring a change in their culture.,تِہنٛدِس تہزیٖبس منٛز بدلاو انُن چُھ سٮ۪ٹھا مُشکِل۔
2143,People from different cultures throng here.,مُختٔلِف تہزیٖبن ہِنٛدۍ لُکھ چھِ یور یِوان۔
2144,She dropped the cup on the floor.,تٔمۍ دیُت پیٛالہٕ پٔتھرِس پٮ۪ٹھ دٲرِتھ۔
2145,Close the cupboard.,المٲرۍ کٔرِو بنٛد۔
2146,She needs cure for at least three months.,تٔمِس چھےٚ کم از کم ترٛٮ۪ن رٮ۪تن علاجٕچ ضٔروٗرت۔
2148,The boy opened the letter out of curiosity.,لٔڑکن کُھلٲوو تزبزُب موٗجُب چِٹھۍ۔
2149,He is curious to know the secret.,سُہ اوس راز زانٛنہٕ خٲطرٕ بےٚ قرار۔
2151,That girl was looking pretty with curls.,سۄ کوٗر ٲس وانٛکو سۭتۍ شوٗبان۔
2153,I will buy a magazine on current affairs.,بہٕ انہٕ بدس کال خبرن پٮ۪ٹھ اکھ رِسالہٕ۔
2154,The current flows from north to south.,لٕہر چھےٚ شُمال پٮ۪ٹھٕ جٔنوٗبس کُن وسان۔
2155,A sudden fluctuation in the current fused off the plug.,بِجلی منٛز اچانک تبدیٖلی یِنہٕ کِنۍ سَڑیوو پٕلگ۔
2156,He is currently working on a new project.,سُہ چُھ ازکل أکِس نٔیِس پرٛوجکٹَس پٮ۪ٹھ کٲم کران۔
2158,All she got from her was a curse.,تٔمِس یہِ تس نِش میٛوٗل تہِ اوس آہہِ سر ۔
2159,The old woman cursed him.,بٕجہِ زنانہِ کٔر تٔمِس وُہَو
2160,She gave him a curt reply.,تٔمۍ دیُُت تٔمِس سخت جواب۔
2161,My daughters brought beautiful curtains for the house.,میٛانٮ۪و کورٮ۪و أنۍ گرٕ خٲطرٕ خۄشوٕنۍ پردٕ۔
2162,We have to curtain the lower windows only.,اسہِ چھِ بٔنۍمٮ۪ن دارِنٕے یوت پردٕ لاگٕنۍ
2165,She kept her money under the cushion.,تٔمۍ تٔھوۍ پنٕنۍ پونٛسہٕ تٔکیَس تل۔
2166,Every country has its customs.,پرٛٮ۪تھ کُنہِ مُلکس چھِ پنٕنۍ رسم رِواج آسان
2168,All of their customers are satisfied with them.,تِمن ہِنٛدۍ سٲری خٔریٖدار چھِ تِمن رٲزۍ۔
2169,You can customize the school bag.,تُہۍ ہیٚکِو مدرَسُک بستہٕ پنٛنہِ مرضی مُطٲبِق بنٲوِتھ۔
2170,I want to cut this apple.,بہٕ چُھس یژھان یہٕ ژوٗنٛٹ ژٹُن۔
2171,The girl applied medicine to the deep cut.,کورِ موٚتھ سٔرٛنِس زخمس دواہ۔
2172,She cut her finger with a knife.,تٔمۍ ژٔٹ پنٕنۍ اوٚنٛگٕج شرٛاکہِ سۭتۍ۔
2173,They have promised that they will give him a cut from the bussiness.,تِمو چُھ وعدٕ کوٚرمُت زِ تِم دِن تٔمِس کارٕبارٕ منٛز نفعُک حِصہٕ۔
2174,His remarks cut him deeply.,تٔٔمۍ سٕنٛزو کَتھو سۭتۍ ووت تٔمِس زَکھ۔
2175,Rose cuttings are planted here.,گۄلاب کَلم چھِ آمٕتۍ ییٚتیٚن وَونہٕ۔
2176,He bought a new cycle recently.,تٔمۍ چُھ حالَے اکھ نوٚو سایکل اوٚنمُت۔
2178,This cycle of events continually repeats itself.,تقریٖٖبن ہُنٛد یہِ سِلسِلہٕ چُھ پانس لگاتار دۄہراوان۔
2179,For how long is the cycle of recession going to continue?,مٲلی گِراوٹُک دور کٲتِس کالس روزِ جٲری؟
2180,Do you cycle to work?,تُہۍ چِھوٕ سایکلس پیٚٹھ کامہِ گژھان؟
2181,The boy cycled on the road.,لٔڑکہٕ اوس سڑکہِ پٮ۪ٹھ سایکل چلاوان۔
2182,Recent cyclone in Orissa devastated many crops.,اُریٖساہَس منٛز حالَے سمنٛدٔری طوٗفان سۭتۍ گٔیہٕ واریاہ فصٕل تباہ۔
2183,The bottle has the shape of a cylinder.,بوتلہِ چھےٚ سِلنٛڈَرٕچ ہِش شکٕل۔
2184,My dad went to milk the cows.,میٛون مول گوٚو گاوٕ چاونہِ۔
2186,"Before paying salary, they check our daily attendence.",تنٛخواہ دِنہٕ برٛونٛہہ چھِ تِم سٲنۍ پرٛٮ۪تھ دُہٕچ حٲضِری وٕچھان۔
2187,The museum is open daily.,عجٲیِب گر چُھ ہر دۄہ یلہٕ آسان۔
2188,This story appeared in all the dailies.,یہٕ خبر گٔیہٕ تمام دۄہ دِش کیٚن اخبارن منٛز شایع۔
2189,We often purchase milk from the local dairy.,أُسۍ چھِ اکثر مُقٲمی دۄدٕ فارمہٕ پٮ۪ٹھٕ دۄد انان۔
2190,They are constructing a dam on the river.,تِم چھِ دٔریاوس پٮ۪ٹھ بنٛڈ بناوان۔
2191,The dam of these horses has been highly trained.,یِمن گُریٚن ہِنٛزِ ماجہِ چھےٚ سیٚٹھا اعلیٰ تربِیب دِنہٕ آمٕژ۔
2192,It is of no use daming the rivers that run dry in summers.,رٮ۪تہٕ کالہِ خۄشٕک گژھن والیٚن دٔریاون پٮ۪ٹھ بنٛڈ گنڈنُک چُھ نہٕ کانٛہہ تہِ فٲیدٕ
2193,There was major damage to his brain in the accident.,حٲدِثس منٛز ووت تٔمۍ سٕنٛدِس دٮ۪ماغس سٮ۪ٹھا زکھ۔
2194,The roof of the car was not damaged in the accident.,حٲدِثس منٛز ووت نہٕ گاڑِ ہِنٛدِس چھتَس کانٛہہ تہِ نۄقصان۔
2195,The snow damaged the roof of the house.,شِنہٕ سۭتۍ گوٚو مکانُک پَش تباہ۔
2197,It was a damned life of poverty.,یہِ ٲس غُربتٕچ لعنتی زِنٛدگی۔
2198,His clothes were damp with perspiration.,ٲرکہٕ سۭتۍ ٲسۍ تٔمۍ سٕنٛدۍ پَلو أدٕرۍ گٔمٕتۍ۔
2199,Wipe the floor with damp cloth.,پٔتھرِس دیٖو سرٛہجہِ دجہِ سۭتۍ پھش۔
2200,The damp caused by the accident lasted for quite some time.,حٲدِثہٕ سۭتۍ گژھن واجیٚنۍ پریشٲنی روٗز واریاہس کالس۔
2201,I always dampen my clothes before ironing them.,بہٕ چھس ہمیشہٕ پنٕنۍ پلو اِستٔرۍ کرنہٕ برٛونٛہہ أدٕرۍ کران۔
2202,Their spirits dampened after this incident.,ییٚمہِ واقعہ پتہٕ گٔیہٕ تِہِنٛدۍ حوصلہٕ کم۔
2203,The little girl's dance was liked by everyone.,لۄکچہِ کورِ ہُنٛد نژُن کوٚرُن سارِنٕے خۄش۔
2204,We can dance together.,أسۍ ہٮ۪کو اِکہٕ وٹَے نٔژِتھ۔
2205,He is a very good dancer.,سُہ چُھ اکھ واریاہ اصٕل نژن وول
2206,Her brother is a dandy since his childhood.,تٔمۍ سُنٛد بوے چُھ لۄکچارٕ پٮ۪ٹَھے یاوٕ۔
2208,A dangerous criminal has run away from the jail.,اکھ خطرناک مُلزِم چُھ قٲد خانہٕ منٛزٕ ژوٚلمُت۔
2209,You dared to call him a lier.,ژےٚ کوٚرُتھ تٔمِس اَپُززیٛور ونٛنُک جُرَتھ۔
2210,I didn't dare to come in front of him.,مےٚ کٔر نہٕ تٔمِس برٛونٛہہ کنہِ یِنٕچ ہٮ۪متٕھے۔
2211,She has dark complexion.,تٔمِس چُھ گیٚشوم رنٛگ۔
2212,She was sitting in a dark room.,سۄ ٲس انہِ گٔٹِس کُٹِھس منٛز بِہِتھ۔
2213,I prefer the dark shade.,مےٚ چھِ تیز رنٛگ پَسنٛد
2214,She revealed many dark secrets about her life.,تٔمۍ بٲووۍ پنٛنہِ زِنٛدگی ہِنٛدۍ واریاہ ناگَوار راز۔
2215,They revealed the dark aspects of their lives.,تِمو کٔرۍ پنٛنہِ زِنٛدگی ہِنٛدۍ پوشیٖدٕ منظر طٲہَر۔
2216,He has grown dark over these years.,سُہ چُھ یمن ؤرِین منٛ بد مِزاز بنیومُت۔
2217,His failures led him into the darkness.,تٔمۍ سٕنٛزو ناکٲمیو ترٛوو سُہ انہِ گٔٹِس منٛز۔
2219,We were commissioned to collect the data.,اسہِ ٲس ڈیٹا جمع کرنٕچ ذِمہٕ وٲری دِنہٕ آمٕژ۔
2220,His data helped us to draw the conclusion.,تٔمۍ سٕنٛزِ زان کٲری سۭتۍ میلیو اسہِ نٔتیٖجس پٮ۪ٹھ واتنس منٛز مدد۔
2222,I am going on a date today.,مےٚ چُھ از سمکٕھنہِ گژُھن۔
2223,The car is a beauty and quite up to date.,گٲڑۍ چھےٚ خوبصوٗرت تہٕ سیٚٹھا جدیٖد۔
2224,This shop sells fresh dates.,یتھ دُکانس چھِ تازٕ خٔزٕر کٕنٕنۍ.
2226,Her clothes look so dated.,تٔمۍ سٕنٛدۍ پَلو چھِ باسان واریاہ پرٛٲنۍ۔
2227,The daughter cared for her parents in their old age.,کورِ کٔر پنٛنِس مٲلِس ماجہِ بٕجرس منٛز خٔدمت۔
2229,The dawn of modernity is 18th century.,جٔدیدیتٕچ شُروعات چھےٚ 18 ہِم صٔدی۔
2230,We started the journey when it was dawning.,اسہِ کوٚر سفر شُروٗع ییٚلہِ گاش پھۄلان اوس۔
2232,A new age dawned with the invention of computers.,کمپیوٗٹر کہِ ایجاد گژھنہٕ سۭتۍ گوٚو اکہِ نیہٕ دورُک آغاز۔
2233,I go to see my father each day.,بہٕ چھس پرٛٮ۪تھ دۄہ پنٛنِس مٲلِس سمکٕھنہِ گژھان۔
2235,We often remember our childhood days.,اسہِ چھِ اکثر پنٛنہِ لۄکچارٕکۍ دۄہ یاد پٮ۪وان۔
2236,You should complete your work in the daylight.,تۄہہِ پزٮ۪و پنٕنۍ کٲم دۄہلہِ گاشس منٛزٕے مۄکلاوٕنۍ
2237,I never sleep in the daytime.,بہٕ چُھس نہٕ زانٛہہ تہِ دوہلہِ شۄنٛگان۔
2239,This tradition is dead by now.,یہِ رٮ۪واج چُھ وۄنۍ مۄکلیٛومُت۔
2243,Their son is deaf.,تِہُنٛد نیٚچُو چُھ زوٚر۔
2244,It was a profitable deal.,یہٕ اوس اکھ فٲیدٕ منٛد سودا۔
2245,He deals fairly with his employees.,سُہ چُھ پنٛنٮ۪ن مُلٲزِمن سۭتۍ جان سٔلوٗک کران۔
2246,This book deals with pregnancy.,یہِ کِتاب چھےٚ حملس مُتعلق۔
2247,I can deal with this problem alone.,بہٕ ہٮ۪کہٕ یتھ مسلس کُنُے زوٚن مُقابلہٕ کٔرِتھ۔
2248,She deals in gold and silver ware.,سۄ چھےٚ سۄنہٕ تہٕ رۄپھٕ چیٖزن ہُنٛد کارٕ بار کران۔
2250,My father is a carpet dealer.,میٛون مول چُھ کٲلیٖنن ہُنٛد کارٕبٲرۍ۔
2251,She is very dear to me.,سۄ چھےٚ مےٚ سٮ۪ٹھا ٹٲٹھ۔
2252,I cannot afford to buy anything at the dear shop.,مےٚ چھےٚ نہٕ درٛوٚگِس دُکانس پٮ۪ٹھ کیٚنٛہہ تہِ ہٮ۪نٕچ حٔثِیت۔
2254,Her death was a terrible shock.,تٔمۍ سُنٛد مرُن اوس اکھ خوف ناک صدمہٕ۔
2256,I debated about that issue with my sister.,مےٚ کوٚر پنٛنہِ بیٚنہِ سۭتۍ تتھ مسلس پیٚٹھ بحژ۔
2257,I have lost the of debentures.,مےٚ چھِ قرضٕکۍ کاغذات رٲوۍمٕتۍ۔
2258,He is badly in debt.,سُہ چُُھ خطرناک پٲٹھۍ قرضس منٛز۔
2259,This is his debut film.,یہِ چھےٚ تٔمۍ سٕنٛز ساروٕے کھۄتہٕ گۄڈنِچ فِلم۔
2260,Great changes have taken place in the last decade.,پٔتمیٚن دَہن ؤرِین منٛز آیہِ واریاہ تبدیٖلیہِ۔
2261,The vegetables have begun to decay.,سبزِیہِ چھےٚ لجمژٕ ہۄژنہِ۔
2262,That unoccupied house started to decay.,سُہ خٲلی مکان ہیوٚتُن خستہٕ گژُھن۔
2263,He got the money by deceit.,تٔمۍ کٔرۍ دونٛکھہٕ سۭتۍ پونٛسہٕ حٲصِل۔
2264,He has deliberately deceived us.,تٔمۍ چُھ زٲنِتھ مٲنِتھ اسہِ دونٛکھٕ دیُتمُت۔
2265,Their guests were decent enough.,تِہِنٛدۍ پٔژھۍ ٲسۍ سیٚٹھا لٲزِم دار۔
2267,He was wearing a decent dress.,تٔمِس اوس جان پۄشاک لٲگِتھ۔
2269,The judge has to decide the case tomorrow.,ججس چُھ پگاہ مُقدِمُک فٲصلہٕ دیُن۔
2270,She decided that she will quit the job.,تٔمۍ کٔوٚر صٔحی زِ سۄ ترٛاوِ نوکری۔
2271,He quotes from decided cases.,سُہ چُھ حل کرنہٕ آمتیٚن مُقدِمن ہُنٛد حوالہٕ دِوان۔
2272,The results differed only in decimals.,نٔتیٖجن منٛز ٲس صِرِف اعشارِیاہن ہِنٛز فرق۔
2273,Can you decipher his handwriting?,ژٕ ہٮ۪ککھٕ تٔمۍ سٕنٛز لِکھٲے پٔرِتھ؟
2274,We should take the decision before the officer arrives.,اسہِ پزِ افسر سٕنٛدِ یِنہٕ برٛونٛہہ فٲصلہٕ نیُن۔
2275,He made a big decision before he left for the office.,دفتر نیرنہٕ برٛونٛہہ نیٛوو تٔمۍ اکھ بوٚڈ فٲصلہٕ۔
2276,She played a decisive role in negotiations.,تٔمۍ کوٚر کتھ باتھِ منٛز اکھ اہم کِردار ادا۔
2278,We sat on deck until it was dark.,انہِ گوٚٹ گژھنس تانۍ ٲسۍ أسۍ جہاز کِس تختس پیٚٹھ بِہِت۔
2279,The deck of the bus was crowded.,بسہِ ہُنٛد چھت اوس لُکو سۭتۍ بٔرِتھ۔
2280,Could you bring us a deck of cards?,تُہۍ ہیٚکوٕ سانہٕ خٲطرٕ تاسہٕ پتہٕ أنِتھ؟
2281,The cassette got stucked in the deck.,کیسَٹ گوٚو ڈٮ۪کَس انٛدر بنٛد۔
2282,She decked her up nicely for the party.,تٔمۍ پٲرٲو سۄ سالہٕ خٲطرٕ اصٕل پٲٹھۍ۔
2283,The was no declaration about his arrival.,تٔمۍ سٕنٛدِ یِنٕچ ٲس نہٕ کانٛہہ تہِ باوتھ۔
2284,They will sign the declaration tomorrow.,تِم کرن پگاہ اِقرار نامس دستخط۔
2285,He has to declare their marriage soon.,تٔمِس چُھ جلدی تِہنٛدِ خانٛدرُک اعلان کرُن۔
2286,One country declared war on another.,أکۍ مُلکن کوٚر بیٚیِس مُلکس پٮ۪ٹھ جنٛگُک اعلان۔
2287,The captain will declare his team later.,کپتان کرِ پتہٕ پنٕنۍ ٹیٖم ظٲہِر۔
2288,He might decline this offer.,سُہ ہیٚکہِ یتھ پیشکشہِ نکار کٔرِتھ۔
2289,She met with an accident in the declining years of her life.,سۄ گٔیہٕ پنٛنہِ زِنٛدگی ہِنٛدٮ۪ن پٔتِمٮ۪ن ؤرِین منٛز حٲدِثٕچ شِکار۔
2290,There was a huge decline in the sale of the goods.,مال کِس کٕنٛنس منٛز آیہٕ سٮ۪ٹھا گِراوٹ۔
2291,The process of decomposition of plants has started.,کُلۍ کٹیٚن ہِنٛدِ ہۄژنٕچ عمل چھےٚ شُروع گٔمٕژ۔
2292,She has come to decorate the bride.,سۄ چھےٚ مہریٚنہِ پٲراونہِ آمٕژ۔
2294,The boy was decorated with medals for his service.,لٔڑکہٕ آو پنٛنہِ خٕدمتہٕ خٲطرٕ تمگہٕ سۭتۍ نوازنہٕ۔
2295,The intensity of heat has decreased now.,وٕشنیرٕچ شِدت چھےٚ وۄنۍ کم گٔمٕژ۔
2297,A decrease was noted in the crime.,جُرمہٕ منٛز آیہِ کمی لبنہٕ۔
2298,She dedicated the book to her mother.,تمہِ کٔر کتاب ماجہِ ہِؔنٛدِ ناوٕ۔
2299,He is a dedicated scholar.,سُہ چُھ اکھ پابنٛد عٲلِم۔
2300,The priest was amazed by the dedication of the disciple.,پادٕرۍ گوٚو چیلہٕ سٕنٛز سرشٲری وُچھِتھ حٲران۔
2301,He deems it a great honour to be invited for the meeting.,اِجلاس خٲطرٕ دعوت دِنس چُھ سُہ سیٚٹھا احتِرام سمجان۔
2302,She took out water from a deep well.,تمہِ کوٚڈ اکہِ سرٛنہِ کیٖرِ منٛزٕ آب۔
2303,His remarks have deep meanings.,تٔمۍ سٕنٛزن کتھن چُھ سنٛجیٖدٕ معنی۔
2304,His involvement in the affair was very deep.,اتھ مسلس منٛز ٲس تٔمۍ سٕنٛز شموٗلیت سیٚٹھا زیادٕ۔
2305,He was deep asleep when Ram came.,سُہ اوس مس نیٚندرِ منٛز ییٚلہِ رام آو۔
2306,He is deeply interested in religious matters.,سُہ چُھ مذہبی معاملن منٛز سنٛجیٖدگی سان دِلچسپی تھاوان
2308,Our team was defeated in the match.,سانہِ ٹیٖمہِ آیہِ میچس منٛز شِکست دِنہٕ۔
2309,He was defeated in the arguments.,تٔمۍ اوس بحژس منٛز ہورمُت۔
2310,That was a humiliating defeat.,یہِ ٲس اکھ رُسوٲیی واجیٚنۍ ناکٲمی۔
2311,They fought for the defence of the country.,تِمو لوٚڈ ملکہٕ کہِ حفاظتہٕ خٲطرٕ۔
2312,He had nothing to say for his defence.,تٔمِس اوس نہٕ پنٛنِس بچاوس منٛز ونٛنہٕ خٲطرٕ کِہیٖن تہِ۔
2314,He defended himself with an umbrella.,تٔمۍ بچوو پنُن پان چٔھترِ سۭتۍ۔
2315,She defended herself from the attack.,تٔمۍ کوٚر پنٛنِس پانس حملہٕ نِش بچاو۔
2316,He has to defend himself as a captain.,تٔمِس چُھ پنُن پان بطورِ کپتان برقرار تھاوُن۔
2318,These are purely defensive measures.,یِم چھِ بِلکُل بچٲوی اِقدامات۔
2319,He faced a deficit after switching to the new work.,نوِ کامہِ پٮ۪ٹھ گژھنہٕ پتہٕ گوٚو تٔمِس گاٹہٕ۔
2320,I will define all the topics.,بہٕ وٮ۪ژھناوٕ سٲری موضوٗع۔
2321,These categories are not well defined.,یِم درجہٕ بٔنٛدِیہِ چھےٚ نہٕ جان پٲٹھۍ بیان کٔرِتھ۔
2322,They defined the powers of the judge.,تِمو کٔرۍ جج سٕنٛدۍ اختیار واضح۔
2323,The powers of a judge are defined in the constitution.,جج سٕنٛدۍ اختیارات چھِ ٲیٖنس منٛز بیان کرنہٕ آمٕتۍ۔
2324,He explained everything in a definite way.,تٔمۍ کوٚر پرٛٮ۪تھ کانٛہہ چیٖز خاص انٛدازس منٛز بیان۔
2325,He will definitely come to receive her at the airport.,سُہ یی ضروٗر تس ہوٲیی اڈس پٮ۪ٹھ اِستقبال کرنہِ۔
2327,He defined his views definitely.,تٔمۍ کٔر ۍ واضح طور پنٕنۍ خیالات بیان۔
2328,Can you give definition of this word?,تُہۍ ہیٚکوٕ مےٚ ییٚمہِ لفظٕچ وضاحت دِتھ؟
2329,The definition of a skilled writer is his ability to use appropriate words.,أکِس مٲہِر لکھٲرۍ سٕنٛز تعریٖف چھےٚ تٔمۍ سُنٛد منٲسِب لفظن ہُنٛد اِستعمال کرنٕچ صلٲحیت۔
2330,The television he bought has a good definition.,یُس تٔمۍ ٹی وی اوٚن تتھ چُھ جان معیار۔
2331,His plan is to get a degree in economics and then work abroad.,تٔمۍ سُنٛد منصوٗبہٕ چُھ معاشِیاتس منٛز ڈِگری حٲصِل کرٕنۍ تہٕ پتہٕ بیٖروٗنی مُلکس منٛز کٲم کرٕنۍ۔
2332,He is honest to a degree.,سُہ چُھ أکِس حدس تانۍ ایٖماندار۔
2337,Aslam was delegated to the Internaional Conference by his Institute.,اسلم اوس پنٕنۍ ادارن بین الاقوامی کانفرنس منٛز بطورِ نُمٲیِنٛدٕ سوٗزمُت۔
2338,There was a deliberate attempt to create mess.,فساد تُلنٕچ ٲس امدَن کوٗشِش۔
2339,You can take time to deliberate.,تُہۍ ہیٚکِو غور کرنہٕ خٲطرٕ وقت نِتھ۔
2340,They deliberated over the issue for full two hours.,تِمو کوٚر معاملس پیٚٹھ پوٗرٕ دۄن گٲنٛٹن بحژ۔
2342,She is known for her delicacy.,سۄ چھےٚ پنٛنہِ نزاکت خٲطرٕ مانٛنہٕ یِوان۔
2343,Babies have very delicate skin.,بچن ہِنٛز ژم چھےٚ واریاہ نوزُک آسان۔
2344,The delicate carvings on the temple walls are very impressive.,مندر چٮ۪ن لبن پٮ۪ٹھ زٲوِج نقٲشی چھےٚ واریاہ مُتٲثِر کروٕنۍ۔
2345,The eye surgery is very delicate.,أچھ ہِنٛز جرٲحی چھےٚ واریاہ ٲوِج آسان۔
2346,His delight to see her was quite obvious.,تٔمِس وٕچِھتھ تٔمۍ سٕنٛز خوشی ٲس بِلکُل واضح۔
2348,Her delighted smile made him forget all his sorrows.,تٔمۍ سٕنٛدِ خۄشونہِ اسنہٕ سۭتۍ گٔیہِ تس سٲری غم مٔشِد۔
2349,The comedy was delightful.,مزاحیہ اوس خۄشوُن۔
2350,The postman comes to deliver the letters.,ڈاکہٕ وول چُھ چِٹھِ تراونہِ یِوان۔
2351,The lecture was delivered by a well known scholar.,بیان اوس أکۍ مشہوٗر عٲلِمن دیُتمُت۔
2352,She delivered twins at the hospital.,تٔمِس زایہِ شفاخانس منٛز دُچہِ۔
2357,She went to the hospital for her delivery.,سۄ ٲس پرٛیٚسنہٕ خٲطرٕ شفا خانس منٛز گٔمٕژ۔
2358,Her delivery of Hindi is very poor.,تٔمۍ سُنٛد ہِنٛدی بولنُک طٔریٖقہٕ چُھ واریاہ خراب۔
2359,The delivery van came with the parcels.,سامان واتناون واجیٚنۍ وین آیہِ پارسَل ہٮ۪تھ۔
2360,Every demand of a child should not be fulfilled.,بچہٕ سٕنٛز پرٛٮ۪تھ کانٛہہ منٛگ گژھِ نہٕ پوٗرٕ کرٕنۍ۔
2361,Women demand for their participation in the Board.,زنانہٕ چھےٚ بورڈس منٛز پنٛنہِ شِرکت خٲطرٕ مُطالبہٕ کران۔
2362,Child rearing demands a lot of patience.,بچہٕ رچُھن چُھ واریاہ صبرُک تقاضہٕ کران۔
2363,Her job is very demanding.,تٔمۍ سٕنٛز نوکری چھےٚ واریاہ مُشکِل۔
2364,Demarcate the boundaries of the plot with lime.,زمیٖنہٕ ٹُکرٕچ حد بنٛدی کٔرِو چوٗنہٕ سۭتۍ۔
2365,Democracy is the government represented by people.,جمہوٗریت چھےٚ سۄ حکوٗمت ییٚمِچ نُماینٛدگی عوام چُھ کران۔
2366,This is a big step forward for democracy.,یہِ چُھ جمہوریت خٲطرٕ اکھ بوٚڑ قدم۔
2368,These figures clearly demonstrate the economic status.,یِم اعداد و شمار چھِ صاف پٲٹھۍ معٲشی حیثیت ظٲہِر کران۔
2369,I will demonstrate some of the difficulties we are facing.,بہٕ سمجاوٕ کیٚنٛہہ مُشکِلات یِمن ہُنٛد أسۍ مُقابلہٕ چھِ کران۔
2370,The demonstration lasted for an hour.,ہاونٕچ عمل روٗز أکِس گٲنٛٹس تانۍ جٲری۔
2371,Dengue is a dangerous disease.,ڈینگوٗ چھےٚ اکھ خطرناک بٮ۪مٲرۍ۔
2372,Her denial of my advice hurts me.,میٛٲنِس مشوَرس تٔمۍ سُنٛد اِنٛکار چُھ مےٚ دِلس لگان۔
2374,Which denomination of the bill will you be paying?,بِلہِ ہُنٛد کُس رقم کٔرِو تُہۍ ادا؟
2375,You should denounce oppression.,ژےٚ پزی ظُلمٕچ مذمت کرٕنۍ۔
2378,One cannot deny the truth.,حقیٖقتس ہیٚکہِ نہٕ کانٛہہ تہِ اِنکار کٔرِتھ۔
2380,The linguistics department is near the front gate.,شعبہ لِسنیات چُھ بروٚنٛہمِس گیٹس نِشی۔
2381,I will call you before our departure from the station.,بہٕ کَرَے ژےٚ سٹیشن پٮ۪ٹھٕ پنٛنہِ روانگی بروٚنہہ فون۔
2382,They depend on their son for their livelihood.,تِم چھِ روزی خٲطرٕ پنٛنِس نیٚچوِس ماتحت۔
2385,The final decision is dependent on her verdict.,ٲخری فٲصلہٕ چُھ تٔمۍ سٕنٛدِس فٲصلس ماتحت۔
2386,Merely deploring the increasing incidents of violence in the valley is not enough.,وادی منٛز تشدد کٮ۪ن واقعاتن ہِنٛدِس بڑنس پٮ۪ٹھ مذمتٕے یٲژ کرٕنۍ چھےٚ نہٕ سیٚٹھا۔
2387,The troops have been deployed along the border.,فوجی آیہِ سرحدس انٛدٕ ونٛدٕ تعینات کرنہٕ۔
2388,We need to make slight depression near the well.,اسہِ چُھ کیٖرِس نِش تھوڑا دۄب ہیوٗ بناونٕچ ضروٗرت۔
2389,She suffered from severe depression after losing her job.,نوکری اتھٕ گژھنہٕ پتہٕ گٔیہٕ سۄ سخٕت دِل مٔلوٗلی ہِنٛز شِکار۔
2391,The depth of emotions is unimaginable.,جذباتن ہُنٛد سرٛنٮ۪ر چُھ ناقٲبلہِ تصوُر۔
2392,They shifted to the new house in the depth of winter.,تِم گٔیہٕ ونٛدٕ کِس شِدَتس منٛز نٔیِس مکانس منٛز۔
2393,I'm acting as deputy till the headmaster returns.,ہیٚڈ ماسٹر سٕنٛدِس واپس یِنَس تانۍ چُھس بہٕ نٲیِب سٕنٛدِس طورس پیٚٹھ کٲم کران۔
2394,He has been elevated to deputy manager.,سُہ چُھ ترقی دِتھ نٲیِب منظم بناونہٕ آمُت۔
2395,She derives great pleasure from reading.,سۄ چھےٚ پرنہٕ سۭتۍ واریاہ سکوٗن حٲصِل کران۔
2396,The present name is derived from an older form.,موجوٗدٕ ناو چُھ اکہِ پرانہِ ناوٕ منٛزٕ کڑنہٕ آمُت۔
2397,They descended from the stairs carefully.,تِم ؤتھۍ ہیرن احتیاط سان۔
2398,He described the acccident elaborately.,تٔمۍ کوٚر حٲدثہٕ وضاحت سان بیان۔
2399,She describes herself as a preacher.,سۄ چھِ پنُن تعارُف أکِس مبلغ سٕنٛز حیثیت دِوان
2400,The child described a perfect circle on the sand.,بچن بنوو سیٚکہِ پٮ۪ٹھ اکھ مکمل گول
2401,The description of the event was reported on the newspaper.,امہِ واقعٕچ وضاحت آیہِ اخبارس منٛز شایع کرنہٕ
2402,The boats of all description were tied along the bank.,پرٛٮ۪تھ کُنہِ قٕسمٕچہِ ناوٕ آسہٕ بٔٹھِس سۭتۍ گٔنٛڈِتھ
2403,The descriptive variable is missing from the sentence.,جُملہٕ منٛز چُھ توصیٖفی متغیر غٲب
2404,The desegregation of the company is not advisable at this stage.,کمپنی ہُنٛد یکجُت چُھنہٕ یتھ سٹیجس پٮ۪ٹھ مُمکِن
2405,Deserts have a serene aura at sunset.,ریگستانس منٛز چُھ آفتاب لوسن وِزِ اکھ پُرسکوٗن احساس آسان
2406,The park was deserted towards the evening.,شامن ٲس پارکہِ منٛز دٕہۍ ژھٮ۪تَے
2407,The soldier deserted the country.,سپاہن تروو مُلک
2408,I think I deserve a reward for my work.,مےٚ چُھ باسان میٲنۍ کٲم چھِ قٲبلہِ انعام
2410,The design of the trip was altered altogether.,سفرُک خاکہٕ اوس مکمل پٲٹھۍ بدلاونہٕ آمُت
2411,He contributed majorly in the new design of the instrument.,آلُک نقشہِ بناونس منٛز کوٚر تٔمۍ اہم کِردار ادا
2412,The curtains had beautiful designs on the borders.,پردن اوس دٔنٛدرن نِشہِ خوٗبصوٗرت نموٗنہٕ بنٲوِتھ
2413,He holds no good designs for future.,تٔمِس چُھنہٕ مُستقبِل خٲطرٕ کانٛہہ جان منصوٗبہٕ
2414,We need to design a better work schedule.,اسہِ پزِ کامہِ ہُنٛد اکھ بہتر شیٚڈوٗل بناوُن
2415,She designed good excuse for her absence from the class.,تمہِ بنوو کلاس منٛز غٲر حٲضِر روزنہٕ خٲطرٕ اکھ جان بہانہٕ
2417,The courtyard was designated as pollution free area.,آنٛگُن آو آلوٗدگی نِشہِ پاک جاے قرار دِنہٕ
2418,Ram was designated as the Police Chief.,رام اوس بحیثیت پولیٖس چیٖف نام زَد کرنہٕ آمُت
2419,Hari is a textile designer.,ۂری چُھ کپُر ک نقشہٕ بناون وول
2420,Ram got the desirable job.,رامس میٖج پسنٛدیٖدٕ نوکری
2421,He has strong desire to leave the country.,تٔمِس چھِ سخت خٲہِش ملک ترٲونٕچ
2422,She was his heart`s desire.,سۄ ٲس تس دِلی خٲہِش
2423,We desire for a peaceful life.,اسہِ چھِ اکہِ امن پسنٛد ملکٕچ حسرت
2424,This desk is too small.,یہِ میز چُھ واریاہ لۄکُٹ
2426,They began to despair of ever being rescued.,تِم ٲس زانٛہہ ناوۄمید گٔمٕتۍ زِ زانٛہہ ی،نۍ تِم بچاونہٕ
2427,He is desperate to plea for help.,سُہ چُھ بےٚتاب مدد منٛگنہٕ خٲطرٕ
2428,He is desperate to his friends.,تٔمِس چُھ دوستن ہُنٛد امارٕ
2429,He is waiting desperately to see her.,سُہ چُھ بےٚتٲبی سان تٔمِس وُچھنس پیاران
2430,They enjoyed the picnic despite the bad weather.,تِمن لوٚگ خراب موسم آسنہٕ باوجوٗد پِکنکَس مزٕ
2432,She managed to catch the flight despite being late.,ژیر گژھنہٕ باوجوٗد تہِ روٚٹ تمہِ جہازٕ
2433,One can just believe in destiny.,انسان ہٮ۪کہِ صِرِف تقدیٖرس پٮ۪ٹھ بروسہٕ کٔرِتھ
2435,The thieves destroyed the barking dog.,ژوٗرو مور وۄروُن ہوٗن
2436,The flood did considerable destruction to the crops.,سہلابن کٔر فصلس کٲفۍ تبٲہی
2437,The flood caused lot of destruction in the village.,سہلابن کٔر گامس واریاہ تبٲہی
2438,He proposed a policy quite destructive to the economy.,تٔمۍ کٔر سۄ پالسی واضح یۄسہٕ معٲشیت خٲطرٕ تباہ کُن چھےٚ
2439,I want full details of the meeting.,مےٚ دِ میٖٹنٛگ ہٕنٛز پوٗرٕ تفصیٖل
2440,Many details are missing from the document.,دستاویز منٛز چھِ واریاہ تفصیٖل غٲر موٗجوٗد
2441,A detail was sent to clear off the fallen trees.,پیٚمٕتۍ کُلۍ تُلنہٕ خٲطرٕ آیہِ واریاہ تفصیٖل سوزنہٕ
2442,The brochure details the operations of the machine.,برٛوشرس منٛز چھِ مشیٖنہِ چلاونہچہِ دٔلیٖل دِتھ
2444,A detailed plan was chalked out to free the captives.,اکھ تفصیٖلی پلان آو جنٛگی قٲدی رِہا کرنہٕ خٲطرٕ بناونہٕ
2445,They detected high level of lead in the drinking water.,تِمو وُچھ آبس منٛز لیڈ واریاہ تعدادس منٛز موٗجوٗد
2446,I enjoy reading detective novels.,مےٚ چھِ جاسوٗسی ناولہٕ پرنہِ خۄش کران
2447,We appointed an efficient detective to solve the case.,اسہِ کٔر أکِس قٲبِل جاسوٗس سٕنٛز تقرری یہِ کیس حل کرنہٕ خٲطرٕ
2448,I need detergent to wash the dishes.,مےٚ چھِ ڈِٹرجنٛٹ ضروٗرت بانہٕ چھلنہٕ خٲطرٕ
2449,The political situation deteriorated after the collapse of the government.,سرکار پٮ۪نہٕ پتہٕ گٔیہِ سیٲسی حالات ابتر
2451,It can determine your further prospectus.,یہِ کرِ چانہِ مزیٖد پراسپیکٹسُک فٲصلہٕ
2455,USA is a developed country.,امیٖکا چُھ اکھ ترقی یافتہٕ ملک
2456,India is a developing country.,ہنٛدوستان چُھ اکھ ترقی پزیٖر ملک
2457,The new scheme for the development of villages is constructive.,گامن ہٕنٛزِ ترقی خٲطرٕ چھِ نٔو سِکیٖم تعمیٖر کُن
2458,The deviation from the party is seen as betrayal.,پارٹی نِشہِ انحراف چُھ یوان غدٲری ماننہٕ
2459,The minister was accused of deviation from the party code.,منسٹرس اوس پارٹی کوڈ نِشہِ انحرافُک الزام دِنہٕ آمُت
2460,India has developed its own nuclear device.,ہنٛدوستانن چُھ پنُن بمٛب بنوومُت
2461,The poet has a distinct device of metaphorical expression.,شٲعرس چُھ پنُن اکھ مُنفرد استعارٲتی اظہارُک طٔریٖقہٕ آسان
2462,His kids are little devils.,تٔمِس چھِ بچہِ شیطان
2464,I devote a lot of time to my studies.,بہٕ چھس واریاہ وقت پننس پرنس وقف کران
2466,He is a devoted husband.,سُہ چُھ وفادار خاندار
2467,He has no devotion towards his family.,سُہ چُھنہٕ پننِس عیالس خٲطرٕ جان نثار
2468,We need to measure the diameter of the round window.,اسہِ پزِ گول دارِ ہُنٛد قطرٕ مینُن
2471,He is a dictator by nature.,سُہ چُھ مِزازٕ کِنۍ اکھ تاناشاہ۔
2473,She died from cancer.,سۄ مۄیہِ کیٚنسر سۭتۍ۔
2474,Each one must take healthy diet.,پرٛٮ۪تھ أکِس پزِ جان غذا کھیوٚن۔
2475,My views differ from my father's .,میٛٲنِۍ خیالات چھِ میٛٲنِس مٲلۍ سٕنٛدیو خیالاتو کھۄتہٕ الگ۔
2476,There is a lot of difference between these two sisters.,یِمن دۄن بیٚنیٚن منٛز چھےٚ واریاہ فرق۔
2477,Both of them took different approaches to the problem.,یِمو دۄشوٕیو رٔٹی مسلس خٲطرٕ الگ طریٖقہٕ۔
2479,They looked at the problem differently.,تِمو چوُچھ مسلہٕ مُختلف پٲٹھۍ۔
2480,This is a very difficult task.,یہِ چُھےٚ واریاہ مُشکِل کٲم۔
2481,There are lot of difficulties in framing this proposal.,یہِ منصوٗبہٕ تیار کرنس منٛز چھےٚ واریاہ سختِیہٕ۔
2483,The archeaologist carefully filled the dig with plaster.,مٲہرِ آثاریاتن بٔر احتیاط سان کٔھنۍمٕژ جاے پلستر سۭتۍ۔
2484,They began to dig the ground.,تِمو ہیوٚت زمیٖن کھنُن۔
2486,You have put me in dilemma.,ژےٚ چُھ تھس بہٕ دُلمُلس منٛز ترٛوومُت۔
2487,The lamp threw out a dim light.,بٔتۍ ٲس گوٚٹ گاش دِوان۔
2489,The refugee problem has added a new dimension to the border conflict.,مُہٲجِرن ہِنٛدۍ مسلن چُھ سرحدی تناعزس منٛز اکہِ نوِ پہلوٗوُک اضافہٕ کوٚرمُت۔
2490,We dined in at a hotel.,اسہِ کھیوو أکِس ہوٹلس منٛز کھیٚن۔
2491,Dinner is served from 7:30 pm in the hostel.,ہوسٹَلس منٛز چُھ شامس 7:30 بجہِ پیٚٹھٕ شامُک بتہٕ دِنہٕ یِوان۔
2492,I dipped my pen into the inkpot.,مےٚ بٔڑروو پنُن قلم میٖلہِ منٛز۔
2493,The price of gold has dipped in the past days.,پٔتِمیٚن دۄہن منٛز چُھ سۄنُک قۭمت کم گوٚمُت۔
2494,The land dips towards the south.,زمیٖن چُھ جنوٗبس کُن وسان۔
2495,There was a slight dip in petrol price this week.,ییمہِ ہفتہٕ آیہِ پیٚٹرول کِس قۭمتس منٛز رژھا کٔمی۔
2496,Diplomacy has failed to meet its ends.,سِفارت کٲری چھےٚ پنٕنۍ مقصد پوٗرٕ کرنس منٛز ناکام گٔمٕژ۔
2497,He used diplomacy to persuade her for this act.,تٔمۍ کٔر سۄ ییٚمہِ کامہِ باپتھ تیار کرنہٕ خٲطرٕ ژۄیہِ ہُنٛد استعمال۔
2498,A number of foreign diplomats participated in the function.,واریاہو غٲر مُلکی سِفارت کارو کٔر تقریٖبہِ منٛز شِرکت۔
2499,Their diplomatic efforts could not help to pacify the anger.,تِہِنٛزو سِفارتی کوٗشِشو ہیوٚک نہٕ شرارت کم کرنس منٛز مدد کٔرِتھ۔
2500,You may ask direct questions on the issue.,تُہۍہیٚکِو یتھ مسلس پیٚٹھ سیوٚد سوال پرٛژِھتھ۔
2501,I directed them towards the road.,مےٚ ہٲو تِمن سڑکہِ کُن وتھ۔
2502,He took a turn in the right direction.,تٔمۍ کوٚر صحیٖح طرفس کُن موڑ۔
2504,He directly asked her if she can marry him.,تٔمۍ پرٛژھ تٔمِس سیوٚد زِ سۄ ہیٚکیا تٔمِس سۭتۍ خانٛدر کٔرِتھ۔
2506,Satyajit Ray is a well-known film director.,ستیاجیت رے چُھ اکھ مشہوٗر فِلمی ہِدایت کار۔
2507,There is lot of dirt in the room.,کُٹِھس منٛز چھےٚ واریاہ گنٛدگی۔
2508,He was wearing a dirty shirt yesterday.,راتھ ٲس تٔمِس مٔکٕر قمیٖض لٲگِتھ۔
2509,The moon disappeared behind the cloud.,زوٗن گٔیہٕ اوٚبرس پتہٕ کنہِ غٲب۔
2512,The disapproval caused him immense disappointment.,نامنظوٗری کِنۍ گٔیہٕ تٔمِس واریاہ مایوٗسی۔
2513,There is a widespread disapproval of government policies.,حُکومتی حِکمت عملِین چھےٚ بٔڑِس پیمانس پیٚٹھ نامنظوٗری۔
2514,The criminals were disarmed before leaving for the court.,عدالت گژھنہٕ برٛونٛہہ آیہِ مُلزِمن ۂتھیار نِنہٕ۔
2515,Their marriage is going to be sheer disaster.,تِہُِنٛد خانٛدر آسہِ بِلکُل مُصیٖبت۔
2516,A major train disaster was averted in Punjab.,پنٛجابس منٛز آو ریلہِ ہُنٛد اکھ بوڈ حٲدثہٕ ٹالنہٕ۔
2517,The economic position of the country is disastrous.,مُلکٕچ مٲلی حالات چھےٚ تباہ کُن۔
2518,I was discharged from the hospital today.,مےٚ آیہِ آز شفا خانہٕ پیٚٹھٕ چُھٹی دِنہٕ۔
2519,Students do not maintain discipline anymore.,طٲلبہِ عٔلِم چھِ نہٕ وۄنۍ تہزیٖب برقرار تھاوان۔
2520,He is teaching in the humanities discipline.,سُہ چُھ ساینس کِس شعبس منٛز پرناوان۔
2521,Parents must discipline their children.,مٲلِس ماجہِ پزِ پنٛنیٚن شُریٚن تہزیٖب دیُن۔
2522,He does not want to disclose his secret.,سُہ چُھ نہٕ یژھان پنُن راز ظٲہِر کرُن۔
2523,We should discourage smoking among youth.,اسہِ پزِ نوجوانن منٛز سِگریٹ چیٚنٕچ ہٮ۪متھ پٕھٹراوٕنۍ۔
2524,I faced discouragement from my family when I took up to modelling.,ییٚلہِ مےٚ ماڈلِنٛگ شُروٗع کٔر مےٚ میلییہِ پنٛنہِ خانٛدان کہِ طرفہٕ پس ہمتی۔
2525,Columbus discovered America in 1492.,کولمبسن کوٚر 1492 تس منٛز امریکہ دریافت۔
2526,Discovery of electricity was a breakthrough in history.,بِجلی ہِنٛز دریافت ٲس توٲریٖخس منٛز اکھ بٔڑ کامیٲبی۔
2527,He divided the share at his discretion.,تٔمۍ کوٚر پنٛنہِ مرضی پیٚٹھ حِصہٕ تقسیٖم۔
2528,There is still discrimination between a girl-child and a boy-child in our society.,سٲنِس سماجس منٛز چُھ وٕنہِ تہِ لڑکس تہٕ کورِ منٛز فرق کرنہٕ یِوان۔
2529,We discussed our household expenditure at length.,اسہِ کوٚر پنٛنِس گَریلو خرچس پیٚٹھ زیوٗٹھ بحژ۔
2531,He is suffering from an incurable disease.,تٔمِس چھےٚ اکھ لاعلاج بیٚمٲرۍ۔
2533,I prefer vegetarian dishes.,بہٕ چُھس سبزی ہِنٛدیٚن سِنیٚن ترجیٖح دِوان۔
2534,I lost my new disk.,مےٚ رٲو پنٕنۍ نٔو ڈِسک۔
2535,My dislike for him was instinctive.,تٔمۍ سٕنٛدِ خٲطرٕ میٛٲنۍ ناپسنٛدی ٲس ذٲتی ۔
2536,I really dislike his attitude.,بہٕ چُھس پٔزۍ پٲٹھۍ تٔمۍ سُنٛد طور طریٖقہٕ ناپسنٛد کران۔
2537,The wind dislodged the tiles from the roof.,ہَوہن تُلۍ ٹٲل چھتہٕ پیٚٹھٕ تھوٚد۔
2538,He was dismissed from the party on charges of corruption.,سُہ اوس رشوت خوری ہِنٛدِس اِلزامس پیٚٹھ جمٲعژ منٛز کڑنہٕ آمُت۔
2539,The refugees were displaced due to the war threats.,جنٛگی خطرو کِنۍ آیہِ مُہٲجِر ژلراونہٕ۔
2540,Weeds displace vegetables and plants.,کچھ چھِ سبزِین تہٕ کُلۍ کٹیٚن ہِنٛز جاے رٹان۔
2541,The displacement of tribals has created furore.,قبٲیلو ہِنٛزِ ہِجرت سۭتۍ چُھ ہنٛگامہٕ کھڑا گوٚمُت۔
2542,His photograph was displayed on the national newspaper.,تٔمۍ سٕنٛز تصویٖر آیہِ قومی اخبارس منٛز ہاونہٕ۔
2544,The safe disposal of nuclear wastes is a major problem.,ہُریمتیٚن نیوکلِیٲیی موادن ہُنٛد محفوٗظ طریٖقہٕ سۭتۍ خٲتمہٕ کرُن چُھ اکھ بوٚڑ مسلہٕ۔
2545,I have disposed of my old clothes.,مےٚ چھِ پنٕنۍ پرٛٲنۍ پَلو دٲرِتھ ژٕھنۍمٕتۍ۔
2546,I am not disposed to go there at this moment.,بہٕ چُھس نہٕ وٕنۍکیٚس تور گژھنہٕ خٲطرٕ تیار۔
2547,Her mother is disposed to new ideas.,تٔمۍ سٕنٛزِ ماجہِ چھےٚ نویٚن خیالن کُن رغبت۔
2548,The workers disputed with the management about the bonus.,مزدوٗرو کوٚر معاوضہٕ خٲطرٕ اِنتِظامیاہس سۭتۍ بحژ۔
2549,The workers are in dispute with the management.,کٲم کرن والیٚن چُھ اِنتِظامیاہس سۭتۍ اِختلاف۔
2550,The dissidents walked out of the meeting.,مُخٲلِف درٛایہِ اِجلاس منٛزٕ نیٚبر۔
2551,I dissolved sugar in water.,مےٚ غول کھنٛڈ آبس منٛز۔
2552,Their marriage dissolved just after three months.,تِہُنٛدو خانٛدر مۄکلیوو صِرِف ترٛےٚ رٮ۪تھ گٔژھۍتٕھے۔
2553,It is a walking distance from my house.,یہِ چُھ میانہِ گرِ پٮ۪ٹھٕ پیدل دوٗری پٮ۪ٹھ۔
2554,He distanced himself from the office politics.,تٔمۍ تھوو پنُن پان دفتر کہِ سِیاستہٕ نِش دوٗر۔
2555,A distant relative of mine passed away this month.,میون اکھ دوٗر دراز رِشتہٕ دار گُزریوو ییٚمہِ رٮ۪تہٕ۔
2556,These varieties of plants are quite distinct.,کُلیٚن ہِنٛدۍ یِم قٕسٕم چھِ بِلکُل مُختلف۔
2557,I have noticed a distinct improvement in her performance.,مےٚ چھِےٚ تٔمۍ سٕنٛزِ کارگردگی منٛز اکھ واضح بہتری محسوٗس کٔرمٕژ۔
2558,It is necessary to make distinction between these concepts.,یِمن نظرین منٛز فرق کرٕنۍ چھےٚ ضٔروٗری۔
2559,It has the distinction of being the cheapest restaurant in town.,اتھ چھےٚ شہر کہِ ساروٕے کھۄتہٕ سرٛوٚگ ریستوراں آسنٕچ خٲصیت۔
2561,The dish has a distinctive flavor.,یتھ ضیافتس چُھ اکھ مخصوٗص مزٕ۔
2563,We distinguish between business and pleasure.,أسۍ چھِ کٲم کار تہٕ لُطُف الگ مانان۔
2564,It is difficult to distinguish between the two shades.,دۄن رنٛگن درمِیان فرق کرٕنۍ چھےٚ مُشکِل۔
2565,He had a distinguished career throughout his life.,تٔمِس چُُھ پنٛنہِ پوٗرٕ زِنٛدگی اکھ ممتاز پیشہٕ روٗدمُت۔
2566,Our distinguished professor is retiring today.,سون ناماوار پروفیسر گژھِ آز مُلٲزمت نِش فاریغ۔
2567,She is in distress since her failure in the examination.,اِمتِحانس منٛز ناکام گژھنہٕ پتہٕ پیٚٹھٕ چھےٚ سۄ پریشٲنی منٛز۔
2569,The distribution of goods was postponed.,سامان کہِ بٲگراونٕچ عمل آیہِ مُلتوی کرنہٕ۔
2570,They belongs to the same district.,تِم چھِ أکۍسٕے ضِلعس سۭتۍ تعلُق تھاوان۔
2571,She disturbed me at the meeting.,تٔمۍ کوٚرنس بہٕ اِجلاسس منٛز پریشان۔
2572,Some bad elements in the crowd disturbed the speech.,ہجوٗمس منٛز کینٛہو خراب عناصِرو کٔر تقریٖرِ منٛز خلل۔
2573,She was disturbed about the communal violence.,سۄ ٲس فرقہٕ ورانہٕ تشدد کِنۍ پریشان گٔمٕژ۔
2574,Don't disturb him while reading.,پرنہٕ وِزِ مہ کٔرۍوون سُہ تنٛگ۔
2575,The car fell in the ditch.,گٲڑۍ پیٚیہِ دۄبس منٛز۔
2576,He went for a dive in the sea.,سُہ اوس سوٚدرِس منٛز غۄطہٕ خٲطرٕ گوٚمُت۔
2577,He dived deep in the water.,تٔمۍ ترٛٲو آبس منٛز سرٛنۍ وۄٹھ۔
2578,He dived into the sea in search of pearls.,مۄختہٕ ژھانٛڑنہٕ خٲطرٕ دِژ تٔمۍ سمنٛدرس منٛز وۄٹھ۔
2579,I want to divide my property among my children.,بہٕ چُھس یژھان پنٕنۍ مِلکیت پنٛنیٚن شُریٚن منٛز بٲگراوُن۔
2582,I divined from his expression that the news was not good.,مےٚ لگوو تٔمۍ سٕنٛدِ بٕتھِ کہِ تٲثیٖر سۭتۍ انٛدازٕ زِ خبر ٲس نہٕ رٕژ۔
2583,They are awaiting the divine intervention.,تِم چھِ قۄدرتی مُداخلتٕکۍ طلب گار۔
2584,She has a divine aura around her.,تٔمِس أنٛدۍ پٔکۍ چُھ اکھ پاک ماحول۔
2585,The students treat their teacher as a divine being.,طٲلبہِ عٔلِم چھِ پنٛنِس استادس پاک ذات مانان۔
2586,They all agreed on the division of their ancestral property.,تِم سٲری گٔیہِ پنٛنہِ خانٛدٲنۍ مِلکِیتس حِصہٕ بٹٲے کرنس پیٚٹھ رٲزۍ۔
2587,They all agreed on the division of their ancestral property.,تِم سٲری گٔیہِ پنٛنہِ خانٛدٲنۍ مِلکِیتس تقسیٖم کٲری پیٚٹھ رٲزۍ۔
2588,He demanded an equal division of the property.,تٔمۍ کوٚر مِلکیتس منٛز برابر حِصُک مُطالبہٕ۔
2589,They decided to have a divorce.,تِمو کوٚر طلاق نِنُک فٲصلہٕ۔
2590,Julie wants a divorce from his spouse.,جوٗلی چھےٚ پنٛنِس بٲژس نِش مۄکجار یژھان۔
2591,The couple was divorced after only 6 months.,شیٚیہِ ریٚتھۍ پَتَے گوٚو جورِ طلاق۔
2592,His husband divorced her for no obvious reason.,تٔمۍ سٕنٛدۍ خانٛدارن دیُت تٔمۍ کُنہِ واضح وجہ بغٲرٕے طلاق۔
2593,I will do my work myself.,بہٕ کرٕ پنٕنۍ کٲم پانَے۔
2594,She is doing well in her new job.,سۄ چھےٚ پنٛنہِ نیہِ نوکری منٛز جان کٲم کران۔
2595,I will have to consult a doctor.,مےٚ پیٚیہِ ڈاکٹرس نِش گژُھن۔
2597,She has been awarded doctor of philosophy in physics.,سۄ آیٕہ طِبیاتس منٛز ڈاکٹر آف فلاسفی کِہ اعزازٕ سۭتۍ نَوازنٕہ۔
2598,Their doctrine allows the use of violence.,تِہُنٛد نظریہِ چُھ تشدُدک استعمال کرنُک اِجازت دِوان۔
2600,The parents documented their child's development.,مٲلۍ ماجہِ تٔھو پنٛنِس بچہٕ سٕنٛز پیش قدمی لیٚکِھتھ۔
2601,You need to document your claims.,تۄہہِ پیٚنو پنٕنۍ دعوی لیٚکِھتھ دِنۍ۔
2602,The dog barked all night.,ہوٗنۍ کٔر رٲتۍ راتس وۄں رارَے۔
2603,He had been dogged by diseases all his life.,تٔمِس روزٕ پوٗرٕ وٲنٛسہِ بیٚمارِ پتَے۔
2604,I need to borrow ten dollars.,مےٚ چھےٚ دہ ڈالر وۄزٕم ہیٚنٕچ ضٔروٗرت۔
2605,This mosque has a huge dome.,یتھ مٔشیٖدِ چُھ اکھ بوٚڑ بارٕ گُمبنٛد۔
2606,Domestic violence is the least discussed issue.,گَریلوٗ تشدد چُھ ساروٕے کھۄتہٕ کم بحژ کرنہٕ یِنہٕ وول مسلہٕ۔
2607,Dog is a domestic animal.,ہوٗٗن چُھ اکھ پالتو جانور۔
2609,Media plays a dominant role in shaping public opinion.,میٖڈیا چُھ عوٲمی راے بناونس منٛز با اثر کِردار ادا کران۔
2610,No one is allowed to dominate the team.,کٲنٛسہِ تہِ چُھ نہٕ ٹیٖمہِ پیٚٹھ پیٚٹھا وٲلی کرنُک اِجازت۔
2612,They have no secret plan for world domination.,تِمن چُھ نہٕ عالمی حُکُمرٲنی ہُنٛد کانٛہہ تہِ خفیہ منصوٗبہٕ۔
2613,He is a don at a college in England.,سُہ چُُھ اِنٛگلینٛڈ کہِ کالجُک اکھ معزز نفر۔
2614,He donned his clothes.,تٔمۍ لٲگۍ پنٕنۍ پَلو۔
2615,This school gets donation from many organizations.,یتھ مدرسس چُھ واریاہو تنظیٖمو نِش اِمداد میلان۔
2616,He was the blood donor.,سُہ اوس خوٗن دِنہٕ وول۔
2617,He knocked on the door violently.,تٔمۍ کٔر دروازس تیز ٹُھکہٕ رارَے۔
2618,He fell down near the doorway.,سُہ پیوٚو دروازٕ چہِ وتہِ نِش پتھر۔
2619,She wore a blue dress with white dots.,تٔمِس اوس سفید ٹیٚچہِ دار نیٖلۍ رنٛگُک پۄشاک لٲگِتھ۔
2620,The students were asked to dot the cities on the map.,طٲلبہِ عٔلمن آو ونٛنہٕ زِ تِم ترٛٲوِنۍ نقشس منٛز شہرن پیٚٹھ نۄقطہٕ۔
2623,He got double the amount invested in this scheme.,تٔمِس میلیو یتھ سکیٖمہِ منٛز ترٛاونہٕ آمتہِ پونٛسُک دۄگنہٕ رقم۔
2624,He draws double the amount of salary than her.,سُہ چُھ تٔمۍ سٕنٛدِ کھۄتہٕ دۄگنہٕ تنخواہ نِوان۔
2626,The prices of the commodities have almost doubled.,چیٖزن ہُنٛد قۭمت چُھ لگ بگ دۄگنہٕ گوٚمُت۔
2627,They doubled up laughing at my joke.,میٲنِس ٹھٹھس پیٚٹھ اسان اسان نٮ۪مییہِ تِم۔
2628,There was some doubt about her account.,تٔمۍ سٕنٛدِس خاتس مُتعلق اوس کیاہ تانۍ شک۔
2630,His mental condition is doubtful.,تٔمۍ سٕنٛٛز ذہنی حالت چھےٚ شکاور۔
2631,She looked down.,تٔمۍ وُچھ بۄن کُن۔
2632,You should not go down a hill.,تۄہہِِ پَزیو نہٕ پہاڑٕ پیٚٹھٕ بۄن گژُھن۔
2633,Keep the noise down.,شور کٔرِو کم۔
2634,She has been down since her last exam results.,سۄ چھےٚ پنٛنہِ پٔتِمہِ اِمتِحان کہِ نتٲیِج پتہٕ پریشان۔
2635,There had been more downs during this year at the company.,یتھ ؤریس منٛز آسہٕ کمپٔنی منٛز زیادٕ ترقی منٛز رُکاوٹہٕ گٔمژٕ۔
2636,The building was knocked down.,عمارت ٲس والنہٕ آمٕژ۔
2637,He downed a bottle of milk before the dinner.,کالہٕ کہِ کھیٚنہٕ برٛونٛہہ وٕٹھکٲو تٔمۍ اکھ دۄدٕ بوتل۔
2638,You can buy good dress material from the downtown.,تُہۍ ہیٚکِو شہر کہِ مرکز منٛزٕ پلون خٲطرٕ جان کپُر أنِتھ۔
2639,The market is showing a downward trend in the stock prices.,مارکیٚٹ چُھ سٹاک کیٚن قۭمتن منٛز وسوُن رجحان ہاوان۔
2640,I need two dozen of pencils.,مےٚ چھےٚ زٕ درجن پیٚنسَلن ہِنٛز ضٔروٗرت۔
2641,Bananas cost 40 rupees a dozen.,کیلن ہُنٛد قۭمت چُھ 40 رۄپیہِ درجن۔
2642,He has finalized the draft.,تٔمۍ چُھ خاکہٕ مُکمل کوٚرمُت۔
2644,Draft a proposal for the project.,منصوٗبہٕ خٲطرٕ کٔرِو تجویٖز تیار۔
2645,He was drafted in the army the previous year.,سُہ اوس پَرُس فوجس منٛز بٔرتی کرنہٕ آمُت۔
2646,They dragged the kids.,تِمو دِژ شُریٚن کھکٕھر۔
2647,They cleaned all the drains.,تِمو کرٕ تمام نالہِ صاف۔
2649,The rain water drains into this big vat.,رُدٕ آب چُھ یتھ بٔڑِس حوضس منٛز وسان۔
2652,He likes reading drama.,تٔمِس چُھ ڈراما پرُن خۄش کران۔
2653,This dramatic work was appreciated by everyone.,یتھ موثر کامہِ کٔر ساروٕے تعریٖف۔
2655,Let the cool draught come in through open window.,تٕرنِس ہَوہس دیٖو دارِ کِنۍ یِنہٕ۔
2656,The doctor has given her a sleeping draught.,ڈاکٹرن چُھ تٔمِس نیٚنٛدرِ ہُنٛد پانیُل دوا دیُتمُت۔
2657,I have to draw these pictures.,مےٚ چھےٚ یِم تصویٖرٕ بناونہِ۔
2658,Can you draw a sketch of this house?,ژٕ ہیٚککھٕ ییٚمہِ مکانُک خاکہٕ بنٲوِتھ؟
2659,The cart is drawn by two horses.,ٹانٛگس چھِ زٕ گُرۍ لمان۔
2660,Please draw the fork out of the box.,مہربٲنی کٔٔرِتھ کٔڑِو کانٛٹہٕ ڈبہٕ منٛزٕ نٮ۪بر۔
2661,Draw the water from a well.,کیٖرِ منٛز کھٲلِو آب۔
2662,He drew my attention to a very crucial point.,تٔمۍ پوو مےٚ أکِس واریاہ اہم کتھِ کُن زۄن۔
2663,We can draw concluion from this report.,ییٚمہِ تحقیٖقی دستاویز سۭتۍ ہیٚکو أسۍ نٔتیٖجہٕ کٔڑِتھ۔
2666,Draw the water from the bucket.,بالٹیٖنہٕ منٛزٕ کٔڑِو آب۔
2667,The will was drawn in his old age.,یہِ وصیت ٲس تٔمۍ سٕنٛدِس بٕجرس منٛز تیار کرنہٕ آمٕژ۔
2668,He spent the day drawing the mountains.,تٔمۍ گُزور دۄہ پہاڑن ہُنٛد خاکہٕ بناوان۔
2669,This motor can draw beyond 70 inches.,یہِ موٹر ہیٚکہِ 70 آنٛچہِ بۄن تہِ لٔمِتھ۔
2670,The match ended with the draw.,میچ سپدیوو برابری پیٚٹھ۔
2671,I use my table drawres for keeping papers.,بہٕ چُھس کاغزات تھاونہٕ خٲطرٕ پنٛنہِ میزٕکۍ دراز اِستعمال کران۔
2672,The drawer of the cheque forgot to mark the date on it.,چیٚک لٮ۪کھن وٲلِس گوٚو اتھ پیٚٹھ تٲریٖخ لیٚکُھن مٔشِد۔
2673,He is a professional drawer.,سُہ چُھ اکھ پیشہٕ ورانہٕ فنکار۔
2674,He has a very good hand at drawing.,تٔمِس چُُھ تصویٖر سٲزی منٛز واریاہ جان اتھٕ۔
2675,She looked pale and drawn after the function was over.,تقریٖب سپدٕنہٕ پتہٕ ٲس سۄ زرٕد تہٕ اوٗرۍ نہٕ یوٗرۍ باسان۔
2676,He had a bad dream in the morning.,تٔمۍ وُُچھ صُبحن خراب خواب۔
2677,She dreams of becoming a successful singer.,سۄ چھےٚ اکھ کامیاب گلوکار بنٛنُک خواب وٕچھان۔
2679,He dressed well for the party.,تٔمۍ لٲگۍ دعوتہٕ خٲطرٕ جان پَلو۔
2680,The girl was dressed like a bride.,کوٗر ٲس مہرِنہٕ ہِنٛدۍ پٲٹھۍ پٲرٲوِتھ۔
2681,The nurse dressed the wounds of the patient.,نٔرسہِ لٲج مٔریٖض سٕنٛدیٚن زخمن پیٚٹھ مرہم پٔٹ۔
2684,The salad had an attractive dressing.,سلادِ ٲس لوٗبوٕنۍ سجاوٹ۔
2685,The pillow had a tight dressing.,تٔکیَس ٲس تنٛگ ووٗر۔
2686,Her drift of students from one discipline to another is inconvenient.,تٔمۍ سٕنٛدیٚن طٲلبہِ علمن ہُنٛد اکھ شعبہٕ پیٚٹھٕ بیٚیِس منٛز نقل و حمل چُھ پریشان کُن۔
2687,Our young generation is drifting away from orthodox values.,سٲنۍ نوجوان نسٕل چھےٚ تقلید پسند اہلیت نِش دوٗر گژھان۔
2688,Are you able to catch her drift?,تُہۍ چِھو ہیٚکان تٔمۍ سُنٛد مطلب سمجِتھ ؟
2690,The people drifted away from the exhibition ground.,لُکھ درٛایہِ نُمٲیِش کہِ مٲدان منٛزٕ۔
2691,The arguments drifted back to earlier conclusions.,بہژ وٲتۍ گۄڈنِکیٚن نتٲیجن پیٚٹھ واپس۔
2692,The sanddunes continously drift in the deserts.,ریگِستانس منٛز چھِ سیٚکہِ پہاڑ لگاتار ڈیر بناوان۔
2693,I need a drill to make a hole.,مےٚ چُھ گوٚد کرنہٕ خٲطرٕ زدٕ کرن واجنہِ مِشیٖنہِ ہِنٛز ضٔروٗرت۔
2695,We shall pursue the work in a proper drill.,أسۍ تھاوو أکِس مُنٲسِب طریٖقہِ کارٕ سۭتۍ کٲم جٲری۔
2696,They are drilling the wall.,تِم چھِ لبہِ زدٕ کران۔
2697,The teacher drilled the whole class in pronunciation.,استادن کرنٲو پوٗرٕ جماعت تلفظس منٛز مشٕق۔
2698,We can have a drink before leaving.,نیرنہٕ برٛونٛہہ ہیٚکو أسۍ شراب چیٚتھ۔
2699,Please make a drink for the guests.,پژھۍٚن ہِنٛدِ خٲطرٕ بنٲیِو شربت۔
2701,She drives her own car.,سۄ چھےٚ پانَے پنٕنۍ گٲڑۍ چلاوان۔
2702,Drive the cattle into the field.,چارواے نیٖوُکھ کھہَس منٛز۔
2703,We've driven one hundred miles in the last two hours.,أسۍ چھِ پٔتمیٚن دۄن گٲنٛٹن منٛز اکھ ہتھ میٖل پٔکۍمٕتۍ۔
2704,The thief was driven back by the dogs.,ژوٗر اوس ہونیٛو ژٔلروومُت۔
2705,Hunger and poverty drove him to stealing.,بۄچھِ تہٕ غُربتن کرنوو سُہ ژوٗر۔
2707,He drove the ball into the basket.,تٔمۍ لگٲو بال جالہِ منٛز۔
2708,He was driven by his interest to work on the project.,پنٛنہِ دِلچسپی کوٚر سُہ منصوٗبس پیٚٹھ کٲم کرنہٕ خٲطرٕ مجبوٗر۔
2709,He took her wife out for a drive.,تٔمۍ نی پنٕنۍ خانٛداریٚنۍ گاڑِ سٲلس۔
2711,His drive to achieve big has taken a toll on his health.,بوٚڑ حٲصِل کرنٕکۍ تٔمۍ سٕنٛدۍ مقصدن چُھ تٔمۍ سٕنٛدِس صحتس پیٚٹھ اثر ترٛوومُت۔
2712,He is a truck driver.,سُہ چُھ ٹرٛک چلاون وول۔
2713,A drop of each sample was analyzed.,پرٛٮ۪تھ نٔموٗنہٕ کِس أکِس قطرس آو مُطالعہٕ کرنہٕ۔
2714,There was a sudden drop in temperature last night.,پٔتِمہِ رٲژ آیہِ درجہِ حرارتس منٛز اچانک کٔمی۔
2715,The bombs were dropped on the right targets.,بم آیہِ صحیٖح نِشانن پیٚٹھ ترٛاونہٕ۔
2716,Don`t drop the dishes.,بانہٕ مہٕ دیٖو دٲرِتھ۔
2717,He was dropped in the last match.,سُہ آو پٔتِمِس میچس منٛز نٮ۪بر کڑنہٕ۔
2718,You can drop a hint.,تُہۍ ہیٚکِو اکھ اِشارٕ دِتھ۔
2719,He dropped a lawsuit.,تٔمۍ ترٛوو اکھ مُقدِمہٕ۔
2720,The cow dropped her calf this morning.,گٲو دیُت آز صُبحٲے ووٚژھ۔
2722,I was drowned in work.,بہٕ اوسُس کامہِ منٛز مٔتۍ گوٚمُت۔
2723,You need to take the drug for cure.,تۄہہِ چھو علاج خٲطرٕ دوا کھیٚنٕچ ضٔروٗرت۔
2724,They drugged the tourist before kidnapping.,تِمو دِیُت سیاحس اغواہ کرنہٕ برٛونٛہہ نشہٕ۔
2726,They drummed a rhythm for dancers.,تِمو ووے نژن والیں ہِنٛدِ خٲطرٕ اکھ تال۔
2728,You should have drunk less.,تۄہہِ پزِہو کم شراب چیوٚن۔
2729,She has a dry skin.,تٔمۍ چھےٚ خۄشٕک ژم۔
2730,Leave the clothes to dry out in the sun.,پَلو ترٛٲیِو ہۄکھناونہٕ خٲطرٕ تاپس۔
2731,The clothes have dried up.,پَلو چھِ خۄشٕک گٔمٕتۍ۔
2732,Educational standards have improved now.,تٲلیٖمی معیار چُھ وۄنۍ بہتر گوٚمُت
2733,Your criticism shall have no effect on him.,چانہِ تنقیٖدُک پیٚیہِ نہٕ تٔمِس پٮ۪ٹھ کانٛہہ اثر
2734,It will take years to effect positive changes in the educational system.,تٲلیٖٖمی نِظامس منٛز اصٕل بدلاو عملہِ منٛز اَنٛنَس لَگنو تۄہہِ ؤری واد
2735,The curfew was effective from yesterday night.,کٔرفیٛوٗ اوس راتھ شامہٕ پٮ۪ٹھٕ نٲفِز
2737,We have no doubts about the effectiveness of new employees.,نَوٮ۪ن مُلٲزِمن ہِنٛدِس کامیاب آسنَس پٮ۪ٹھ چُھ نہٕ اسہِ کانٛہہ شک
2738,She had very less personal effects.,تٔمِس ٲسۍ واریاہ کم ذٲتی اثرات۔
2739,We are impressed with your efficiency.,أسۍ چھِ تُہنٛزِ کارکردگی سۭتۍ مُتٲثِر
2741,Effluents from industries damage the environment.,صنعتن ہُنٛد ژھۄٹھ چُھ ماحولس تباہ کَران
2743,We usually eat hens' eggs.,أٔسۍ چھِ اکثر کۄکرِ ہُنٛد ٹھوٗل کھٮ۪وان
2744,I need eight chairs for that room.,مےٚ چھےٚ تمہِ کُٹھِ خٲطرٕ ٲٹھ کُرسِیہٕ ضٔروٗرتھ
2745,The number eight is lucky for me.,ٲٹھ چُھ میانہِ خٲطرٕ پُھروٗژ نمبر
2746,She is eight years old.,سۄ چھےٚ ٲٹھ ؤرِش۔
2747,They are eight in number.,تِم چھِ تعدادس منٛز ٲٹھ۔
2748,She is in eighth class.,سۄ چھےٚ اوٗٹھۍمہِ جمٲژ پَران
2749,This book has eighteen chapters.,یتھ کِتابہِ چھِ اردہ باب
2750,She is eighteen years old.,سۄ چھےٚ اردہ ؤرِس
2752,He has turned eighteen.,سۄ گٔیہٕ اردہ ؤرِش
2753,Eighteen people are coming over for lunch.,کٲجِس خٲطرٕ چھِ اردہ نفر یِںہٕ وٲلۍ
2754,She has scored eighteenth position in the examination.,تٔمِس چھےٚ اِمتِحانس منٛز اردٲہِم پُزِشن آمٕژ
2755,Either you leave or I will call the police.,یا تہِ نیر ژٕ نتہٕ بُلاون بہٕ بُلیٖس
2756,She gave an elaborate statement.,تٔمِۍ دیُت اکھ تفصیٖلی بیان
2757,I shall not elaborate any further.,بہٕ کرٕ نہٕ مٔزیٖد تفصیٖل بَیان
2758,I keep my schedule quite elastic.,بہٕٕ چُھس پنُن شڈوٗل واریاہ نرم تھاوان
2759,The trouser needs new elastic.,یتھ یَزارس چھےٚ نَوِ لاسٹِکہِ ہٕنٛز ضٔروٗرتھ
2760,Her elbow was hurt badly.,تٔمۍ سٕنٛدِس کھۄنٕہ وَٹس اوس سٮ۪ٹھا زیادٕ لوٚگمُت
2761,It is difficult to clean the chimney elbow.,بُخارِ ہُنٛد کوٗن صاف کَرُن چُھ سٮ۪ٹھا مُشکِل
2762,He is my elder brother.,سُہ چُھ میٛون زیُٹھ بوے
2763,We must respect our elders.,اسہِ پَزِ زِٹھیٚن عزت کرُن
2764,He is our best elect candidate.,سُہ چُُھ سون بہتٔریٖن مُنتَخٕب وۄمیدوار
2765,We elected him as our representative.,اسہِ کوٚر سُہ پنٛنِس نُمٲیِنٛدٕ سٕنٛدِس طورس پیٚٹھ مُنتخب۔
2767,She elected to work on sunday as well.,تٔمۍ سُنٛد یَژُھن اوس آتھوارن تہِ کٲم کَرٕنۍ
2768,The results of the election will be announced soon.,انتخاب کیٚن نَتایجَن ہُنٛد اعلان یِیہٕ جلدی کرنہٕ
2769,A lot of electric lamps illuminated the stage.,واریاہ بِجلی بَتٮ۪و سۭتۍ گوٚو سٕٹیج روشن
2771,We should not waste electricity.,اسہِ پَزِ نہٕ بِجلی ضایع کَرٕنۍ
2773,He often uses electronic calculator.,سُُھ چُھ اکثر الٮ۪کٹرٛانِک کیٚل کُلیٹَر اِستعمال کَران
2774,Electronic goods are available in abundance here.,ییٚتہِ چُھ الٮ۪کٹرٛانِک سامان واریاہ تعدادس منٛز مۄیَسر
2775,My parents want me to study electronics.,میون مول موج چُھ یَژھان زٕ بہٕ گوٚژُھس الٮ۪کٹرٛانِکٕس پَرُن
2776,She wore an elegant dress on her engagement.,تٔمۍ اوٚس پنٛنہِ نِشانہِٕ پٮ۪ٹھ نٔفیٖس پۄشاک لوگمُت
2777,Lead is a dangerous element.,لیڈ چُھ اَکھ خطرناک عنصُر
2778,There was not an element of truth in what she said.,تٔمۍ سُٕنٛزٕ کَتھٕ آسہٕ نہٕ رَژھ تہٕ پوٚز
2779,The party has radical elements.,پارٹی منٛز چھِ کیٚنٛہہ اِنقِلٲبی حِصہٕ۔
2781,List the elements that make up a perfect party.,تِمن چیٖزن ہِنٛز فہرِست بَنٲیِو یِم اکھ بہتٔریٖن سال بناون
2782,Elementary education is necessary for children.,بُنیٲدی تعلیٖم چھےٚ بَچن خٲطرٕ ضٔروٗری
2783,He found these problems quite elementary.,تٔمِس باسیٚیہٕ یِم مَسٲیِل واریاہ سَہل
2784,I saw a huge elephant in the zoo.,مےٚ وُچھ چِڑیا گَرس منٛز اکھ بوٚڑ ہوٚس۔
2787,There are eleven candidates for this job.,ییٚمہِ نوکری خٲطرٕ چھِ کاہ وۄمید وار
2788,There are eleven players in a cricket team.,کِرکٹ ٹیٖمہِ منٛز چھِ کاہ کِھلٲڑۍ
2789,Eleven people got injured in an accident.,حٲدِثس منٛز گٔیہٕ کاہ نَفر زخمی
2790,Eleven number is very lucky for me.,کاہ نمبر چُھ میانہِ خٲطرٕ پٕھرٛوٗژ
2791,She is studing in eleventh class.,سۄ چھےٚ کٔہِمہِ جمٲژ منٛز پَران
2792,He is an eligible young man.,سُہ چُھ اَکھ قٲبِل جوان شَخٕص
2793,The player was eliminated from the team .,کِھلٲڑۍ آو ٹیٖمہِ منٛز کٔڑِتھ ژٕھنٛنہٕ
2794,What else do you want?,ژٕ کیا چُھکھ یَژھان بیٚیہٕ
2795,Leave now or else you`ll be late.,نیر وۄنۍ نَتہٕ گَژھی ژیر
2796,The restaurant is full so we will go elsewhere.,یہٕ ریٚسٹورَنٛٹ چُھ بٔرِتھ أسۍ گَژھو بیٚیہٕ کُنہِ جایہٕ
2798,He is working at Indian embassy.,سُہ چُُھ ہِنٛدُستٲنۍ سِفارت خانس منٛز کٲم کَران
2799,The sun emerged from behind the clouds.,آفتاب گوٚو اوٚبرٕ پٔتۍ کِنۍ ظٲہِر
2801,The emission of smoke from vehicles causes pollution in the air.,گاڑیٚو منٛزِ دٕہ نیرُن چُھ ہَوہس منٛز آلودگی ہُنٛد سَبب بَبان
2802,He appealed to our emotions aptly.,تٔمۍ کوٚر منٲسِب طریقس منٛز سٲنِس جزبس اپیل
2805,The emperor lived in the palace.,شَہنشاہ اوس محلس منٛز روزان
2806,The emphasis here is on the hard work.,ییٚتہِ چھےٚ محنتَس زیادٕ اہمِیَت
2807,They emphasized the good communication skills of the applicants.,تِمو دیُت وۄمید وارن ہِنٛزِ کَتھ باتھِ ہِنٛزِ ہُنٛد مٔنٛدی پٮ۪ٹھ زیادٕ زور
2808,The Japanese empire was quickly dismantled,جاپٲنۍ سلطَنت آیہٕ جلدی پٕھٹراونہٕ
2810,They employ competent staff in their company.,تِم چھِ پنٛنہِ کمپٔنی منٛز قٲبِل کارکُنن مُلٲزِمت دِوان
2811,He is employed as a clerk.,سُہ چُھ بَطورِ مُنٕش کامہِ کوٚگمُت
2812,This company has over 1000 employees.,یتھ کمپٔنی منٛز چھِ ساسہٕ کھۄتہٕ زیادٕ مُلٲزِم کٲم کَران
2813,The new employer treats his employees well.,نوٚو مٲلِک چُھ پنٛنیٚن مُلٲزِمن سۭتۍ اصٕل پٲٹھۍ پیش یِوان
2814,He is not in regular employment.,تٔمِس چُھ نہٕ مُستَقِل روزگار
2815,The government is aiming at maximum employment.,حُکوٗمَتُک مقصد چُھ زٖیادٕ کھۄتہٕ زیادٕ مُلٲزِمت فراہم کرٕنۍ
2816,He left the empty bottle on the table.,تٔمۍ ترٛٲو خٲلی بوتل میزَس پٮ۪ٹھ
2817,He emptied the box of sweets.,تٔمۍ کوٚر مِٹھایہِ ہُنٛد ڈَبہٕ خٲلی
2818,They enclosed the garden with a barbed wire fence.,تِمو کوٚر باغ کٔنٛڑۍ تارِ ہِنٛدِ جنٛگلہٕ سۭتۍ بنٛد۔
2819,I have enclosed a letter along with the application.,مےٚ چھےٚ یتھ درخاستس سۭتۍ چِٹھۍ تھٲومٕژ۔
2821,The robbers were injured in an encounter with the police.,پُلسس سۭتۍ لڑایہِ منٛز گٔیہٕ ژوٗر زخمی۔
2822,They have encountered many difficulties.,تِمو چُھ واریاہن مُشکِلاتن ہُنٛد مُقابلہٕ کوٚرمُت۔
2823,He always encouraged hardworking students.,تٔمۍ چُھ ہمیشہٕ محنتی طٲلبہِ عٔلِمن حوصلہٕ دیُتمُت۔
2824,Participation is encouraged at all levels.,شِرکت کرنس چُھ پرٛٮ۪تھ کُنہِ سطحس پیٚٹھ پوچھر دِنہٕ یِوان۔
2825,His father encourages him for his studies.,تٔمۍ سُنٛد مول چُھ تٔمِس پرنہٕ خٲطرٕ حوصلہٕ افزٲیی کران۔
2826,I could not achieve this without his encouragement.,تٔمۍ سٕنٛزِ حوصلہٕ افزٲیی بغٲر ہٮ۪کہا نہٕ بہٕ یہِ حٲصِل کٔرِتھ۔
2827,There is no end to learning.,ہیٚچھنس چُھ نہٕ کانٛہہ تہِ انٛد آسان۔
2829,She expressed an endless patience.,تٔمۍ کوٚر حدٕ روٚس صبرُک اِظہار۔
2830,She showed remarkable endurance throughout her illness.,تٔمۍ ہوو پنٛنہِ بٮ۪مارِ دوران قٲبلہِ ذِکِر برداشت۔
2831,He has got some enemies here as well.,تٔمِس چھِ کیٚنٛہہ دُشمن ییٚتہِ تہِ۔
2832,One of the main problems is the shortage of energy.,مسٲیِلو منٛز اکھ اہم مسلہٕ چُھ توانٲیی ہِنٛز کٔمی۔
2833,The laws were enforced at the beginning of the new year.,قونوٗن آیہِ نیہٕ ؤریِہِ کِس آغازس منٛز نٲفِذ کرنہٕ۔
2834,They are showing slackness in the enforcement of rules.,تِمۍ چھِ قٲیدٕ کِس عمل درآمدس منٛز لاپروٲیی کران۔
2835,She was engaged wholly in the novel.,سۄ ٲس پوٗرٕ پٲٹھۍ ناولہِ سۭتۍ آوٕرۍ گٔمٕژ۔
2836,We engaged ourselves in social work during vacations.,چُھٹی منٛز تھوو اسہِ پنُن پان سمٲجی کامیٚن سۭتۍ آوُر۔
2837,Aslam was engaged to Maryam.,اسلَمس ٲس مریَمس سۭتۍ نِشٲنۍ کٔرِتھ۔
2838,Their engagement is scheduled for the next month.,تِہِنٛز نِشٲنۍ چھےٚ نیہٕ رٮ۪تہٕ تھاونہٕ آمٕژ۔
2841,That beautuful house is engineered by my friend.,سُہ لوٗبوُن مکان چُھ میٲنۍ دوستن بنوومُت۔
2842,He studied engineering at Manchester University.,تٔمۍ چھےٚ میٚنٛچسٹر یُنورسِٹی منٛز اِنجیٖنٔری کٔرمٕژ۔
2843,These acts will enhance your reputation.,یِم عمال بڑاون چون عزت۔
2844,The students enjoyed the tour very much.,طٲلِبہِ علِمن آو دورس بڑٕ لُطُف۔
2845,I really enjoyed your party,مےٚ آو پٔزۍ پٲٹھۍ چٲنِس دعوتس منٛز مزٕ۔
2846,That news spoiled our enjoyment at the picnic.,تمہِ شیٚچھِ کوٚر سانہِ چکرُک مزٕ خراب۔
2847,You should take some time off for enjoyment.,تۄہہِ پَزٮ۪و عٲشن خٲطرٕ کیٚنٛہہ وقٕت کڑُن۔
2848,An enormous amount was spent on the building.,عمارتہِ پٮ۪ٹھ آو واریاہ زیادٕ رقم خرٕچ کرنہٕ۔
2849,You have not eaten enough.,ژےٚ چُھتھ نہٕ سٮ۪ٹھا کھیومُت۔
2850,She enquires about my health daily.,سۄ چھےٚ پرٛٮ۪تھ دۄہ میٲنِس صحتس مُتعلِق پِرٛژھٕ غٲر کران۔
2851,A fight ensued between two friends.,دۄن دوستن درمِیان گیہِ لڑٲے۔
2852,Please ensure that the books are returned today.,مہربٲنی کٔرِتھ بنٲیِو یقیٖنی زِ کِتابہٕ یِن أزۍ واپس کرنہٕ۔
2853,Knock the door before you enter into the room.,کُٹِھس منٛز دٲخِل گژھنہٕ برٛونٛہہ کٔرِو دروازس ٹُھک ٹُھک۔
2854,The thief must have entered from the rear door.,ژوٗر آسہِ پٔتۍمہِ دروازٕ کِنۍ انٛدر ژامُت۔
2855,He entered her name in the school register.,تٔمۍ کوٚر تٔمۍ سُنٛد ناو مدرسہٕ چہِ رجِسٹرِ منٛز درٕج۔
2857,He entertained the notion of moving to South America.,تٔمۍ کوٚر جنوٗبی امریٖکہ گژھہٕ کِس خیالس پٮ۪ٹھ غور۔
2858,Entertainment is very important for everyone.,شوٚغُل چُھ پرٛٮ۪تھ کٲنٛسہِ ہِنٛدِ خٲطرٕ واریاہ ضٔروٗری۔
2859,One needs enthusiasm to work.,کٲم کرنہٕ خٲطرٕ چھےٚ جوشِچ ضٔروٗرت آسان۔
2860,His enthusiastic voice had an impact on the audience.,تٔمۍ سٕنٛزِ جوشہٕ ہوٚت آوازِ ترٛوو ناظریٖنن پٮ۪ٹھ اثر۔
2861,The entire town was devastated by the earthquake.,بُنِلہِ سۭتۍ گوٚو سورُے شہر تباہ۔
2862,They put the blame entirely on him.,تِمو لوگ پوٗرٕ پٲٹھۍ تٔمِس اِلزام۔
2863,He entitled us to enter his office at any time.,تٔمۍ دیُت اسہِ پنٛنِس دفترس منٛز کُنہِ تہِ وقتہٕ اژنُک حق۔
2864,They waited at the entrance of the office.,تِم ٲس دفتر کِس دروازس پٮ۪ٹھ پیٛاران۔
2866,His entry into the college was questioned by everyone.,کالجس منٛز تٔمۍ سٕنٛدِس دٲخِلس پٮ۪ٹھ تُلۍ سارِوٕے سوال۔
2867,I received an unstamped envelope.,مےٚ روٚٹ موٚہرِ روٚستُے اکھ لِفافہٕ۔
2868,Pollution is a great threat to our environment.,آلوٗدگی چھےٚ سانہٕ آبہٕ ہوا خٲطرٕ سٮ۪ٹھا خطرناک۔
2870,He envisaged an old age of loneliness and poverty.,تٔمۍ کوٚر کُنیٚر تہٕ غُربت کہِ بٕجرُک تصوُر۔
2871,I gave up my epic and wrote this little tale instead.,مےٚٚ ترٛاوِپنٛنہِ ؤہمی کتھٕ تہٕ لیٚچٕھم امہِ بدلہٕ یہِ لۄکٕٹ دلیٖل۔
2872,The recent cyclone had epic proportions.,حالے طوٗفانٕکۍ ٲسۍ خوفناک اثرات۔
2873,All citizens have equal rights in democracy.,جموٗرِیتس منٛز چھِ تمام باشنٛدن برابر حقوٗق آسان۔
2874,Women are struggling for equality in the society.,زنانہٕ چھےٚ مُعاشرس منٛز برابری خٲطرٕ لڑان۔
2875,Wit and humor are equally important in writing.,لٮ۪کھنس منٛز چھِ ذہانت تہٕ مذاق برابر اہمیت تھاوان۔
2876,We have a very good equation in our relation.,سٲنِس رِشتس منٛز چھےٚ واریاہ اصٕل مُساوات۔
2877,Our laboratory is well equipped.,سٲنۍ لیٚباٹرٛی چھےٚ اصٕل پٲٹھۍ سازوسامان سۭتۍ بٔرِتھ تھاونہٕ آمٕژ۔
2878,The laboratory is full with modern equipments.,لیٚباٹرٛی چھےٚ جٔدیٖد ساز و سامان سۭتۍ بٔرِتھ۔
2880,There is an erect tree.,تتہِ چُھ اکھ سیوٚد کھڑا کُل۔
2881,It took them three hours to erect the tent.,تِمن لٔگۍ خۭمہٕ کھڑا کرنس ترٛےٚ گٲنٛٹہٕ۔
2883,There is no escape from the hardships of life.,زِنٛدگی ہِنٛزن سختِین نِش چُھ نہٕ کانٛہہ تہِ نجات۔
2884,They escaped a serious injury.,تِم بچییہِ سخت زخمی گژھنہٕ نِش۔
2885,Let the dirty water escape from that hole.,مٔکرِس آبس دیٖو تمہِ زدٕ کِنۍ نیرنہٕ۔
2887,I bought this especially for you.,مےٚ چُھ یہٕ خاص کٔرِتھ چانہٕ خٲطرٕ اوٚنمُت۔
2888,He wrote an essay on honesty.,تٔمۍ لیوٚکھ ایمانٛدٲری پٮ۪ٹھ اکھ مضموٗن۔
2890,His essay in running a company is worth appreciating.,کمپٔنی چلاونس منٛز تٔمۍ سٕنٛز کوٗشِش چھےٚ قٲبلہِ تعریف۔
2891,She essayed a smile.,تٔمۍ کٔر اسنٕچ کوٗشِش۔
2892,The essence of his argument was that education should continue throughout life.,تٔمۍ سٕنٛزِ دٔلیٖلہِ ہُنٛد بُنیٲدی مقصد اوس یہٕ زِ تعلیٖم گژھِ پوٗری زِنٛدگی جٲری روزٕنۍ۔
2893,Love is the essence of a good relation.,محبت چھےٚ اکہِ اصٕل رِشتٕچ خصوٗصِیت آسان۔
2894,"In any of the discussions, honesty is of essence.",کُنہِ تہِ بحژس منٛز چھےٚ ایماندٲری اہم۔
2895,I love the essence of rose.,مےٚ چُھ گۄلابُک مُشُک خۄش کران۔
2896,Money is not essential for happiness.,رۄپیہٕ چھےٚ نہٕ خوشی خٲطرٕ ضروٗری۔
2897,Experience is essential for this job.,ییٚمہِ نوکری خٲطرٕ چُھ تجربہٕ اہم۔
2898,What he is saying is essentially true.,یہِ سُہ ونان چُھ تہِ چُھ بِذٲتی پوٚز۔
2899,They established a new department.,تِمو کوٚر اکھ نوٚو محکمہٕ قٲیِم۔
2900,We will fight to establish our innocence.,پنٕنۍ بےٚ گۄنٲہی ثٲبِت کرنہٕ خٲطرٕ لَڑو أسۍ۔
2901,He wants to work in this establishment.,سُہ چُھ یَژھان یتھ اِدارس منٛز کٲم کرٕنۍ۔
2902,They are busy with the establishment of a new company.,تِم چھِ أکِس نیہِ کمپنی قٲیِم کرنہٕ چہِ عملہِ منٛز آوٕرۍ۔
2903,The establishment of a store for free distribution of medicines is really great.,مُفت دوا بٲگرانہٕ خٲطرٕ دُکانُک وجودس یُن چُھ سیٚٹھا جان۔
2904,They have an establishment of imported items.,تِمن چُھ نیٚبرِمیٚن مُلکو پیٚٹھٕ انٲیمٕتہٕ سامانُک کاروبار۔
2905,He has set up a new establishment for his factory.,تٔمۍ چُھ پنٛنہِ کارخانُک نوٚو دفتر کھوٗلمُت۔
2906,The entire establishment was against the new rules.,سورُے محکمہٕ اوس نَویٚن قٲیدن خٕلاف۔
2907,He owns a large estate in England.,سُہ چُھ اِنٛگلینٛڑس منٛز بجہِ مِلکِیَتُک مٲلِک۔
2908,"I need actual figures, not an estimate.",مےٚ گژھِ برابر شُمار، انٛدازٕ نہٕ کیٚنٛہہ۔
2909,Can you estimate how long it is?,ژٕ ہیٚککھٕ انٛدازٕ کٔرِتھ یہِ کوتاہ زیوٗٹھ چُھ؟
2910,Honesty should be your eternal mate.,ایٖمان دٲری گژھی ژےٚ ہمیشہٕ روزن وول دوست آسُن۔
2911,It is necessary to have an ethical concept.,اِخلٲقی تصوُر آسُن چُھ ضروٗری۔
2912,The ethics of his decision are doubtful.,تٔمۍ سٕنٛدِ فٲصلُک ضٲبِطہٕ اِخلاق چُھ شکاور۔
2913,Different ethnic groups have different systems of kinship.,مُختلِف نسلِیٲتی جمٲژن چھےٚ مُختلِف قٕسمٕچ رِشتہٕ دٲری آسان۔
2914,We've to carry out an evaluation of the results.,اسہِ چُھ نتٲیجن ہُنٛد جٲیزٕ نیُن۔
2915,We will come on Christmas eve.,أسۍ یِمو کِرٛسمس کہِ دۄہ برٛونٛہہ۔
2916,Put an even coat of paint on the wall.,لبہِ دیٖو رنٛگُک ہیوُے پھش۔
2919,The carpenter evened the edges.,چھانن کٔرۍ کوٗن ہموار۔
2920,I go for a walk every evening.,بہٕ چُھس پرٛٮ۪تھ دِگرس پیدل سٲر کرنہِ نیران۔
2922,At the beginning of June an event occurred.,جوٗن کِس شُروعاتس منٛز آو اکھ واقع پیش۔
2923,He will understand eventually.,ٲخٕر کار سمجہِ سُہ۔
2924,Did you ever smoke?,ژےٚ چُھتھٕ زانٛہہ سِگریٹ چوٚمُت؟
2925,She was ever so friendly.,سۄ ٲس ہمیشٕہ مِلنسار۔
2926,I go for walk every day.,بہٕ چھس پرٛٮ۪تھ دۄہ پیدل سٲر کرنہِ گژھان۔
2928,Everyone was invited on the party.,سالس پٮ۪ٹھ ٲس پرٛٮ۪تھ کٲنٛسِہ دعوت دِنہٕ آمٕژ۔
2929,He donated everything to the orphanage.,تٔمۍ دیُت پرٛٮ۪تھ کانٛہہ چیٖز یٔتیٖم خانس خٲراتس منٛز۔
2930,There are vegetable shops everywhere.,سبزی وان چھِ ہر کُنِہ جایہ۔
2931,The murderer had left no evidence behind.,قٲتِلن اوس نہٕ کانٛہہ تہِ ثٔبوٗت ترٛوومُت۔
2932,It is evident that she is unhappy .,یہٕ چُھ واضح زِ سۄ چھےٚ ناخۄش۔
2933,His intensity is evident from his involvement.,تٔمۍ سُنٛد جوش چُھ تٔمۍ سٕنٛزِ شمولیت سۭتۍ ظٲہِر۔
2934,Her love for him was evident in all that she did.,تٔمۍ سٕنٛدِ خٲطرٕ تٔمۍ سُنٛد محبت چُھ تتس سٕنٛزِ ہر کامہِ سۭتۍ صاف ظٲہِر۔
2935,He was evidently upset by the news.,سُہ اوس صاف پٲٹھۍ ییٚمہِ شیٚچھِ سۭتۍ پریشان۔
2936,These people have evil intention.,یِمن لُکن چھِ بد منٛشہٕ۔
2938,The place evoked bygone memories.,یِیٚمہِ جایہِ کرِ پرٛانہِ یادٕ تازٕ۔
2940,The evolution of human beings is debatable.,اِنسان سُنٛد اِرتِقا چُھ قٲبلہِ بحژ۔
2941,Please give exact location of the institute.,مہربٲنی کٔٔرِتھ ؤنِو اِدارُک صحیح نیب۔
2942,Please give me your exact age.,مہربٲنی کٔرِتھ ون مےٚ پنٕنۍ برابر وٲنٛس۔
2943,What is the exact location of the Institute.,اِدارُک درست نیب کیا چُھ۔
2944,This work needs an exact mind.,ییٚمہِ کامہِ خٲطرٕ چھےٚ اکہِ ہُشار ذہنٕچ ضٔروٗرت۔
2946,She has narrated the incident exactly as it happened.,تٔمۍ کوٚر سُہ واقعہ بِلکُل تِتَھے پٲٹھۍ بیان یِتھ پٲٹھۍ سُہ واقعہ اوس سپُدمُت۔
2947,She has passed her examination.,تٔمۍ چُھ پنُن اِمتِحان پاس کوٚرمُت۔
2949,The doctor examined the patient for a long time.,ڈاکٹرن وُچھ مریٖض واریاہس کالس۔
2951,Their courage is an example to all of us.,تِٔہِنٛز ہٮ۪مت چھےٚ اسہِ سارنی خٲطرٕ اکھ مِثال۔
2952,The expenditure must not exceed our income.,خرچہٕ گژھِ نہٕ سانہِ آمدٔنی کھۄتہٕ زیادٕ گژُھن۔
2953,She excelled in mathematics.,سۄ بنییہِ حِسابس منٛز بہترین۔
2954,He was awarded with a prize for excellence in his studies.,تٔمِس آو تعلیٖمہِ منٛز بہتٔریٖن کارکردگی خٲطرٕ اِنعام دِنہٕ۔
2955,This school is considered excellent.,یہِ مدرسہٕ چُھ بہترین مانٛنہٕ یِوان۔
2956,Everybody was present except for you.,ژےٚ بغٲر ٲسۍ سٲری حٲظِر۔
2957,I answered all the questions except the last one.,مےٚ دیُت سارنی سوالن ہُنٛد جواب صِرِف نہٕ پٔتمہِ سوالُک۔
2958,It is open on all days except saturday.,بٹوار ترٛٲوِتھ چُھ یہٕ پرٛٮ۪تھ دۄہ یلہٕ آسان۔
2959,They all excepted to the statement.,تِمو ساروٕیو کوٚر بیان نظر انٛداز۔
2960,I enjoy all kinds of movies with an exception of horror films.,بہٕ چُھس خوفناک فِلمن سِواے پرٛٮ۪تھ قٕسمہٕ چیٚن فِلمن ہُنٛد لُطُف تُلان۔
2961,He is a man of exceptional intelligence.,سُہ چُھ غٲر معموٗلی قٲبلِیت وول نفر۔
2962,You can throw away any excess.,ژٕ ہیٚککھ کیٚنٛہہ تہِ علاوٕ سامان دٲرِتھ دِتھ۔
2963,She has an excessive interest in clothes.,تٔمِس چھےٚ پلون منٛز حدٕ کھۄتہٕ زیادٕ دِلچسپی۔
2966,Nothing excites me at this stage in life.,زِندگی ہِنٛدِس یَتھ مُقامس پٮ۪ٹھ چُھ نہٕ مےٚ کانٛہہ تہِ چیٖز جوش انان۔
2967,The kids were screaming with excitement.,شُرۍ ٲس جوشس منٛز کرٛیٚکہٕ دِوان۔
2968,She exclaimed with grief upon hearing the news.,شیٚچھ بوٗزِتھ دِژ تٔمۍ دۄکھٕ سان کرٛٮ۪کھ۔
2969,His name was excluded from the list.,تٔمۍ سُنٛد ناو اوس آمُت فہرستہٕ منٛز کٔڑِتھ ژٕھنٛنہٕ۔
2971,This room is exclusively for women.,یہٕ کُٹھ چُھ مکمل طورس پیٚٹھ زنانن ہِنٛدِ خٲطرٕ۔
2972,What excuse will you give this time.,ییٚمہِ لٹہِ کُس ہِت وَنکھ ژٕ۔
2974,The murderer was finally executed.,قٲتِلس آیہٕ مۄخصر پھٲسۍ دِنہٕ۔
2975,He executed all his plans very well.,تٔمۍ أنۍ پنٕنۍ تمام منصوٗبہٕ واریاہ اَصٕل پٲٹھۍ عملہِ منٛز۔
2976,The idea was good but the execution was wrong.,تجویٖز ٲس اصٕل مگر عملہٕ منٛز اننُک طریٖقہٕ اوس غلط۔
2977,Party members condemned the execution of the leader.,پارٹی ہِنٛدیٚو رُکنو کٔر رہنُما سٕنٛزِ پھاسہِ پٮ۪ٹھ مزمت۔
2978,He holds an executive post in the company.,سُہ چُھ کمپٔنی منٛز تٔھدِس عۄہدس پٮ۪ٹھ۔
2979,He is an excutive in the company.,سُہ چُھ کمپنی منٛز اکھ حُکام۔
2980,Exercise is very important for our health.,ورزِش چھےٚ سانہِ صحتہٕ خٲطرٕ واریاہ ضٔروٗری۔
2981,I completed the last exercise in my book.,مےٚ مۄکلٲو پنٛنہِ کِتابہِ منٛز ٲخری مشٕق۔
2982,We must exercise regularly.,اسہِ پزِ پرٛٮ۪تھ دۄہ ورزِش کرٕنۍ۔
2983,The work exhausts me nowadays.,کٲم چھےٚ ازکل مےٚ تٔھکراوان۔
2984,The museum had many exhibits of ancient architecture.,عجائب گرس منٛز آسہٕ پرٛانہِ فنہِ تعمیر چہِ واریاہ نُمٲیشہٕ۔
2985,He frequently exhibits at the gallery.,سُہ چُھ اکثر نِگار خانس منٛز نُمٲیِش کران۔
2986,They are invited to the exhibition.,تِمن چھےٚ آمٕژ نُمٲیشہِ منٛز دعوت دِنہٕ۔
2987,He was in exile for five years.,سُہ اوس پانٛژن ؤرین جُلاے وطنی منٛز۔
2988,He was exiled from his country.,سُہ آو پنٛنہِ مُلکہٕ منٛزٕ جُلاے وطن کرنہٕ۔
2989,He could barely exist on such low wages.,ییٖتِس کم تنخواہس پٮ۪ٹھ اوس سُہ ہٮ۪کان مُشکِلن زِنٛدٕ روٗزِتھ۔
2990,I don't believe in existence of ghosts.,بہٕ چُھس نہٕ جِنن ہِنٛدِس آسنس پٮ۪ٹھ یقیٖن تھاوان۔
2991,His business expanded rapidly.,تٔمۍ سُنٛد کارٕبار بَڑیوو تیٖزی سان۔
2992,"After two years, he is expected to expand his business.",وۄمید چھےٚ زِ دۄیہٕ وٕہٕرۍ پٔھلایہٕ سُہ پنُن کاروبار۔
2993,Their economy had great expansion.,تِہنٛزِ مٲلی حالتہِ منٛز آو سٮ۪ٹھا ہُرٮ۪ر۔
2995,We have faint expectation of winning the match.,اسہِ چھےٚ میچ زینٛنٕچ سٮ۪ٹھا کم وۄمید۔
2996,They equipped themselves for the expedition.,تِمو کوٚر پنُن پان مُہِم خٲطرٕ تیار۔
2997,He was expelled from the school for misbehaving.,بد سٔلوٗکی کرنہٕ خٲطرٕ آو سُہ مدرسہٕ منٛزٕ کڑنہٕ۔
2998,There is an increase in the expenditure from last two months.,پٔتۍمیٚو دۄیو رٮ۪تو پٮ۪ٹھٕ گوٚو خرچس منٛز ہُرٮ۪ر۔
2999,He maintained a record of expenses at the party.,تٔمۍ تھوو سالس پٮ۪ٹھ لاگتہِ ہُنٛد حِساب۔
3000,She often buys expensive clothes.,سۄ چھےٚ اکثر درٛوٚگۍ پَلو انان۔
3001,She has no experience in the field.,تٔمِس چُھ نہٕ یتھ شعبس منٛز تجرُبہٕ۔
3002,Life is a reality that has to be experienced.,زِنٛدگی چھےٚ اکھ حٔقیقت ییٚمیُک تجرُبہٕ کرُن چُھ آسان۔
3003,He is an experienced teacher.,سۄ چھےٚ اکھ تجرُبہٕ کار وۄستاد۔
3004,As a mother she is very experienced.,أکِس ماجہِ ہِنٛدِس طورس پیٚٹھ چھےٚ سۄ واریاہ تجرُبہٕ واجیٚنۍ۔
3005,Students are conducting an experiment in the lab.,طٲلبہِ علم چھِ تجرُبہ گاہس منٛز اکھ تجرُبہٕ کران۔
3006,They are experimenting with the medicines.,تِم چھِ دَوہن سۭتۍ تجرُبہٕ کران۔
3007,The equipments are still at the experimental stage.,سازو سامان چھِ وٕنہِ تجرُبٲتی مرحلس پٮ۪ٹٕھے۔
3009,My mother is an expert cook.,میٛٲنۍ موج چھےٚ اکھ مٲہِر رنن واجیٚنۍ۔
3010,He is expert in his field.,سُہ چُھ پنٛنِس شعبس منٛز مٲہِر۔
3012,He gave a detailed explanation of the case.,تِمو دِژ کیسٕچ تفصیٖلی وضاحت۔
3013,This is an explicit statement.,یہٕ چُھ اکھ واضح بیان۔
3014,The cracker exploded in his hand.,ٹاس پھوٚٹ تٔمۍ سٕنٛدِس اتھس منٛز۔
3016,I like to explore new places.,مےٚ چھےٚ نیہٕ جایہِ کھوج کرنہِ خۄش کران۔
3017,The explosion of crackers scared the children.,بنٛگولن ہِنٛدِ ٹاسہٕ سۭتۍ کھوٗژۍ شُرۍ۔
3018,The workers planted an explosive device inside the cave.,مزدوٗرو لوگ گۄپھِ منٛز اکھ دماکہٕ وول مواد۔
3020,Our main export is rice.,سون اہم برآمد کرنہٕ یِنہٕ وول سامان چُھ توٚمُل۔
3022,He exposed their conspiracy.,تٔمۍ نٔنِرٲوو تِہِنٛز ژۄے۔
3023,This news exposed his lies.,ییٚمہِ خبرِ کٔڑۍ تٔمۍ سٕنٛدۍ ٹر نٔنۍ۔
3024,Don't expose it to the sun.,یہِ مہ کھولِو تاپس منٛز۔
3025,I will come by an express train.,بہٕ یِمہٕ جلدی پکن واجنہِ ریلہِ منٛز۔
3026,It was her express wish to visit the pilgrimage sites.,زِیارت گاہن ہُنٛد دورٕ کرُن اوس تٔمۍ سُنٛد واضح ارمان۔
3028,I could easily read sad expressions on her face.,مےٚ ہیوٚک آرام سان تٔمۍ سٕنٛدِ بٕتھِ پیٚٹھٕ مایوٗسی ہُنٛد تاثُر وٕچِھتھ۔
3029,The bird extended its wings in flight.,جاناوارن وہراوِ وٕڑان وٕڑان پنٛنہِ پکھٕ۔
3031,We will extend our kitchen in the next month.,نوِ رٮ۪تہٕ بڑاوَو أسۍ پنُن دانہٕ کُٹھ۔
3032,The extension in their bussiness indicates that they are progressing.,تِہنٛدِس کاروبارس منٛز وسعت چھےٚ اِشارٕ دِوان زِ تِم چھِ ترقی کران۔
3034,She cannot imagine the extent of the disaster.,سۄ ہیٚکہِ نہٕ تبٲہی ہِنٛدِ حدُک تصوُر تہِ کٔرِتھ۔
3035,The external examiner was very strict.,بیٖروٗنی اِمتِحان ہیٚنہٕ وول اوس واریاہ سخٕت۔
3036,Extortion has become a common trend in the world.,جبٕر چُھ دُنیاہس منٛز عام رُجحان بنیٛومُت۔
3037,She always carries extra food to the college.,سۄ چھےٚ ہمیشہٕ کالیج علاوٕ کھیٚن نِوان۔
3038,We didn't get any extras with our new car.,نَیہِ گاڑِ سۭتۍ دِتِکھ نہٕ اسہِ کِہیٖن تہِ علاوٕ چیز سۭتۍ۔
3039,His eating habits are extraordinary.,تٔمۍ سٕنٛدۍ کھیٚنٕکۍ عادات چھِ غٲر معموٗلی۔
3040,He has been given extraordinary authority.,تٔمِس چُھ آمُت خاص اِختِیار دِنہٕ۔
3041,We must proceed with extreme caution,اسہِ پزِ نِہایت احتِیاط سان برٛونٛہہ پکُن۔
3042,The heat in the desert was extreme.,ریگِستانس منٛز اوس گرم حدٕ روٚس۔
3043,She is extremely fortunate.,سۄ چھےٚ اِنتِہٲیی قٕسمَت واجیٚنۍ۔
3044,Her eyes are beautiful.,تٔمۍ سٕنٛز أچھ چھےٚ لوٗبوٕنۍ۔
3045,She always keeps an eye on her children.,سۄ چھےٚ ہمیشہٕ پنٛنیٚن شُریٚن پٮ۪ٹھ نظر تھاوان۔
3046,She was eyeing my bag.,سۄ ٲس میٛٲنِس بستس غورٕ سان وٕچھان۔
3047,My eyelid has swollen.,میٲنِس أچھ ٹٲرِس چُھ وَرم کھوٚتمُت۔
3049,The fabric of this dress is very soft.,ییٚمہِ پۄشاکُک کپُر چُھ سٮ۪ٹھا نرم۔
3050,He washed his face with cold water.,تٔمۍ چھوٚل پنُن بُتھ تٕرنہِ آبہٕ۔
3051,A good fame is better than a good face.,اصٕل نامؤری چھےٚ اصٕل شکٕل آسنہٕ کھۄتہٕ بہتر۔
3053,Please face towards the wall.,مہربٲنی کٔرِتھ کٔرِو بُتھ لبہِ کُن۔
3054,He faced that problem very wisely.,تٔمۍ کوٚر تتھ مسلس عقلمندی سان مُقابلہٕ۔
3055,The house has extensive facilities.,یتھ مکانس منٛز چھےٚ واریاہ زیادٕ سہولِیتہٕ۔
3056,He is afraid of facing the family.,سُہ چُھ عیالس بُتھ دِنس کھوژان۔
3057,We will take the decision after knowing the facts.,أسۍ نِمو اصلِیت معلوم کرنہٕ پتہٕ فٲصلہٕ۔
3058,His loss of interest was a key factor of his failure.,تٔمۍ سٕنٛز دِلچسپی مۄکلٕنۍ ٲس تٔمۍ سٕنٛزِ ناکٲمی ہِنٛز اکھ اہم وجہہ۔
3059,We are thinking of setting up a new factory.,أسۍ چھِ اکھ نوٚو کارخانہٕ قٲیِم کرنس مُتعلق سونٛچان۔
3060,The colour of these curtains faded very soon.,یِمن پردن ہُنٛد رنٛگ گَٹیٛوو واریاہ جلدی۔
3061,She failed to notice the step.,تٔمۍ ہیوٚک نہٕ ہیرٕ پوو وٕچھتٕھے۔
3062,The crops have failed again.,فصٕل گٔیہٕ بیٚیہٕ اکہِ لٹہِ تباہ۔
3063,His health was failing rapidly.,تٔمۍ سُنٛد صحت اوس تیزی سان ختم گژھان۔
3064,"We have been waiting for so long, don't fail us now.",اسہِ ووت یوٗت کال پیاران، وۄنۍ مہِ کر اسہِ نا امید۔
3065,Several companies failed during economic recession.,معٲشی خرٲبی دوران گٔیہٕ واریاہ کمپٔنیہِ بنٛد۔
3066,She studied hard but failed in exams.,تٔمۍ پوٚر محنتہٕ سان مگر اِمتِحانس منٛز گٔیہٕ ناکام۔
3067,The water supply for the town failed after a continous drought.,لگاتار آبٕچ کٔمی آسنہٕ کِنۍ گٔیہٕ شہرس آبٕچ فرہٲمی بنٛد۔
3068,She is aware of her failings.,سۄ چھےٚ پنٛنیو ناکٲمِیو نِش با خبر۔
3069,Don't let the failure discourage you.,ناکٲمی مہ دیٖو پنٕنۍ ہیٚمتھ کم کرنہٕ۔
3070,She fainted in the middle of the road.,سۄ گیہِ سڑکہِ منٛز باگ بےٚ ہوش۔
3071,The faint color of the car is not looking good.,گاڑِ ہُنٛد گوٚٹ رنٛگ چُھ نہٕ شوٗبان۔
3072,He was totally faint.,سُہ اوس پوٗرٕ بےٚ حٮ۪س۔
3073,She hit the floor in a dead faint.,سۄ آیہِ بےٚ ہوشی منٛز پٔتھرِس لاینہٕ۔
3074,He was faint on seeing her.,تٔمِس گوٚو تس وٕچِھتھ غش۔
3076,My sisters have a fair complexion.,میٛانیٚن بیٚنیٚنۍ چُھ پرٛوٚن رنٛگ۔
3077,We have a fair number of applicants.,اسہِ چھِ سٮ۪ٹھا تعدادس منٛز وۄمید وار۔
3078,The city has a fair weather.,شہرس منٛز چُھ جان موسم۔
3079,Everything is fair in love and war.,محبَتس تہٕ جنٛگس منٛز چُھ پرٛیٚتھ کیٚنٛہہ جٲیِز آسان۔
3080,She has a fair knowledge about her subject.,تٔمِس چُھ پنٛنِس موضوٗعس پٮ۪ٹھ ٹھیٖک علِم۔
3081,They met each other in a fair.,تِم سمکھییہٕ اکھ أکِس مٲلس منٛز۔
3082,The boss did not treat his employees fairly.,مٲلِکن کوٚر نہٕ پنٛنیٚن مُلٲزِمن سۭتۍ جان پٲٹھۍ سلوک۔
3083,They should take the decision fairly.,تِمن پزِ دیانت دٲری سان فٲصلہٕ نیُن۔
3084,Is there anyone who can tell a fairy tale.,کانٛہہ چھا یُس پٔرِین ہِنٛز دٔلیٖل ہیٚکہِ ؤنِتھ۔
3085,"In her dream, she became a fairy.",پنٛنِس خوابس منٛز بنییہٕ سۄ اکھ پٔری۔
3086,She has tremendous faith in the Divine Power.,تٔمِس چُھ قۄدرتی قُووتس پٮ۪ٹھ زبردست بروسہٕ۔
3087,People belonging to different faiths can be found in India.,مُختلِف مذہبن سۭتۍ تعلُق تھاون وٲلۍ لُکھ چھِ ہِنٛدُستانس منٛز لبنہٕ یِوان۔
3088,The fall of the corrupt system is certain.,خراب نِظامُک پیوٚن چُھ یقینی۔
3089,The fall of our hockey team was very disappointing.,سانہِ ہاکی ٹیٖمہِ ہِنٛز ہار ٲس سٮ۪ٹھا مایوٗس کرن واجیٚنۍ۔
3091,He fell from the bicycle and broke his leg.,سُہ پیوٚو سایکل پٮ۪ٹھٕ ؤسۍ تہٕ پٕھٹٕس زنٛگ۔
3093,These problems generally fall into two categories.,یِم مسٲیِل چھِ عام طورس پیٚٹھ دۄن قٕسمن منٛز یِوان۔
3094,His eyes fell upon a poor girl.,تٔمِس پیٚیہٕ نظر أکِس غریٖب کورِ پٮ۪ٹھ۔
3095,The fallen team had to leave the stadium.,ناکام ٹیٖمہِ پیوٚو سٕٹیڈیَمہٕ منٛزٕ نیرُن۔
3096,The differences in the opinions might result in fallout of the team.,راین منٛز اِختِلاف ہیٚکہِ ٹیٖمہِ منٛز لڑایہِ ہُنٛد سبب بٔنِتھ۔
3097,He makes false promises.,سُہ چُھ اپٕزۍ وعدٕ کران۔
3098,He has earned a lot of fame in his profession.,تٔمۍ چھےٚ پنٛنِس شُعبَس منٛز واریاہ نامؤری حٲصِل کٔرمٕژ۔
3099,He is a familiar figure in the college.,سُہ چُُھ کالجس منٛز اکھ ناموَر شخٕص۔
3100,I saw few familiar people in the crowd.,مےٚ وٕچھ ۂجوٗمس منٛز کیٚنٛہہ زٲنۍ کار لُکھ۔
3101,He moved his family to a new house.,تٔمۍ نیٛوو پنُن عیال أکِس نٔوِس مکانس منٛز۔
3103,He is a famous doctor.,سُہ چُھ اکھ مشہور ڈاکٹر۔
3104,We need two fans in the room.,اسہِ چھِ یتھ کُٹِھس منٛز زٕ پکھٕ ضٔروٗرت۔
3105,I am a big fan of Turkish food.,بہٕ چُھس تُرکی ہِنٛدِ کھٮ۪نُک بڑٕ شوقیٖن۔
3106,The servant is fanning his master.,غلام چُھ پنٛنِس مٲلِکس واو کران۔
3108,He is a cricket fanatic.,سُہ چُھ کِرکٹُک دیوانہٕ۔
3109,She has a fancy dress.,تٔمِس چُھ نزاکت وول پۄشاک
3110,The store sells only fancy items.,یتھ وانس پٮ۪ٹھ چھِ صِرِف درٛوٚگۍ چیٖز کٕنٕنۍ۔
3111,He fancies a new car.,تٔمِس چھےٚ نیہٕ گاڑِ ہِنٛز خٲہِش۔
3114,She fancies a cup of tea after completing her work.,سۄ چھےٚ پنٕنۍ کٲم مۄکلاونہٕ پتہٕ اکھ چایہٕ کپ یژھان۔
3117,"In his fantasies, he was ruling the whole country.",خیالن منٛز اوس سُہ سٲرِسٕے مُکلس راج کران۔
3118,"Her home is not far, we can go there by walking",تٔمۍ سُنٛد گرٕ چُھ نہٕ دوٗر، أسۍ ہیٚکو تور پکان تہِ گٔژِھتھ۔
3120,How far have they succeeded in their plan?,تِم کتھ حدس تانۍ چھِ پنٛنِس منصوٗبس منٛز کامیاب گٔمٕتۍ؟
3121,She bade farewell to his son.,تٔمۍ ووٚن پنٛنِس نیٚچوِس الوِداع۔
3122,Many people are working on the farm.,واریاہ لُکھ چھِ کھہس منٛز کٲم کران۔
3123,He has been farming from the last ten years.,سُہ چُھ پٔتمٮ۪و دَہو ؤریَو پٮ۪ٹھٕ زٔمیٖن دٲری کران۔
3125,The villagers use modern methods of farming.,گامٕکۍ چھِ زٔمیٖن دٲری ہِنٛدۍ نٔوۍ طریقہٕ اِستعمال کران۔
3127,I am tired thats why I cannot go farther.,بہٕ چُھس تھوٚکمُت امی ہیٚکہٕ نہٕ بہٕ زیادٕ دوٗر گٔژِھتھ۔
3128,Her beauty fascinated everyone.,تٔمۍ سٕنٛزِ خوٗبصوٗتی کٔرۍ سٲری پانس کُن مٲیِل۔
3129,This kind of dress is now in fashion.,ییٚمہِ قٕسمُک پۄشاک چُھ نہٕ وۄنۍ رٮ۪واجس منٛز۔
3130,Wearing loose pants is no longer in fashion.,کٔھلۍ پٔتلون لاگٕنۍ چُھ نہٕ وۄنۍ فیشن۔
3131,She fashioned a necklace from hooks.,تٔمۍ بنوو کُنٛڈو سۭتۍ اکھ ہار۔
3133,He is my fast friend.,سُہ چُھ مےٚ سخ دوست۔
3134,He is in fast sleep.,سُہ چُھ مس نیٚنٛدرِ منٛز۔
3135,Express trains are very fast.,ایٚکس پرٛس ریلہٕ چھےٚ واریاہ تیز پکن واجنہِ آسان۔
3136,The colours of this dress are very fast.,ییٚمہِ پۄشاکٕکۍ رنٛگ چھِ واریاہ تیز۔
3137,"The fast is broken at sunset, traditionally with dates and water.",روزٕ چُھ یِوان آفتاب لوسنہٕ وِزِ کھولنہٕ، روایتی طورس پیٚٹھ کٔھزٕر تہٕ ترٛیشہِ سۭتۍ۔
3138,Fasting is good for health.,فاقہٕ دیُن چُھ صحتہٕ خٲطرٕ اصٕل۔
3139,Fasten the horse to the tree.,گُر گنٛڑُن کُلِس سۭتۍ۔
3140,It was a fat rope.,یہٕ ٲس اکھ موٚٹ رز۔
3141,We should not eat too much fat.,اسہِ پزِ نہٕ زیادٕ چرٕب کھیوٚن۔
3142,Cancer is a fatal disease.,کینسر چُھ اکھ خطرٕ ہوٚت مرض۔
3144,His father is a very wise person.,تٔمۍ سُنٛد مول چُھ اکھ واریاہ سمٕجدار نفر۔
3145,He fathered three sons.,سُہ بنیٛوو ترٛیٚن نیٚچویٚن ہُنٛد مول۔
3146,He always finds faults with my work.,سُہ چُھ ہمیشہٕ میٛانہِ کامہِ منٛز غلطی ژھانٛڑان۔
3147,I usually avoid asking for favours.,بہٕ چُُھس عام طور مِنتھ ہٮ۪نہٕ نِس لوٚب روزان۔
3148,He favoured me in the debate.,تٔمۍ دیُت مےٚ بحژس منٛز ساتھ۔
3149,Favourable weather yielded good crops.,سازگار موسمہٕ کِنۍ درٛاو فصلُک جان پٲداوار۔
3150,He speaks very favourably of your work.,سُہ چُھ چانہِ کامہِ مُتعلق طرف دٲری سان ونان۔
3151,My younger daughter is my favourite.,میٛٲنۍ کٲنٛس کوٗر چھےٚ مےٚ ٹٲٹھ۔
3153,This little girl fears wild animals.,ییٚمِس لۄکچہٕ کورِ چُھ جنٛگلی جانوَرن ہُنٛد خوف۔
3154,She does not fear death.,سۄ چھےٚ نہٕ موتس کھوژان۔
3156,The wedding feast was excellent.,خانٛدرُک سال اوس بہترین۔
3158,New year is considered a greatest feast.,نوٚو ؤری چُھ یِوان اکھ عٔظیٖم تہوار مانٛنہٕ۔
3159,The king feasted his friends.,بادشاہن دیُت پنٛنیٚن یارن سال۔
3160,This hen has beautiful feathers.,ییٚمِس کۄکرِ چھِ خۄشوٕنہِ پکھٕ۔
3161,The hen feathered her chickens.,کۄکرِ تٔھوۍ پنٕنۍ پوٗتۍ پکھن تل۔
3162,Her features are very attractive.,تٔمِس سٕنٛز شکٕل صوٗرت چھےٚ پانس کُن مٲیِل کرن واجیٚنۍ۔
3164,I prefer feature films to dramas.,مےٚ چھےٚ ڈرٛامہ کھۄتہٕ سیٚنِماہٕچ فِلِم خۄش کران۔
3165,The exhibition features handicrafts from different states.,یہٕ نُمٲیِش چھےٚ مُختلِف رِیاستن ہِنٛز کٲریگٔری پیش کران۔
3166,That feature makes you very special.,یہِٕ صِفت چُھے ژےٚ واریاہ خاص بناوان۔
3168,These rights are established in the federal constitution.,یِم حقوق چھِ مرکزی ٲیٖنس منٛز قٲیِم۔
3169,A federation was set up to overcome the economic crisis.,مٲلی بحران قابوٗ کرنہٕ خٲطرٕ آیہِ اکھ وِفاقی جماعت قٲیِم کرنہٕ۔
3170,I have to pay the fee to appear in the examination.,مےٚ چُھ اِمتِحان دِنہٕ خٲطرٕ فیٖس برُن۔
3171,She has a large family to feed.,تٔمِس چُھ پیٚوان بوٚڑ عیال پالُن۔
3172,He feeds the information to his boss.,سُہ چُھ پنٛنِس مٲلِکس خبرٕ دِوان۔
3173,Will you feed the dog?,ژٕ دِکھٕ ہوٗنِس کھیٚن؟
3174,Try to feed the poor.,غریبن کٔرِو کھٮ۪ن فراہم کرنٕچ کوٗشِش۔
3175,The baby had the feed two hours ago.,بچن کھیٛوو غٕزا زٕ گٲنٛٹہٕ برٛونٛٹھ۔
3178,I can feel the difficulties of their life.,بہٕ چُھس ہیٚکان تِہنٛزِ زِنٛدگی ہِنٛدۍ مُشکِلات محسوس کٔرِتھ۔
3179,I feel that they are not happy with my decision.,مےٚ چُھ باسان زِ تِم چھِ نہٕ میٛٲنِس فٲصلس خۄش۔
3180,I feel like going for a swim,بہٕ چُُھس یژھان سرٛانٛٹھ کرنہِ گژُھن۔
3181,The feel of this place is very pleasant.,ییٚمہِ جایہِ ہُنٛد تٲثیٖر چُھ واریاہ خۄشوُن۔
3182,He is playing with that girl's feelings.,سُہ چُھ تٔمِس کورِ ہِنٛدیٚن جزباتن سۭتۍ گنٛدان۔
3183,My feeling is that we should wait for them.,میٛٲنۍ راے چھےٚ زِ اسہِ پزِ تِمن پیٛارُن۔
3184,His feet were aching from standing so long.,واریاہس کالس کھڑا روزنہٕ سۭتۍ ٲس تٔمِس کھۄرن دگ۔
3185,The tree is about ten feet away from the house.,کُل چُھ مکانہٕ پٮ۪ٹھٕ لگ بگ دہ فُٹہٕ دوٗر۔
3186,He felled down all the trees.,تٔمۍ ژٔٹۍ تمام کُلۍ۔
3189,He is a nice fellow.,سُہ چُھ اکھ اصٕل شخص۔
3190,Did you recognize that fellow?,ژےٚ پرٛزنووتھنہٕ سُہ نفر؟
3191,A fellow of mine has come to see me.,میون اکھ یار چُھ مےٚ سمکٕھنہِ آمُت۔
3193,We should show fellowship towards our classmates.,اسہِ پزِ پنٛنیٚن ہم جماتیٚن سۭتۍ دوستانہٕ تعلُق تھاوُن۔
3195,He was relieved after receiving a fellowship from the college.,کالجس منٛز وظیفہٕ رٹنہٕپتہٕ میلیو تس سکون۔
3196,This is a hand-made felt.,یہِ چُھ اتھٕ سۭتۍ بناونہٕ آمُت نمدٕ۔
3197,This female is very renowned for her wit.,یہٕ زَنان چھےٚ پنٛنہِ عقل مٔنٛدی خٲطرٕ مشہور۔
3199,We have three female cats.,اسہِ چھےٚ ترٛےٚ مادٕ بیٛارِ۔
3200,He has put up a fence around his garden.,تٔمۍ چُھ پنٛنِس باغس أنٛدۍ أنٛدۍ جنٛگلہٕ دیُتمُت۔
3201,The children were playing in a little fenced area.,شُرۍ ٲسۍ جنٛگلہٕ سۭتۍ گٔنٛڑِتھ أکِس لۄکچہِ جایہِ منٛز گِنٛدان۔
3202,They were fencing in front of a large crowd.,تِم ٲسۍ أکِس ہجوٗمس برٛونٛہہ کنہِ تلوار جنٛگ کران۔
3203,This land is very fertile for growing rice.,یہٕ زٔمیٖن چُھ دانہِ وۄپداونہٕ خٲطرٕ واریاہ زرخیز۔
3204,The festival lasted for two days.,تقریٖب روٗز دۄن دۄہن جٲری۔
3205,He has very high fever.,تٔمِس چُھ واریاہ زیادٕ تپھ۔
3207,Few people know about this episode.,سیٚٹھا کم لُکن چھےٚ ییٚمہِ واقعٕچ خبر۔
3208,I worked with this organisation for few years.,مےٚ چھےٚ یتھ تنٛظیٖمہِ سۭتۍ کینٛژن ؤرین کٲم کٔرمٕژ۔
3209,I will come after few minutes.,بہٕ یِمہٕ کیٚنٛژو مِنٹو پتہٕ۔
3211,Fibre is essential for health.,فایبر چُھ صحتہٕ خٲطرٕ ضروٗری۔
3212,He has a good moral fibre.,تٔمِس چُھ اَصٕل اِخلٲقی کِردار۔
3213,This book intermingles fact and fiction.,یہِ کِتاب چھےٚ تصوُر تہٕ حقیٖقت رلاوان۔
3214,Stories of his bravery are written as beautiful fiction.,تٔمۍ سٕنٛزِ دِلیری ہِنٛزٕ دلیٖلہٕ چھےٚ خۄشوٕنیٚن فسانن ہِنٛدِس طورس پیٚٹھ لیٚکھنہٕ۔
3215,This is a great book of fiction.,یہٕ چھےٚ خیٲلی داستانن ہِنٛز اَکھ بہترین کِتاب۔
3216,The cricket field is well maintained.,کِرکٹُک مٲدان چُھ اصٕل پٲٹھۍ سمبالنہٕ آمُت۔
3217,He works in his fields during the holidays.,سُہ چُھ چُھٹین منٛز پنٛنِس کھہس منٛز کٲم کران۔
3219,The player fielded very well in the cricket match.,کِھلٲڑۍ کٔر کِرکٹ میچس منٛز واریاہ اصٕل پٲٹھۍ فیٖلڈِنٛگ۔
3220,In this election parties fielded less number of candidates.,یتھ اِنتِخابس منٛز وٲلۍ سِیٲسی جمٲژو کم وۄمید وار مٲدانس منٛز۔
3221,The fire gave out a fierce heat.,نار اوس دِوان شدید تَژر۔
3222,There was a fierce fighting.,تتہِ گٔیہٕ خطرناک لڑٲے۔
3225,He has issued fifteen books on my name.,تٔمۍ چھےٚ میٛٲنِس ناوس پٮ۪ٹھ پنٛدہ کِتابہٕ کجمژٕ۔
3226,There were fifteen types of dishes at the feast.,سالس منٛز ٲسۍ پنٛداہ قٕسمٕکۍ سِنۍ۔
3229,I bought fifteen candies.,مےٚ أنۍ پنٛدہ ماٹم پٔھلۍ۔
3230,She will be here on the fifth of this month.,سۄ آسہِ ییٚمہِ رٮ۪تہٕ کہِ پوٗنٛژمہِ ییٚتھۍ۔
3231,He stood fifth in the race.,سُہ آو دورِ منٛز پوٗنٛژمِس درجس پیٚٹھ۔
3233,I bought fifty cups for the party.,مےٚ أنۍ سالہٕ خٲطرٕ پنٛٛژہ پیالہٕ۔
3234,There were fifty passengers on the bus.,بسہِ مںز آسہٕ پنٛژہ سوارِ۔
3236,She scored fifty percent marks in the examination.,تٔمِس آیہٕ اِمتِحانس منٛز پنٛژہ فیٖسد نمبر۔
3237,She is fifty years old.,سۄ چھےٚ پنٛژہ ؤرِش۔
3238,I ate many figs this morning.,مےٚ کھیٚیہٕ از صُبحس واریاہ انٛجوٗر۔
3239,The kids were fighting over a toffee.,شُرۍ ٲسۍ مِٹھایہِ پٔھلِس پٮ۪ٹھ لڑٲے کران۔
3240,He broke his arm in the fight.,لڑایہِ منٛز پٕھٹ تٔمِس نٔر۔
3241,She fought for her rights.,تٔمِۍ لوٚڑ پنٛنیٚن حقوٗقن ہِنٛدِ خٲطرٕ۔
3243,A great fighter does not give up easily.,اکھ عظیم جنٛگجو چُھ نہٕ سہل سہل ۂتھیار ترٛاوان۔
3244,Government spent considerable money to purchase new fighter planes.,حکوٗمتن خرچٲوۍ نٔوۍ جنٛگی جہاز ہیٚنہٕ خٲطرٕ سٮ۪ٹھا پونٛسہٕ۔
3245,He removed the figure from the board.,تٔمِۍ مِٹوو بوڑِ پٮ۪ٹھٕ نمبر۔
3246,She has a lovely figure.,تٔمِس چھےٚ خۄشوٕنۍ شکٕل و صوٗرت۔
3247,I saw a figure approaching towards me.,مےٚ وٕچھ اَکھ ژھاے پانس کُن یِوان۔
3248,He has made a figure of the child.,تٔمۍ چُھ بچہٕ سُنٛد خاکہٕ بنوومُت۔
3250,Have you figured out the expenses?,تۄہہِ چُھو خرچن ہُنٛد انٛدازٕ کوٚرمُت۔
3251,Human rights violations figured in the report.,بیانس منٛز اوس اِنسٲنی حقوقن ہِنٛز خِلاف ورزی ہِنٛز ذِکِر کرنہٕ آمٕژ۔
3252,Draw a five-sided figure.,اکھ پانٛژ کوٗنہٕ دار شکٕل بنٲیِو۔
3253,His name figured in the list of winners.,تٔمۍ سُنٛد ناو آو زینن والیٚن ہِنٛزِ فہرستہِ منٛز۔
3254,I figured that you wouldn't come.,مےٚ سوٗنٛچ زِ ژٕ یِکٕھے نہٕ۔
3255,I have some figured statues.,مےٚ چھِ کیٚنٛہہ نقشہٕ دار مُجسمہٕ۔
3256,I took a file from her table.,مےٚ تُج تٔمۍ سٕنٛدِ میزٕ پٮ۪ٹھ اکھ فایِل۔
3257,You must keep a file of all expenses.,تۄہہِ پزِ تمام خرچن ہِنٛز زانٛکٲری تھاوٕنۍ۔
3258,Please file my complaint on this issue.,مہربٲنی کٔرِتھ کٔرِو یتھ مسلَس پٮ۪ٹھ میٛٲنۍ شکایت درٕج۔
3261,Fill this utensil with water.,یہِ بانہٕ بٔرِو آبہٕ سۭتۍ۔
3262,The museum is filled with historical objects.,عجٲیِب گرٕ چُھ توٲریٖخۍ چیٖزو سۭتۍ بٔرِتھ۔
3263,I had my fill of sweets.,مےٚ آسہٕ یڈ بٔرِتھ مِٹھایہٕ کھیمژٕ۔
3264,We watched the film together.,اسہِ وٕچھ فِلِم اِکوَٹَے۔
3265,You need to change the film of your camera.,ژےٚ چھے پنٛنِس کیمراہس ریٖل بدلاونٕچ ضٔروٗرت۔
3266,There is a film of oil on the water of this pond.,یتھ تالاب کِس آبس پٮ۪ٹھ چُھ تیٖلُک تہہ۔
3269,We'll finalize our plans later.,أسۍ دِمو پنٛنیٚن منصوٗبن ٲخری شکٕل پوٚتُس۔
3270,They finally found their child.,ٲخٕر کار لوٚب تِمو پنُن بچہٕ۔
3271,Company has arranged finance through the bank loan.,کمپٔنی چُھ پونٛسن ہُنٛد اِنٛتِظام بینٛکس قرضہٕ ہٮ۪تھ کوٚرمُت۔
3272,The school has financed his studies.,مدرَسن چُھ تٔمۍ سٕنٛدِ پرنہٕ خٲطرٕ مٲلی اِنتِظام کوٚرمُت۔
3273,They are in financial difficulties.,تِم چھِ مٲلی مُشکِلاتن منٛز مبتلا۔
3274,I have to find a way out.,مےٚ چھےٚ کانٛہہ وتھ ژھانٛڑٕنۍ۔
3275,After a lot of hard work they found the error in the machine.,واریاہ محنتہٕ پتہٕ آو تِمن مِشیٖنہِ منٛز نۄقُص اتھِ۔
3276,I don't find it easy to talk about my problems.,مےٚ چھےٚ نہٕ پنٛنیٚن مُشکِلاتان مُتعلِق کتھ کرٕنۍ سہل باسان۔
3277,I found a gold ring on the road.,مےٚ لٔب سڑکہِ پٮ۪ٹھ اکھ سۄنہٕ سٕنٛز وٲج۔
3278,"This place is a real find, I had no idea that there was anything like this around here.",یہٕ جاے چھےٚ پٔزۍ پٲٹھۍ اَکھ دٔرِیافت، مےٚ ٲس نہٕ خبرٕے ززِ ییتہِ أنٛدۍ پٔکۍ آسہِ یُتھ کیٚنٛہہ۔
3279,These findings are priceless.,یِٕم نَتٲیِج چھِ لاجَواب
3281,We purchased curtains with fine needlework.,اسہِ أنۍ زٲوِجہِ سٕژنہِ کامہِ دار پردٕ۔
3283,My health is fine now.,میون صحت چُھ وۄنۍ ٹھیک۔
3284,This jewellery is made up of fine metal.,یِم زیور چھِ اعلیٰ قٕسمٕکہِ دھاتٕکۍ بنیمٕتۍ۔
3285,There was a fine layer of dust on the table.,میزس پٮ۪ٹھ اوس گردِ ہُنٛد اکھ زٲویُل تہہ۔
3286,This drawing is made by a pen with a fine point.,یہٕ نقشہ نویسی چھےٚ اکہِ زٲولہِ پیٚتۍ دار قلمہٕ سۭتۍ کرنہٕ آمٕژ۔
3287,The machine is working fine now.,مِشین چھےٚ وۄنۍ ٹھیٖک پٲٹھۍ چلان۔
3288,He had to pay a fine for wrong parking.,غلط جایہِ گٲڑۍ تھاونس پٮ۪ٹھ اوس تس جُرمانہٕ دیُن پہوٚمُت۔
3289,He was fined for driving without license.,لاسنہِ بغٲر گٲڑۍ چلاونس پٮ۪ٹھ اوس تٔمِس جُرمانہٕ کرنہٕ آمُت۔
3291,She usually fingers her necklace while talking.,سۄ چھےٚ اکثر کتھ کران کران پنٛنِس ہارس اوٚنٛگجہِ لاگان۔
3292,It would be better if you finish this task today only.,بہتر گژھِ اگر ژٕ یہٕ کٲم أزۍ پوٗرٕ کرکھ۔
3293,Please finish your tea quickly.,مہربٲنی کٔرِتھ مۄکلاو پنٕنۍ چاے ؤلۍ ؤلۍ۔
3294,He has engaged some persons to finish his enemy.,تٔمۍ چھِ پنُن دُشمن مارنہٕ خٲطرٕ کیٚنٛہہ لُکھ لٲگِتھ تھٲویمٕتۍ۔
3295,I will call you once I finish my work.,بہٕ کَرَے ژےٚ فون ییٚلہِ بہٕ پنٕنۍ کٲم مُکمل کرٕ۔
3296,Please finish the task quickly.,مہربٲنی کٔٔرِتھ سپدٲیِو کٲم ؤلۍ ؤلۍ۔
3297,The programme finished at around 4pm.,پروگرام ووت لگ بگ دِگرٕ چہِ 4 بجہِ اِختِتامس۔
3298,This race will have an interesting finish.,ییٚمہِ دورِ ہُنٛد ٲخٕر آسہِ سٮ۪ٹھا دِلچسپ۔
3299,The finished wall looks beautiful.,چمک دار لب چھےٚ شوٗبان۔
3300,That work is finished.,سۄ کٲم چھےٚ پایہِ تکمیلس وٲژمٕژ۔
3302,The police opened fire at the protesters.,پُلسن چلٲو احتِجاج کرن والٮ۪ن پٮ۪ٹھ گولہِ۔
3303,The new students are full of fire.,نٔوۍ طٲلبہِ علم چھِ جزبہٕ سۭتۍ بٔرِتھ۔
3305,These comments fired his imagination.,یِمو تبصُرو اوٚن تٔمۍ سُنٛد تصوُر جوشَس منٛز۔
3306,He fired an arrow into the forest.,تٔمۍ لگوو وَنس منٛز تیٖر۔
3307,We heard the sound of guns firing.,اسہِ بوٗز بنٛدوقن ہِنٛزِ گوٗلۍ چلنٕچ آواز۔
3308,He began the work with firm determination.,تٔمۍ کٔر پۄختہٕ اِرادٕ سۭتۍ کٲم شُروٗع۔
3309,I like to sleep on firm matteress.,بہٕ چُھس مضبوط مٹرَسس پٮ۪ٹھ شۄنٛگُن پسنٛد کران۔
3310,Hold your kid's hand firmly.,پنٛنِس بچہٕ سٕنٛدِس اتھس کٔرِو چِرٕ تھپھ۔
3311,Please firm up your decision in this matter.,مہربٲنی کٔرِتھ روٗزِیو اتھ معاملس منٚز پننِس فٲصلس پیٹھ ڈٹِتھ۔
3312,The iron industry has now been firmly established.,شیٚشتٕر صنعت چھےٚ وۄنۍ پۄختہٕ پٲٹھۍ قٲیِم کرنہٕ آمٕژ۔
3313,All of their firms are successful.,تِہِنٛدۍ تمام تِجارتی اِدارٕ چھِ کامیاب۔
3314,He always stands first in his class.,سُہ چُھ پنٛنِس کلاسس منٛز ہمیشہٕ اَول درجس پیٚٹھ یِوان۔
3315,There is usually a huge crowd on the first train of the day.,دُہہ چہِ گۄڈٕنِچہِ ریلہِ منٛز چُھ اکثر واریاہ زیادٕ ہجوٗم آسان۔
3317,I would like to finish my work first.,بہٕ یژھٕ گۄڈٕ پنٕنۍ کٲم مۄلاوٕنۍ۔
3318,The team had scored first goal before halftime.,ٹیٖمہِ اوس گوڈنیُک گول نٮ۪صٕب وقتٕہ برونٕے کوٚرمُت۔
3319,His first lecture at school was fantastic.,مدرسس منٛز تٔمۍ سُنٛد گۄڈنِیُک لیٚکچر اوس بہتریٖن۔
3320,They lost many of their fiscal advantages.,تِمن گٔیہٕ پنٕنۍ واریاہ مٲلی فٲیدٕ اتھٕ منٛزٕ نیٖرِتھ۔
3321,We want to have fish in the lunch.,أسۍ چھِ یژھان کٲجِس منٛز گاڈٕ کھیٚنہِ۔
3322,I love to go for fishing on holidays.,مےٚ چُھ چُھٹیَن منٛز گاڈٕ رٹنہِ گژُھن خۄش کران۔
3323,Fishermen are advised to not to go into the sea during the storm.,گاڈٕ ہٲنٛزن چھےٚ یِوان ہدایت دِنہٕ زِ تِم گژھن نہٕ واوٕ وِزِ سمندرس منٛز گژٕھنۍ۔
3324,Fishermen usually go for fishing before sunrise.,گاڈٕ ہٲنٛٛز چھِ اکثر آفتاب کھسنہٕ برٛونٛٹٕھے گاڈٕ رٹنہِ گژھان۔
3325,He clenched his fist.,تٔمۍ کٔر پنٕنۍ مۄٹھ چِرٕ بنٛد۔
3326,He keeps himself fit by daily exercises.,سُہ چُھ پرٛٮ۪تھ دۄہ ورزِش سۭتۍ پنُن پان صحت منٛد تھاوان۔
3327,This water is not fit for drinking.,یہٕ آب چُھ نہٕ چٮ۪نہٕ خٲطرٕ ٹھیٖک۔
3328,The weather is not fit to go out.,نٮ۪بر گژھنہٕ خٲطرٕ چُھ نہٕ موسم صحیح۔
3329,She gets fits usually at night.,تٔمِس چھِ اکثر راتھ کیُتھ دورٕ یِوان
3330,He slapped his friend in a fit of anger.,تمۍ لٲے پننِس دوستس شرارتہٕ کِس جوشس منٛز چپات۔
3331,His sweater looks a good fit.,تمۍ سٕنز بنیان چھےٚ برابر میٖژٕ باسان۔
3332,Only four persons can fit in this car.,یتھ گاڑِ منٛز ہٮ۪کن صِرِف ژور لُکھ وٲتِتھ۔
3333,The lid fits on this container.,یہٕ ٹھانٛڑٕ چُھ یتھ بانس صٔحیٖح بیٚہوان۔
3334,He somehow fitted all his clothes in the bag.,تٔمۍ واتنٲوۍ کِتھ تانۍ پٲٹھۍ سٲری پلو بیگس منٛز۔
3335,That was a fitting reward for his achievement.,یہٕ اوس تٔمۍ سٕنٛزِ کامیٲبی خٲطرٕ اکھ مُنٲسِب انعام۔
3336,The fittings in this office are of high quality.,دفتَرس منٛز سامان چُھ اعلیٰ درجُک۔
3337,There were five children on the bus.,بسہِ منٛز ٲسۍ پانٛژ شُرۍ۔
3338,She is only five years old.,سۄ چھےٚ صِرِف پانٛژ ؤرِش۔
3339,There were five persons sailing on the boat.,ناوِ منٛز ٲسۍ پانٛژ نفر ٲبی سفر کران۔
3340,Five is an odd number.,پانٛژ چُھ اکھ طاق عدد۔
3341,There were only five people in the office.,دفترس منٛز ٲسۍ صِرِف پانٛژ نفر۔
3342,They own five shops in Mumbai.,تِمن چھِ بمبیہٕ منٛز پانٛژ دُکان۔
3343,"This glass is broken, can you fix it?.",یہِ گِلاس چُھ پُھٹمُت، ژٕ ہٮ۪ککھٕ یہٕ جوٗڑِتھ؟
3344,We should fix the time for meeting.,اسہِ پزِ اِجلاس خٲطرٕ وقت مُقرر کرُن۔
3345,Whose turn is it today to fix the lunch?,از کٔمِس چھےٚ کوج تیار کرنٕچ وٲرۍ۔
3347,He has already fixed the case with police.,تٔمۍ چُھ گۄڈَے پُلسس سۭتۍ معاملُک سٹہٕ وٹہٕ کوٚرمُت۔
3348,He is trying to fix a job for her.,سُہ چُُھ تس سٕنٛدِ خٲطرٕ نوکری ہُنٛد اِتظام کرنٕچ کوٗشِش کران۔
3349,Please fix this photograph on the wall.,مہربٲنی کٔرِتھ لٲگِو یہٕ فوٹو لبہِ پٮ۪ٹھ۔
3350,She has put herself in a great fix.,تٔمۍ چُھ پنُن پان أکِس زبردست مُصیٖبتس منٛز ترٛوومُت۔
3351,I am fixing to go to a new school.,بہٕ چُھس أکِس نٔوِس مدرَسس گژھنُک اِرادٕ کران۔
3352,A drug addict needs frequent fixes to keep calm.,نشٕکۍ عٲدی یِم آسان چھِ تِمن چُھ سُکونس منٛز تھاونہٕ باپتھ اکثر نشاور دوا دیُن پٮ۪وان۔
3353,I am gonna fix her if she doesn't stop defaming me.,بہٕ شیرن سۄ اگر نَے سۄ میٛٲنۍ بدنٲمی کرٕنۍ بنٛد کرِ۔
3354,There is no fix to these problems.,یِمن مسٲیلن ہُنٛد چُھ نہٕ کانٛہہ تہِ حل۔
3355,He has a fixed opinion about this issue and he will not change it.,تٔمِس چھےٚ یتھ مسلس مُتعلق ڈٹِتھ راے تہٕ سُہ بدلاوِ نہٕ تتھ کیٚنٛہہ۔
3356,I do not have any fixed time for lunch.,مےٚ چُھ نہٕ کٲجِس خٲطرٕ کانٛہہ تہِ گٔنٛڑِتھ وق۔
3357,There were flags on the top of many buildings.,واریاہن عمارژن پٮ۪ٹھٕ کنہِ ٲسۍ جنٛڈٕ۔
3358,Flag the files which we might need later.,تِمن فایلن ترٛٲیِو نِشانہٕ یِم اسہِ پتہٕ ضٔرورت ہٮ۪کن پٮ۪تھ۔
3360,My interest in this story is flagging.,یتھ دٔلیٖلہِ منٛز چھےٚ میٛٲنۍ دِلچسپی کم گژھان۔
3361,I saw a flame on the top of the mountain.,مےٛ وٕچھ پہاڑ کِس تینٛتٲلِس پٮ۪ٹھ ریٚہہ۔
3362,His letter kindled the flame of passion in her.,تٔمۍ سٕنٛزِ چِٹھِ کوٚر تٔمِس منٛز عٔشقُن نار بٮ۪دار۔
3363,She welcomed her old flame warmly at the party.,تٔمۍ کوٚر پنٛنِس پرٲنِس معشوقس دعوتس پٮ۪ٹھ استقبال۔
3364,The flames were rising high in the sky.,نارٕ ریہہ ٲس ہیوٚر آسمان کُن کھسان۔
3365,The entire area appeared flamed.,پوٗرٕ علاقہٕ اوس باسان گاہ ترٛاوان۔
3366,His face flamed with anger.,تٔمۍ سُنٛد بُتھ وۄشلیٛوو شرارتہٕ سۭتۍ۔
3368,A flash is needed for taking photographs in the dark.,انِگٔٹِس منٛز فوٹو تُلنہٕ خٲطرٕ چھےٚ فٕلیشٕچ ضٔروٗرتھ آسان۔
3369,His words suddenly flashed my mind.,تٔمۍ سٕنٛٛزٕ کتھٕ آیہِ اچانک میٲنِس ذہنس منٛز۔
3370,He dressed in a flash outfit for the wedding.,تٔمۍ لوگ خانٛدرٕ خٲطرٕ اکھ درٛوٚگ پۄشاک۔
3371,"When she is annoyed, her eyes flash angrily.",ییٚلہِ سۄ ناراض چھےٚ آسان، تٔمۍ سٕنٛز أچھ چھےٚ شرارتہٕ سۭتۍ زوتان۔
3372,The cars were flashing on the road.,گاڑِ آسہٕ سڑکہِ پٮ۪ٹھ تیز پکان۔
3373,There was a flash in the news about the floods.,خبرِ منٛز ٲس سٔہلابس مُتعلق سُرخی۔
3374,Please flash your identification before you enter.,مہربٲنی کٔرِتھ ہٲیِو انٛدر اژنہٕ برٛونٛہہ پنٕنۍ شناخت۔
3375,The floor of this room is flat.,ییٚمہِ کُٹھیُک پوٚتُھر چُھ ہموار۔
3376,The share market has been flat for quite sometime.,شِیر بازر چُھ کیٚنٛہہ کالہٕ پٮ۪ٹھٕ ٹھپ۔
3377,They have kept a flat rate for all the items in the shops.,تِمو چُھ وانس منٛز تمام چیٖزن ہیٛووُے قۭمت تھوومُت۔
3378,I think the colours in this painting are flat.,مےٚ چُھ باسان ییٚمہِ تصویرِ ہِنٛدۍ رنٛگ چھِ چٔھتۍ.
3379,She is likely to give you a flat refusal.,مُمکِن چُھ زِ سۄ کرِ تۄہہِ ٹاکار نکار۔
3380,His tyre flattened on his way to the office.,دِفتر گژھاں ژوٚل تس وتہِ ٹٲرس ہوا نیٖرِتھ۔
3381,His car could not start as the battery was flat.,تٔمۍ سٕنٛز گٲڑۍ چَلییی نہٕ تِکیازِ تمِچ بیٹرٛی ٲس بِہِتھ۔
3382,He speech was flat.,تٔمۍ سُنٛد تقریر اوس غٲر دِلچسپ۔
3383,The restaurant serves flat food.,یتھ ریٚسٹورنٛٹس منٛز چھِ سیوٚن کھٮ۪ن دِوان۔
3384,He has a flat on the third floor.,تٔمِس چُھ ترٛیٚیِمِس پورس پٮ۪ٹھ فٕلیٹ۔
3385,He spoke in a flat voice.,تٔمۍ کٔٔر اکی طرزٕچہِ آوازِ منٛز کتھ۔
3386,Salt is collected on flat areas near sea shores.,نوُن چُھ سمندر بٹھِ کین چپٹہٕ علاقن منٛز جمع کرنٕہ یوان۔
3387,I had it all explained to him in two minutes flat.,مےٚ اوس صِرِف دۄن مِنٹن منٛز سُی سورُے سمجوومُت۔
3388,Keep the furniture flat against the wall.,کرسی میز تٔھیِو دیوارس سۭتۍ سیود لٲگِتھ۔
3389,The singer sang all songs in a flat voice.,گیون وٲلۍ گیٚوۍ سٲری بٲتھ سادٕ طرزس پیٹھ۔
3390,She told her flat that she is not going there.,تٔمۍ ووٚن تٔمِس ٹاکارٕ پٲٹھۍ زِ سۄ گژھِ نہٕ تور۔
3391,This salad has a peppery flavour.,یتھ سلادِ منٛز چُھ مرژُک مزٕ۔
3393,She flavoured the rice with mint.,تٔمۍ بنوو بتہٕ پٕدنہٕ سۭتۍ مزٕ دار۔
3394,Why does she always flee any kind of responsibility?,سۄ کیازِ چھےٚ پرٛٮ۪تھ وِزِ ہر کُنہِ ذمہٕ وٲری نِش ژلان؟
3395,A fleet of ships was deployed to evacuate persons stranded on the coast.,سمنٛدری جہازن ہِنٛدۍ دستہٕ ٲسۍ بٔٹِھس پٮ۪ٹھ پھسیمتٮ۪ن لُکن کڑنہٕ خٲطرٕ تعینات کرنہٕ آمٕتۍ۔
3396,The company had a fleet of cars for its officers.,کمپنی اوس پنٛنٮ۪ن افسرن ہِنٛدِ خٲطرٕ گاڑٮ۪ن ہُنٛد جُنٛڈ۔
3398,They are flesh eating animals.,تِم چھِ ماز کھٮ۪نہٕ وٲلی جانور۔
3399,The flesh of the fruit is tasty.,مٮ۪وٕچ گوٗج چھےٚ مزٕدار۔
3400,He fleshed out his argument with facts.,تٔمۍ کٔر پنٕنۍ دلیل حقیقتس سۭتۍ پیش۔
3401,Her great quality is her flexibility.,تٔمۍ سُنٛد بوٚڑ صِفت چُھ تٔمۍ سٕنٛز نرمی۔
3402,His body has become flexible with excercise.,تٔمۍ سُنٛٛد جِسم چُھ ورزش سۭتۍ نرم بنیومُت۔
3403,The plan for the trip should be flexible enough to consider the weather changes.,موسمہٕ چہِ تبدیٖلیہِ مدِ نظر تھٲوِتھ گژھِ سفرُٕک منصوٗبہٕ منٛز مُطٲبِقت وول آسُن۔
3405,The flight was quite pleasant.,ہوٲیی سفر اوس سٮ۪ٹھا خۄشوُن۔
3406,You have to climb a steep flight to reach the temple.,منٛدرس تانۍ واتنہٕ خٲطرٕ چُھ تۄہہِ تھزِ ہیرِ کھسُن۔
3407,Our flight to Delhi is in the evening.,دِلہِ گژھنہٕ خٲطرٕ سون جہاز چُھ شامس۔
3408,He was in flight when we reached there.,ییٚلہِ أسۍ تور وٲتۍ سُہ اوس لارِ منٛز۔
3410,He flunged the letter into the fire.,تٔمۍ لگٲو چِھٹھۍ نارس منٛز۔
3411,She flung the papers out from the room.,تٔمۍ لگٲوۍ کاغزات کُٹھِ نٮ۪بر۔
3412,They were flinging rude remarks on each other.,تِم ٲسۍ اکھ أکِس شرارتہٕ ہوٚت بُرٕ کتھٕ ونان۔
3413,The students had a wonderful fling before exams.,طٲلبہِ عٔلِمو تُل اِمتِحانہٕ برٛونٛہہ جان لُطُف۔
3414,She has been having a fling with her boss.,تٔمِس چھِ پنٛنِس صحبس سۭتۍ ناجٲیِز تعلُقات۔
3415,The dead body was floating on the river.,لاش ٲس دٔریاوس منٛز ییٖران۔
3416,She kept on floating in the river.,سۄ روٗز دٔریاوس منٛز سرٛانٛٹھ کران۔
3417,He floated an idea for starting the bussiness.,تٔمۍ دیُت کارٕ بار شُروٗع کرنُک مشورٕ۔
3418,This company has floated its first brochure.,ییٚمہِ کمپٔنی چُھ پنُن گۄڈنیُک رِسالہٕ جٲری کوٚرمُت۔
3419,They decided to float 60 per cent of the shares.,تِمو کوٚر 60 فیصد شِیر کٕننُک فٲصلہ۔
3420,The smells of delicious foods floated all around him.,مزٕ دار کھٮ۪نن ہِنٛز خۄشبو پٔھلییہِ تٔمۍ سٕنٛدِ ہر طرفہٕ۔
3421,Strange thoughts float into my mind when I try to sleep.,ییٚلہِ بہٕ شۄنٛگنٕچ کوٗشِش چُھس کران، میٛٲنِس ذہنس منٛز چھِ عٔجیٖب خیال یِوان۔
3422,The people stuck in the flooded areas are in need of help.,سٔہلاب زد علاقن منٛز پٔھسِتھ لُکن چھِ اِمدادٕچ ضٔروٗرت۔
3423,A number of states all over the country have been flooded.,پوٗرٕ مُلکس منٛز چُھ واریاہن رِیاستن منٛز سٔہلاب آمُت۔
3424,The markets are flooded with many imported goods.,بازر چُھ واریاہ غٲر ملکی سامان سۭتۍ بٔرِتھ۔
3425,The shop is completely flooded.,وانس چُھ پوٗرٕ پٲٹھۍ آب آمُت۔
3426,The river has flooded the meadows.,دٔریاون چُھ گاسہٕ چرایہٕ سٔہلاب اوٚنمُت۔
3427,The flood destroyed many houses.,سٕہلابن کٔرۍ واریاہ مکان تباہ۔
3429,A large number of fish were found on sea floor.,سمنٛدر کِس ژٔکِس پٮ۪ٹھ آسہٕ واریاہ گاڈٕ لبنہٕ آمژٕ۔
3431,He took her to the dance floor.,تٔمۍ نِیہٕ سۄ نژنہٕ چہِ جایہِ پٮ۪ٹھ۔
3432,He was floored by the announcement.,تمہِ اعلان سۭتۍ گوٚو سُہ حٲران۔
3433,He floored him by his argument.,تٔمۍ پوو سُہ پنٛنہِ بحژٕ سۭتۍ۔
3435,The carpenters were flooring the room.,چھان ٲسۍ کُٹِھس فرٕش بناوان۔
3437,Cutlets are floured before frying.,ٹِکی چُھ یِوان تلنہٕ برٛونٛہہ اوٹ متھنہٕ۔
3438,All the rivers flow into the sea.,تمام دٔریاو چھِ سمنٛدرس منٛز وسان۔
3439,"With fewer cars on the roads, the traffic is flowing smoothly.",سڑکہِ پٮ۪ٹھ کم گاڑِ آسنہٕ کِنۍ چُھ ٹرٛیٚفِک آسٲنی سان پکان۔
3440,Money flowed without restraints for his party.,تٔمۍ سٕنٛزِ جمٲعژ خٲطرٕ آیہٕ رۄپیہٕ آبٕکۍ پٲٹھۍ۔
3441,Priests usually wear flowing robes.,پادٕرۍ چھِ اکثر کٔھلۍ چۄغہٕ لاگان۔
3442,Flowing water is usually pure.,چلوُن آب چُھ اکثر شوٚد آسان۔
3443,The flow of blood from the wound stopped.,زخمہٕ منٛزٕ خونُک نیرُن رُکیٛوو۔
3445,He speaks in a flow.,سُہ چُھ روٲنی کتھٕ کران۔
3446,These flowers have pleasant fragrance.,یِمن پوشن چھےٚ مُشکٕنۍ ادفر۔
3450,The flue emits steam during the cooking.,رنٛنہٕ وِزِ چھےٚ بُکھٲرۍ بہہ نٮ۪بر کڑان۔
3451,You need to consume lot of fluid.,تۄہہِ چھو واریاہ ٲبی چیز چٮ۪نٕچ ضرورت۔
3452,Milk is a nurishing fluid feed.,دۄدھ چُھ اکھ ٲبی طاقتی غذا۔
3454,Our plans are in a state of flux at the moment.,سٲنۍ منصوٗبہٕ چھِ ونۍ کیٚن مُسلسل تبدیلی ہِنٛدِس حالتس منٛز۔
3456,Birds fly in the air.,جاناوار چھِ ہَوہس منٛز وٕڑان۔
3457,Rumors are flying that schools might close soon.,افوا چھےٚ پٔھلان زِ مدرسہٕ ما گژھن جلدی بنٛد۔
3458,How long does it take to fly from Delhi to Mumbai?,دِلہِ پٮ۪ٹھٕ بمبیہِ تانۍ ہوٲیی سفر کرنس کوٗتاہ وق چُھ لگان؟
3459,We hope that our new bussiness will fly.,اسہِ چھےٚ وۄمید زِ سون نوٚو کارٕبار گژھِ کامیاب۔
3460,He flew a small plane to Cuba.,تٔمۍ چلوو کیوباہس تانۍ اکھ لۄکُٹ ہوٲیی جہاز۔
3463,The aeroplane is flying Indian flag.,جہاز چُھ ہِنٛدوستٲنۍ جنٛڈٕ لہراوان۔
3464,There are many flying insects in this place.,یتھ جایہِ چھِ واریاہ وٕڑوٕنۍ کیٚمۍ۔
3466,We see foam on water with a lot of soap in it.,اسہِ وُچھ آبس پٮ۪ٹھ پوٚس یتھ منٛز سٮ۪ٹھا صابن ٲس۔
3467,We arranged foam mattresses for them.,اسہِ کوٚر تِہنٛدِ خٲطرٕ فوم کہِ مٹرَسُک اِنتظام۔
3468,This soap foams a lot.,یتھ صابنہِ چُھ واریاہ پوٚس کھسان۔
3469,These days environment has become a focus of attention.,ازکل چُھ ماحول تَوجُک مرکز بنیومُت۔
3470,We should focus on our bussiness.,اسہِ پزِ پنٛنِس کارٕبارس پٮ۪ٹھ توجہ دیُن۔
3471,He is unable to focus in dimlight.,سُھ چُھ نہٕ ہٮ۪کان کم گاشس منٛز صاف پٲٹھۍ وٕچِھتھ۔
3472,The cars collided in the fog.,وٕنلہِ منٛز آو گاڑٮ۪ن اکھ أکِس سۭتۍ ٹاس۔
3473,The glass panes were completely fogged.,دارٮ۪ن ہِنٛدیٚن شیٖشن اوس پوٗرٕ پٲٹھۍ بہہ کھوٚتمُت۔
3474,I was fogged by her answer.,بہٕ گوس تٔمۍ سٕنٛدِ جوابہٕ سۭتۍ دُلہٕ مُلس منٛز۔
3475,Aluminium foil keeps food fresh.,مِسہِ ورق چھِ کھٮ۪ن تازٕ تھوان۔
3476,He foiled the attempts made by Aslam to get the job.,تٔمۍ کٔر اسلم سٕنزِ نوکری حٲصل کرنٕچہِ کوٗشِشن منٛز روکاوٹ پٲدٕ۔
3477,They make foils used in the competition.,تِم چھِ مُقابلس منٛز اِستعمال گژھن واجنہِ زٲوجہِ شمشیر بناوان۔
3478,Fold the clothes properly before putting them in the cupboard.,المارِ منٛز تھاونہٕ بروٚنٛہہ گژھِ پلون اصٕل پٲٹھۍ تہہ کرُن۔
3479,Please fold the chairs in the garden.,مہربٲنی کٔرِتھ وٹ باغس منٛز کُرسِیہٕ۔
3480,Many factories were folding each week.,پرٛٮ۪تھ ہفتہٕ ٲسۍ واریاہ کاخانہٕ بنٛد گژھان۔
3481,The folds on this paper are not proper.,ییٚمہِ کاغزٕ چہِ پٕھچہِ چھےٚ نہٕ ٹھیٖک۔
3482,The highway has too many folds.,شاہراہس چھِ واریاہ موڑ۔
3483,He pushed the sheep into the fold.,تِمۍ دِیُت کَٹن گانس منٛز دَکہٕ۔
3484,Many members decided to leave the fold.,واریاہو نفرو کوٚر جمٲعژ منٛزٕ نیرنُک فٲصلہٕ۔
3485,He earned tenfold profit in this investment.,اتھ سرمایہِ کٲری منٛز زیوٗن تمۍ دہ گنہٕ نفع۔
3487,The folks in my society are very friendly.,میانہِ سماجِکۍ لُکھ چھِ واریاہ رلوٕنۍ میلوٕنۍ۔
3488,Every culture has folk tales.,پرٮ۪تھ کنہِ تہزیٖبس منٛز چھےٚ لُکہٕ کتھٕ آسان۔
3489,Ordinary folk can't afford cars like that.,عام نفر ہیٚکہِ نہٕ یِژھٕ گاڑِ أنِتھ۔
3490,I translated some folklore from vernacular into english.,مےٚ کوٚر کیٚنٛژن لُکہٕ ادبن ہُنٛد مقامی زبٲنۍ پٮ۪ٹھٕ انگرۍ منز ترجمہٕ۔
3491,I will follow the instructions.,بہٕ پکہٕ ہِدایتن مُطٲبِق۔
3492,You will have to follow me to reach the destination.,مُقامس تانۍ واتنہٕ خٲطرٕ پیٚیی ژےٚ مےٚ سۭتۍ یُن۔
3493,He followed her upto her house.,سُہ لاریو تس گرٕ تانۍ پتہٕ پتہٕ۔
3494,We have to follow the rules of the company.,اسہِ چھِ کمپنی ہنٛدۍ قٲعِدٕ مانٕنۍ۔
3495,She wants to follow medical profession.,سۄ چھےٚ طِبی پیشہٕ اِختیار کرُن یژھان۔
3496,You should try to follow the instructions of the teacher.,ژےٚ پزی وۄستاد سٕنٛزِ ہدایتن پٮ۪ٹھ پکنٕچ کوٗشِش کرٕنۍ۔
3497,Other problems may follow.,باقٕے مسٲیِل ہٮ۪کن امہِ پتہٕ یِتھ۔
3498,There are millions of people who follow football.,لچھٕ بٔدۍ لُکھ چھِ فُٹ بالہِ منٛز دِلچسپی تھاوان۔
3500,It follows that she will not withdraw the case.,امیُک مطلب چُھ نیران زِ سۄ نِیہِ نہٕ مُقدِم واپس۔
3501,He is a follower of a pious saint.,سُہ چُھ ٲکِس متعبرک فقیر سُنٛد مُریٖد۔
3503,Consider the following examples.,برٛونٛہہ کنہِ دِنہٕ آمژن مِثالن پٮ۪ٹھ کٔرو غور۔
3504,The saint has a large following in our village.,فقیرس چھِ گامس منٛز واریاہ مانن وٲلۍ لُکھ۔
3505,He has always tried to follow his father.,تٔمۍ چھِےٚ ہمیشہٕ پنٛنِس مٲلۍ سٕنٛدِس نقشہٕ قدمس پیٚٹھ پکنٕچ کوٗشِش کٔرمٕژ۔
3506,The conditions in the city worsened following his arrest.,تٔمۍ سٕنٛزِ گرفتٲری پتہٕ گٔیہٕ شہرس منٛز حالات خراب۔
3508,We cannot survive without food.,ٲسۍ ہیٚکو نہٕ غٕزا ورٲے زِنٛدٕ روٗزِتھ۔
3509,He is looked upon as fool by everyone.,تٔمِس چھِ سٲری بیقٕل نظرِ وٕچھان۔
3510,I was fooled by my friends on my birthday.,بہٕ بیقلووہوس زا دۄہس پیٚٹھ پنٛنیو دوستو۔
3511,It was foolish of her to go alone at night.,رات کِیُتھ کُنی زنہِ نیرُن ٲس تٔمۍ سٕنٛزِ بیقلٲزی۔
3513,She has thin feet.,تٔمس چھِ زٲوِل کھۄر۔
3514,My left foot was injured in the accident.,حٲدِسس منٛز گوٚو مےٚ کھووُر کھۄر زخمی۔
3515,They erected a five foot wall in front of their house.,تِمو کھول پننِس مکانس بروٛنٹھٕ کنِہ پانٛژ فُٹہٕ دیوار۔
3516,The foot soldiers entered the building.,پیدل پکن وٲلۍ سِپاہ ژایہِ عمارتہِ منٛز۔
3517,They camped at the foot of the hill.,تِمو لوگ بالہٕ کِس دامنس پٮ۪ٹھ ڈیرٕ۔
3518,I love to watch football match.,مےٚ چُھ فُٹ بال میچ وُچُھن خۄش کران۔
3519,Pedestrians should always walk on the footpath.,پیدل پکن والٮ۪ن پزِ ہمیشہِ وتہٕ پٔدِس پٮ۪ٹھ پکُن۔
3520,I heard the sound of footsteps in the next room.,مےٚ بوٗز بیٚیِس کُٹھِس منز قدمن ہِنز آواز۔
3521,I can do this for her.,بہٕ ہٮ۪کہٕ یہِ تٔمۍ سٕندِ خٲطرٕ کٔرِتھ۔
3522,I bought a book for Sonu.,مےٚ أنۍ سونو ہس خٲطرٕ اکھ کِتاب۔
3524,He talked on and on for an hour on the telephone.,سُہ روٗد فونس پیٚٹھ گٲنٛٹس تام کتھٕ کران۔
3525,Everybody has a desire for luxury.,پرٛٮ۪تھ کٲنسہِ چھےٚ عٲشن ہِنٛز خوٲہِش آسان۔
3526,We haven`t seen him for years.,اسہِ چُھ نہٕ سُہ ؤری وادو پٮ۪ٹھٕ وُچھمُت۔
3527,We had cooked potatoes for lunch.,اسہِ ٲسۍ کٲجِس خٲطرٕ ٲلوٕ رٔنۍمٕتۍ۔
3528,He gave me this book for Rs 300.,تٔمۍ دِِژ مےٚ یہِ کِتاب ترٛیٚن ہتن رۄپین منٛز۔
3529,He walked for five miles.,سُہ پوٚک پانژٛن میلن تانۍ پیدل۔
3530,She was very angry with her friend for she forgot to wish her on new year.,سۄ ٲس پنٛنہِ ویٚسہِ واریاہ ناراض تِکیازِ تٔمِس اوس تس نوِ ؤرِیِچ مبارکبٲدی دِنۍ مٔشِد گٔمٕژ۔
3531,The law forbids the sale of cigarettes to young people.,قونوٗنن چُھ جوان نفرن سِگریٹ کٕننٛس ٹھاک کران۔
3532,"If you want to go, I can't forbid you.",اگر ژٕ گژُھن چُھکھ یژھان بہٕ ہٮ۪کتھ نہٕ ژٕ رُکٲوِتھ۔
3533,Forbidden fruit is sweet.,منٛع کرنہٕ آمُت مٮ۪وٕ چُھ موٚدُر آسان۔
3534,They used force to open the jammed door.,تِمو لڑوو بند دروازٕ کھولنہٕ خٲطرٕ سخٕت زور۔
3535,He changed our opinion through the force of his ideas.,تٔمۍ بدلٲو پنٛنین خیالن ہِنٛدِ تٲثیر سۭتۍ سٲنۍ راے۔
3536,The Air force was trained to fly new fighter planes.,ہوٲیی فوجس آیہِ نٔوۍ جنگی جہاز چلاونٕچ تربِیت دِنہٕ۔
3537,Women turned up in large force.,زنانہٕ گٔیہٕ وارہاہ تعدادس متٛر جمع۔
3538,The new law will come into force next month.,نوٚو قونوٗن گژھِ نیہِ ریتہٕ نٲفِذ۔
3539,She forced him to take up a job in the city.,تمہِ کوٚر سُہ شہرس منٛز نوکری کرنس پٮ۪ٹھ مجبوٗر۔
3540,They were forcing her head into the water.,تِم ٲسۍ تٔمۍ سٕنٛدِس کَلس زورٕ آبس منٛز بران۔
3541,He tried to force the window open.,تٔمۍ کٔر دٲر پٕھٹراونٕچ کوٗشِش۔
3544,We drove through the ford to reach the village.,گام واتنہٕ خٲطر تٔرۍ أسۍ نالہٕ کِنۍ۔
3545,Many people ford the river in boat.,وارہاہ لوٗکھ چھِ ناوِ منٛز دریاوس اپور تران۔
3547,He came to the fore to address the audience.,سُہ آو حٲضرینن خطاب کرنہٕ خٲطرٕ برٛونہہ کُن۔
3548,She has pimples on her forehead.,تٔمِس چھِ ڈٮ۪کس پیٚٹھ دانہٕ۔
3549,She learns foreign languages during the vacations.,سۄ چھےٚ چُھٹِین منٛز غٲر ملکی زبانہٕ ہیٚچھان۔
3550,Wild animals live in forests.,جنگلی جانور چھِ وَنن منٛز روزان۔
3551,They remained friends forever.,تٔمۍ روٗدۍ ہمیشہٕ دوست۔
3552,I forgot to bring your book.,مےٚ گٔیہِ چٲنۍ کِتاب انٕنۍ مٔشِتھ۔
3553,My mother forgave me for my mistakes.,میٛانہِ ماجہِ دِژ مےٚ غلطِین خٲطرٕ معٲفی۔
3554,He asked for forgiveness.,تٔمۍ مٔنج معٲفی۔
3555,They eat with knife and fork.,تِم چھِ چُھرِ تہٕ کانٛٹہٕ سٕتۍ کھٮ۪وان۔
3556,This road forks across the bridge.,یہِ سڑک چھےٚ کٔدلہٕ اپارِ شاخن منٛز تقسیٖم گژھان۔
3557,The lawn is in the form of a square.,باغ چُھ ژُکوٗنٛجل شکلہِ منٛز۔
3559,They received benefit in the form of a tax reduction.,تِمن میلیو ٹیٚکسس منٛز رِعایت کِس صوٗرتس منٛز فٲیدٕ۔
3560,I got an application form for you.,مےٚ اوٚن چانہِ خٲطرٕ اکھ ایٚپلِکیشن فارم۔
3562,Children formed a circle and sang songs.,شُریو بنوو اکھ دٲیرٕ تہٕ گیٚوِکھ بٲتھ۔
3564,All were requested to come in formal dress.,سارنٕے آیہِ رسمی پۄشاک لٲگِتھ یِنٕچ گُزٲرِش کرنہٕ۔
3565,He was formally invited to the party.,تٔمِس ٲس رسمی طور سالس منز شِرکت کرنٕچ دعوت دِنہٕ آمٕژ۔
3567,All his former friends turned against him.,تٔمۍ سٕنٛدۍ تمام پرٛٲنۍ دوست گیہِ تٔمِس خلاف۔
3568,The former Vice Chancellor visited the university.,سٲبقہٕ وایس چانسلرن کوٚر یوٗنورسٹی ہُنٛد دورٕ۔
3569,His former surgery was more successful.,تٔمۍ سٕنٛز گۄڈنِچ سرجری روٗز زیادٕ کامیاب۔
3570,The former rulers of the state designed certain policies.,ریاست کٮ۪و سٲبقہٕ حکمرانو آسہٕ کینٛہہ حِکمت عملِیہِ بناومژٕ۔
3571,The former rule continues to be in practise.,برٛونٛہِم قونوٗن چُھ وٕنہِ تہِ عملہِ منٛز۔
3572,"Formerly, females were not emancipated financially.",گۄڈٕ آسہٕ نہٕ زنانہٕ مٲلی طور خۄدمختار آسان۔
3573,He remained a formidable opponent.,سُہ روٗد اکھ خطرناک مُخٲلف۔
3575,There is no easy formula for success.,کامیٲبی پراونُک چُھ نہٕ کانٛہہ سہل نُسخہٕ۔
3576,He paused to formulate his reply.,پنُن جواب واضِح کرنہٕ خٲطرٕ ٹٔھریوو سُہ۔
3577,They are engaged in the formulation of a new policy.,تِم چھِ أکِس نوِ حِکمت عملی ہِنٛزِ تشکیٖلہِ سۭتۍ آوٕرۍ۔
3578,The forts have become places of tourist attraction.,قلعہٕ چھِ سیاحن ہِندِ توجٕکۍ مرکز بنیمٕتۍ۔
3579,He came forth to address the audience.,سُہ آو حٲضرینن خطاب کرنہٕ خٲطرٕ برٛونہہ کُن۔
3580,He is really very fortunate to secure admission in the college.,سُہ چُُھ پٔزۍ پٲٹھۍ خۄش قٕسمت زِ تس میوٗل کالجس منز دٲخلہٕ۔
3582,May good fortune find you this year.,یُہُس میٖلنو تۄہہِ خۄش قسمتی۔
3583,Forty people were present at the party.,دعوتس منز ٲسۍ ژتجی لُکھ موجود۔
3585,Lean forward to let the light come in.,برٛونٛہہ کُن نیٚمۍ یُتھ گاش انٛدر اژِ۔
3587,She fostered the orphan.,تمہِ پول یتیم۔
3588,Her father founded the hospital in 1958.,تٔمۍ سٕندۍ مٲلۍ ترٛٲوۍ 1958 منٛز شفاخانٕچ سنٛگہِ بُنیاد۔
3589,The foundation of the building was laid way back in 1997.,عِمارتہِ ہِنز سنٛگہِ بُنیاد ٲس 1997 تس منٛز ترٛاونہٕ آمٕژ۔
3590,The foundation of a library in the town helped the students.,قصبے میں ایک لائبریری کی بنیاد رکھنے سے طلبہ کی مدد ہوئی
3591,Many foundations agreed to sponsor my research.,واریاہ اِدارٕ گٔیہِ میٲنِس تحقیٖقس اِمداد دِنس پٮ۪ٹھ رٲضۍ۔
3592,There was a beautiful fountain in the middle of the garden.,باغس منٛز باگ اوس اکھ لوٗبوُن فنٛوارٕ۔
3593,I saw four people in the corridor.,مےٚ وٕچھۍ ؤٹِس منٛز ژور نفر۔
3594,She is only four.,سۄ چھےٚ صِرِف ژور ؤرِش۔
3595,I saw four men coming towards our gate.,مےٚ وٕچھۍ سٲنِس گیٹس کُن ژور نفر یوان۔
3596,Four is my lucky number.,ژور چُھ میانہِ خٲطرٕ پھروٗژ عدد۔
3597,She is four years old.,سۄ چھےٚ ژور ؤرِش۔
3598,I have got four chocolates.,مےٚ چھِ ژور چاکلیٹ۔
3599,It took him fourteen days to complete the work.,مےٚ لگٔۍ کٲم سپداوس ژۄداہ دۄہ۔
3600,She is just fourteen.,سۄ چھےٚ صِرِف ژۄداہ ؤرِش۔
3601,Fourteen days are enough to finish this work.,یہِ کٲم کۄکلاونہٕ خٲطرٕ چھِ ژۄداہ دۄہ سیٚٹھا۔
3602,Children under fourteen should be accompanied by a parent.,ژۄداہ ؤری کم وٲنٛسہِ ہِنٛدیٚن شُریٚن گژھِ مول موج سۭتۍ آسُن۔
3603,Fourteen people were killed in the blast.,دھماکس منٛز آیہِ ژۄداہ نفر مارنہٕ۔
3604,This line is repeated fourteen times in the song.,یہ سطٕر چھےٚ بٲتس منٛز ژۄداہہِ لٹہِ دۄہراونہٕ آمٕژ۔
3605,He lives in the fourth house from here.,سُہ چُھ یٚیتہِ پٮ۪ٹھٕ ژوٗرمِس مکانس منٛز روزان۔
3608,He is a fox.,سُُہ چُھ اکھ دوکھٕ باز۔
3609,He foxes every body with his behaviour.,سُہ چُھ پنٛنہِ سلوٗک سۭتۍ پٛرٮ۪تھ کٲنٛسہِ پریشان کران۔
3610,The bus left in a fraction of a second.,گٲڈۍ درایہِ سیٚکنٛڈ کِس ژِہِس منٛز۔
3611,The cost is only a fraction of his salary.,قۭمت چُھ تٔمۍ سٕنٛدِ تنخواہُک اکھ لۄکُٹ حِصہٕ۔
3612,We can break it into equal fractions.,ٲسۍ ہٮ۪کو یہِ برابر حِصن منٛز تقسیم کٔرِتھ۔
3613,The door frames should be made of wood.,دروازن ہِنٛدۍ چوکاٹ گژھن لٔکرِ ہِنٛدۍ آسٕنۍ۔
3615,I broke the frame of my spectacles.,مےٚ پُھٹروو پننہِ شیٖشُک فرٛیم۔
3616,We have to follow the time frame strictly.,اسہِ پَزِ وقتک بڑٕ پابند روزن۔
3617,These door frames are made of teak wood.,دروازن ہٕنٛدۍ یِم چوکاٹ چھِ ٹیٖٖککۍ بناونہٕ آمٕتۍ ۔
3619,"After the war, a convention was set up to frame a constitution.",جنٛگہٕ پتہٕ آیہِ ٲییٖن بناونہٕ خٲطرٕ اکھ جماعت قٲیِم کرنہٕ۔
3620,I need to find out who tried to frame me.,مےٚ چھےٚ یہِ معلوم کرنٕچ ضروٗرت زِ مےٚ کٔمۍ اوس غلط اِلزام لوگمُت۔
3621,He is very frank.,سُۍ چُھ واریاہ مِلن سار۔
3622,You can talk frankly to me.,ژٕ ہیٚککھ مےٚ سۭتۍ صاف پٲٹھۍ کتھ کٔرِتھ۔
3623,They franked all the letters.,تمِو لاج سارنٕے چِٹھٮ۪ن ٹِکٹہٕ۔
3624,They were freed from jail.,تِم آیہِ قٲد خانہٕ منٛزٕ آزاد کرنہٕ۔
3625,We are the citizens of a free nation.,ٲسۍ چھِ اکہِ آزاد قومٕکۍ باشندٕ۔
3626,The other end of the rope is left free.,رزِ ہُنٛد بیاکھ انٛد چُھ ڈیوٚل ترٛاونہٕ آمُت۔
3627,Thousands of war prisoners were set free.,ساسہٕ بٔدۍ جنگی قٲدۍ آیہِ یلہٕ ترٛاونہٕ۔
3629,The bathroom is free now.,سرٛانہٕ کُٹھ چھِ وۄنۍ خٲلی۔
3632,It took the rescuers two hours to free the people from the debris.,بچاون والیٚن لٔگۍ ملبہٕ تلہٕ لُکھ کڑنس زٕ گٲنٛٹہٕ۔
3635,You can cast your vote freely.,ژٕ ہٮ۪کَکھ پنُن ووٹ آزٲدی سان ترٛٲوِتھ۔
3636,"After 5 years in prison, he was given his freedom.",جیلس منز پانژن ؤرین روزنہٕ پتہٕ آیہِ تس آزٲدی دِنہٕ۔
3637,They yearned for freedom.,تِم ٲسۍ خۄد مختاری خٲطرٕ تماہ کران۔
3638,Her son got freedom from fear.,تٔمۍ سٕندِس نیٚچوِس میلیوو خوفہٕ نِش مۄکجار۔
3640,Nowadays drugs are freely available in every corner of the city.,ازکل چُھ منشیات شہر چہِ پرٮ۪تھ جایہِ سہولیت سان دستیاب۔
3641,People travel freely across the Nepal border.,لوٗکھ چھِ نیپال کِس سرحدس پٮ۪ٹھ آرام سان سفر کران۔
3642,She freely admits that she has made many mistakes earlier.,تمہِ کوٚر کُھلہٕ دِلہٕ اقرار زِ تمہِ چھِ پتھ کالہِ واریاہ غلطِیہِ کرِمژٕ۔
3643,You can visit me freely.,ژٕ ہٮ۪کَکھ خوشی سان مےٚ نِش یِتھ۔
3644,These fruits have frozen.,یِمن مٮ۪ون چُھ شیٖن گوٚمُت۔
3645,Indian railways have services for both passengers and freight.,ہندوستٲنی ریلہِ چھےٚ مُسافِرن تہٕ مال دۄشوٕنی خٲطرٕ خٕدمات۔
3647,Road accidents have increased in frequency in recent years.,پٔتۍ مٮ۪ن کیٚنہن ؤرۍین منٛز چھِ سڑک حٲدثن ہُند تعداد واریاہ ہُریوومُت۔
3648,His frequent doubts annoyed everyone.,تٔمۍ سٕنٛٛدیو اکثر شَکو ٲسۍ سٲری پریشان کٔرۍمٕتۍ۔
3649,There are no frequent bus services from here to Koti.,ییٚتہِ پٮ۪ٹھٕ کۄٹی تانۍ چھےٚ نہٕ زیادٕ بس خٕدمات۔
3650,He frequents to her place every now and then.,سُہ چُھ وِزِ وِزِ تس نِش گژھان۔
3653,Have only fresh bread for breakfast.,صُبحٕکِس کھٮ۪نس منٛز گژھِ صِرف تازٕ ژوٚٹ کھیٚنۍ۔
3654,These vegetables are fresh.,یِم سبزِیہِ چھےٚ سر سبٕز۔
3655,Friction between two stones invented fire.,دۄن کَنٮ۪ن درمیان گٔکھرِ سۭتۍ گوٚو نار ایجاد۔
3656,Friction arose between the two brothers over the ancestral property.,خٲنٛدٲنۍ جٲدادس پٮ۪ٹھ گوٚو دۄن باین درمیان تضاد۔
3657,My friend visits me often.,میون دوست چُھ مےٚ اکثر سمکھٕنہِ یِوان۔
3660,His anger frightened me.,تٔمۍ سٕنٛدۍ شَرارتن کھوژنووُس بہٕ۔
3661,Their house is located on the fringe of the forest.,تِمن ہُنٛد مکان چُھ وَنہٕ کِس انٛدس پٮ۪ٹھ واقع۔
3662,She looks beautiful with a fringe.,سۄ ٲس کونٛکلہٕ سۭتۍ لوٗبوٕنۍ باسان۔
3664,She is different from her sister.,سۄ چھےٚ پنٛنہِ بیٚنہِ نِش مُختلِف۔
3665,The worker comes home from the factory.,مزدوٗر چُھ کارخانہٕ پٮ۪ٹھٕ گرٕ یِوان۔
3666,I got a letter from my brother.,مےٚ وٲژ پنٛنِس بٲے سٕندِ طرفہٕ چِٹھۍ۔
3667,The front of the building needs whitewash.,عمارتہِ ہِنٛدِس برٛونٹھمِس طرفس چھےٚ سفیٖدی کرنٕچ ضروٗرت۔
3669,The frontier states are always in the danger of foreign invasions.,سرحدی رِیاستن چُھ ہمیشہٕ بیٖروٗنی حملن ہُنٛد خطرٕ آسان۔
3670,Skating is done on frozen ice.,سکیٹِنٛگ چھےٚ لٔگمٕتِس شیٖنس پٮ۪ٹھ کرنہٕ یوان۔
3671,Fruits are good for health.,مٮ۪وٕ چھِ صحتہٕ خٲطرٕ جان۔
3672,Almond is a fruit.,بادام چُھ اکھ میٚوٕ۔
3673,We must nurture the fruits of the earth.,اسہِ پزن زمیٖن چہِ نعمتہٕ رچھِنہِ۔
3674,She enjoyed the fruits of her labour.,تٔمۍ تُل پنٛنہِ محنتہٕ کہِ پھلُک لُطُف۔
3675,The mango trees have fruited well this year.,آمبہٕ کُلٮ۪ن چُھ یُہُس اصٕل مٮ۪وٕ درٛامُت۔
3677,We must fuel up our car before a long trip.,اسہِ پزِ دوٗر سفرس نیرنہٕ برٛونٛہہ پنٛنہِ گاڑِ تیٖل تراوُن۔
3678,He fulfilled his promise.,تٔمۍ کوٚر پنُن وعدٕ پوٗرٕ۔
3679,The student fulfilled the conditions of entry to a college.,طٲلبہِ علمو کرِ کالجس منز دٲخلٕچ شرٲیِط مکمل۔
3680,The lake is full during rainy season.,روٗدٕ کِس موسمس منز چُھ جیٖل بٔرِتھ آسان۔
3683,The woman gave full information of the incident.,زنانہِ دِژ واقعٕچ پوٗرٕ زانکٲری۔
3684,Looking after the children is a full-time job.,بچہٕ رچٕھنۍ چھےٚ پوٗرٕ دۄہس پٮ۪ٹھ کٲم۔
3686,I did not find it so funny.,مےٚ باسیو نہٕ یہِ تیوٗ ٹھٹھٕ وول۔
3687,Children had fun at the party.,بچن آو دعوتس منٛز مزٕ۔
3688,The major function of the judiciary is to maintain law and order in a society.,عدالتٕچ ساروٕے کھۄتہٕ اہم کٲم چھےٚ امن و امان برقرار تھاوُن
3689,We have to attend a function in the evening.,اسہِ چھےٚ دِگرس أکِس تقریٖبہِ منٛز شِرکت کرٕنۍ۔
3690,Keep functional clothing in the cupboard.,اِستعمالٕکۍ پَلو تھاو المارِ منٛز۔
3691,The prime minister helped the flood victims from his fund.,وزیٖر اعظمن کٔر سٔہلاب زدن پنٛنہِ مٲلی ذخیٖرٕ منٛز مدد۔
3694,Fresh air is fundamental to good health.,تازٕٕ ہوا چُھ جان صحتہٕ خٲطرٕ اہم۔
3695,He took part in the funeral.,تٔمۍ کٔر جنازس منٛز شِرکت۔
3696,He told us a funny story.,تٔمۍ ؤنۍ اسہِ اکھ مزاقیہ دلیل۔
3697,The refrigerator is making a funny noise.,ریفرٛجریٹرس چھےٚ اکھ عجیٖب آواز نیران۔
3698,A rich man’s joke is always funny.,امیٖر نفرٕ سُنٛد ٹھٹھٕ چُھ ہمیشہٕ لُطُف وول آسان۔
3699,Sheep has fur.,کَٹس چھےٚ جتھ آسان۔
3701,A furious storm uprooted the trees.,أکۍ خطرناک طوٗفانن أنۍ کُلۍ موٗلہٕ کٔڑِتھ۔
3702,They've furnished the room very simply.,تِمو چُھ کُٹھ واریاہ سادگی سان سجوومُت۔
3703,I will furnish all you need.,یہِ ژےٚ ضرورت چُھے تہِ تھاوٕ بہٕ دستِیاب۔
3704,Furniture adds decor to the room.,کُرسی میز چھِ کُٹھِس سجاوٹس منٛز ہُرٮ۪ر کران۔
3706,I want to hear his speech further.,بہٕ چُھس تٔمۍ سٕنٛز تقریر برٛونٛہہ کُن بوزُن یژھان۔
3707,He determined to travel no further that night.,تٔمۍ کٔوٚر راتھ کیُتھ زیادٕ دوٗر سفر نہ کرنُک فٲصلہٕ۔
3708,"Further,it has come to my notice.",مزیٖد، یہِ چُھ میٲنِس توجس منٛز آمُت۔
3709,Mahatma Gandhi furthered the cause of peace.,مہاتما گاندھی ین پکنوو امنُک مقصد برٛونٛہہ کُن۔
3710,I suggest you to buy this product. It is good and furthermore it is cheaper also.,بہٕ چھسَے ژےٚ یہِ چیٖز ہٮ۪نُک مشورٕ دِوان۔ یہِ چُھ اصٕل تہِ تہٕ امہِ علاوٕ سستہٕ تہِ۔
3711,I was shaking with fury.,مےٚ ٲس شرارتہٕ سۭتۍ تھرتھر۔
3712,The fury of the storm abated.,واوُک قہر ہَمیوو۔
3713,Who knows what will happen in the future.,کس چھےٚ خبر یِنہٕ وٲلِس وقتس منٛز کیاہ سپدِ۔
3715,Let's see what happens in future.,وٕچھو آیِنٛدٕ کیا گژھِ۔
3716,A good student plans for his future.,اکھ جان طٲلبہِ علم چُھ مُستقبِل خٲطرٕ منصوٗبہٕ بناوان۔
3718,His business is bringing him a lot of gains.,تٔمۍ سُنٛد کاروبار چُھ تس واریاہ زیادٕ نفع دِوان۔
3720,They gained in wheat this year.,تِمو تُل یُہُس کٕنکَس منٛز فٲیدٕ۔
3721,"After six hours of cycling, he finally gained the finishing line.",شیٚن گٲنٛٹن سایکل چلاونہٕ پتہٕ ووت سُہ ٲخری مقامس۔
3722,My watch gains by five minutes.,میٲنۍ گٔر چھےٚ پانٛژھ مِنٹ برٛونٛہہ۔
3723,He is maintaining a garage.,سُہ چُھ گِراج سنبالان
3725,I bought some woollen garments for my parents.,مےٚ أنۍ مٲلِس ماجہِ خٲطرٕ گرٕم پَلَو
3727,Hamid talks all gas so don`t believe him.,حامِد چُھ ٹَر ونان لحاظا گژھِ نہٕ تس پژھ کرٕنۍ
3728,She gassed herself to death.,تمہِ مور پنُن پان زہریلہٕ گیس چٮ۪تھ
3729,The gate of the fort is made of iron and wood.,کلعُک دروازٕ چُھ لٔکرِ تہٕ شیٚشترُک بنیومُت
3730,Th students who boycotted the classes were gated.,طالبہِ علمو یِمو کلاس ترک کٔرۍ آیہِ بنٛد کرنہٕ
3731,I like two gathers in my trousers.,مےٚ چِ پننِس پٲجامس منٛز زٕ تَہہ خۄش کران
3732,I like to gather flowers.,مےٚ چھِ پوش جمع کرٕنۍخۄش کران
3733,He gathered as many flowers as he could.,تٔمۍ کٔر ۍ تیٖتۍ پوش جمع ییٖتۍ تٔمۍ ہیٚکۍ
3734,I gather from the recent reports that external forces are trying to create problems.,تازٕ تریٖن رِپورٹو تلہٕ چُھ مےٚ یہِ فِکرِ تران زِ بیٖروٗنی طاقت چھِ مسلہٕ کھڑا کرنٕچ کوٗشِش کران
3735,There was a large gathering of devotees in the temple.,مٔندرس منٛز چھِ عقیٖدتمنٛدن ہٕنٛز واریاہ بِرٕ
3736,Everybody seems to be gay and happy today.,از چُھ پرٮ۪تھ کانہہ شاد تہٕ شادمان باسان
3737,He is a gay person.,سُہ چھُ اکھ زنٛدٕدِل اِنسان
3738,I carry all my sports gear in a kitbag.,مےٚ چُھ پنُن سورُے گِنٛدنُک سامان کِٹ بیگَس منٛز تھوٚومُت
3739,The Congress party seems to be moving into top gear.,کانٛگرس پارٹی چھِ رفتار سان بروٚنہہ پکان
3740,He drives in second gear.,سُہ چُھ دوٚیمِس گیرس منٛز پکان
3741,Abhimanyu was a great general of the Pandavas.,ابِمنیوٗ اوس پانٛڑون ہُنٛد اکھ اہم سپاہ سالار
3742,The general coaches of trains are always crowded.,ریلن ہٕنٛدٮ۪ن عام ڈبن چھِ واریاہ بِرٕ آسان
3744,Atomic power plants generate electricity.,تونٲنی ہٕنٛدی پلانٹ چھِ بجلی پٲدٕ کران
3745,Our generation was born in India.,سٲنۍ نسٕل چھِ ہنٛدوستانس منٛز زامٕژ
3746,Today generators are common because of frequent power cuts.,از کل چھِ پاورٕچہِ کٹوتی ہٕنٛدِ وجہہ سۭتۍ جنریٹر واریاہ عام گٔمٕتۍ
3747,Harish Chandra was a very generous king.,ہرِش چنٛدرٕ اوس واریااہ سخی بادشاہ
3748,He is genius.,سُہ چُھ عقل منٛد
3749,Ramanuja was a genius in mathematics.,رامنوجا اوس میتھس منٛز ذہین
3750,Raman`s genius as a scientist is still regarded as unique all over the world.,رمنٕن ذہانت بحیثیت ساینسدان چہِ پوٗرٕ دنیاہس منٛز مُنفرد
3751,Ram is a very gentle person.,رام چُھ واریاہ شریٖف
3752,A gentle breeze is blowing across the beach.,اکھ ہلکہٕ ہوا چُھ بیٖچس اپارِ یپور چلان
3753,He gently put down the clay cup.,تٔمۍ تھوٚ و وارٕ وارٕ میٚژِ پیالہٕ پتھر
3754,I have a genuine love for my country.,مےٚ چُھ پننہِ ملکہٕ خٲطرٕ حقیٖقی محبت
3755,India has a vast geographical area.,ہندوستانس چُھ واریاہ جغرٲفیٲیی علاقہٕ
3756,You can see geometric design on the ceiling.,ژٕ ہککھ تالوس پٮ۪ٹھ جوٚمیٹری ہٕندۍ ڈِزایِن وُچھِتھ۔
3757,He teaches in a German University.,سُہ چُھ جرمن یوٗنورسٹی منٛز پرناوان۔
3758,They talked to each other across the room in gestures.,تِمو کٔر کُٹھِس منٛز اورٕ یور اِشارو سۭتۍ کتھ۔
3759,It was a very kind gesture by him to offer his seat to the lady.,یہِ چُھ تٔمۍ سُند رُت برتاو زِ تمۍ ترٲو تس زنانہِ پنٕنۍ سیٖٹ۔
3760,I will get that dress soon.,بہٕ کرِ سُہ پوشاک جلدی حٲصِل۔
3761,She wants to get a medical seat.,سۄ چھِ ڈاکٹری سیٖٹ حٲصِل کرٕنۍ یژھان۔
3762,I did not get him.,مےٚ توٚر نہٕ تٔمۍ سُنٛد فِکری۔
3764,She gets upset if you mention her guilt.,سۄ چھے گَژھان پَریشٲن آگرتٔمۍ سٕنز گلتی ونو ۔
3765,Giant T.V. screens were put up in pubs to show matches.,پبن منز آیہِ میچ لاگنہٕ خٲطرٕ واریاہ بٔڈۍ ٹی وی سِکریٖن لاگنہٕ۔
3766,Yetis are the giants of Himalayas.,ییٚتِس چھِ ہِمالیِکۍ جِن۔
3767,I have to get a gift for her.,مےٛ چُھ تس خٲطرٕ توفہٕ اُنن۔
3768,I recieved lots of gifts on my birthday.,مےٚ واژٕ زا دۄہس پٮ۪ٹھ واریاہ ڈالہِ۔
3769,I gifted a necklace to my wife on our marriage anniversary.,مےٚ دِیُت پننہِ زنانہِ خانٛدرٕکِس ؤری سپدنس پٮ۪ٹھ اکھ ہار تحفہٕ۔
3770,Some girls drink gin.,کیٚنٛہہ کورِ چھِ شراب چٮ۪وان۔
3772,Give me a pen please.,مہربٲنی کٔرِتھ دِ مےٛ کلم ۔
3773,He is given to drinking alcohol.,سُہ چُھ شراب چٮ۪نس ٲدی گَومُت۔
3775,I am glad that you have passed the exams.,بہٕ چُھس خۄش زِژےٚ کوٚرُتھ امتحان پاس۔
3777,We got to see a glance of the superstar.,اسہِ میوٗل موقعہ سوٗپر سٹارس اکھ نظر وُچھنُک۔
3779,The glass of the window is broken.,دارِ چُھ شیٖشہٕ پُھٹمُت۔
3780,I drank water in a glass.,مےٛ چیٚیہ گِلاسس منٛز تریش۔
3782,The crowd had a glimpse of their favourite star.,ہجوٗمن وٕچھ جھلک پننِس پسندیٖدٕ سٹار سٕنز۔
3783,I glimpsed outside from the window.,مےٚ ترٲو دارِ کِنۍ نٮ۪بر نظر۔
3784,I couldn`t see in the gloom.,بہٕ چُھس نہٕ نِکِس نکِس گاشس منٛز وٕچھِتھ ہٮ۪کان
3786,The rain has gloomed the prospect of any further play.,روٗد پٮ۪نہٕ کِنی چُھ کھیلمزیٖد گِنٛدنٕکی امکانات کم کٔرۍمٕتۍ
3787,Gupta Period was known as the glorious age in Indian history.,ہندوستان کِس تواریٖخس منٛز چُھ گُپتا دور شانٛدار دور قرار دِنہٕ آمُت
3788,The soldiers have brought glory to the country.,سپاہو چھِ ملکٕچ شان بڑٲومٕژ
3789,They sang paeans in the glory of God.,تٔمۍ کوٚر رب سٕنٛدِس شانس منٛز حمد تہٕ ثناہ
3790,Nature`s glory is great.,قدرتٕچ شان چھِ اعظیٖم
3791,I took a snap of the glory of sunrise.,مےٚ تُل آفتاب کھسنہٕ کِس جلوَس اکھ فوٹوٗ
3792,She took glory in her victory at Wimbledon.,وِمبٕلڈنس منٛز کامیاب گٔژھِتھ گٔیہ، سۄ ناماور
3793,I wear gloves in winter.,بہٕ چَھس ونٛدَس اتھٕ پنٛجہِ لاگان
3794,I could see the glow on her face due to happiness.,بہٕ چھس تٔمۍ سٕنٛدِس بتھِس پٮ۪ٹھ خۄشی ہٕنٛدِ وجہہ سۭتۍ چمک وُچھِتھ ہٮ۪کان
3795,The bulb is glowing.,بٔتۍ چھِ چمکان
3796,Use glue to paste the envelope.,لفافس واٹھ کرنہٕ خٲطرٕ کر گونٛداستعمال
3797,He glued the broken chair.,تٔمۍ دِیُت پُھچہِمژِ کُرسی واٹھ
3798,Nowadays children remain glued to the television.,از کل چھِ بچہِ ٹی وی یس لٲرِتھ گژھان
3800,These clothes will go into that suitcase.,یِم پلو واتن تتھ سوٗٹ کیسس منٛز
3801,This key will not go into that lock.,یہِ کوٗنٛز اژِنہٕ تتھ قُلفس
3802,How did the meeting go?,مِٹِنٛگ کِژھ روٗز؟
3803,Have you gone mad?,ژٕ چُھکھٕ پاگل گوٚمُت؟
3804,The P.M. has already gone.,وزیٖرِ اعلٰی چُھ گۄڈے درامُت
3805,Always set goals in life.,ہمیشہِ گژھِ زِنٛدگی خٲطرٕ مقصد ژارُن
3806,Goat`s milk is good for health.,ژھاوجہِ دۄد چُھ صحتس خٲطرٕ جان
3807,I have faith in God.,مےٚ چھےٚ خدایس پٮ۪ٹھ پژھ
3808,I was sad at his going to Banglore.,بہٕ گوس تٔمۍ سٕنٛدِس بینگلور گژھنس پٮ۪ٹھ مایوٗس
3809,Gold is a precious metal.,سۄن چھ واریاہ قۭمتی دھات
3810,I bought a golden bangle for my mother.,مےٚ أنۍ پننہِ ماجہِ خٲطرٕ سۄنہٕ سٕنٛز بٕنٛگٕر
3811,I missed a golden chance of meeting Bill Gates when he visited India.,مےٚ گوٚو بِل گیٹسس میلنُک سۄنہٕ ۂری موقعہ اتھٕ ییٚلہِ سُہ ہنٛدوستان آو
3812,College days are considered as golden days by everybody.,کالجُک دورچھِ پرٮ۪تھ کانٛہہ بہتریٖن دور زانان
3813,Tiger Woods is the new world champion in golf.,ٹیگر وُڈس چُھ گافُک نوٚو ؤلڈ چمپِین
3814,One should try to be a good human being.,پرٛٮ۪تھ أکِس پزِ جان انسان بننٕچ کوٗشِش کرٕنۍ
3815,His goodness and hardwork has helped him to reach the acme in his career.,تٔمۍ سٕنٛزِ اچھٲیی تہٕ محنتن کٔر تس کیریرس منٛز عروٗجس پٮ۪ٹھ واتنس منٛز مدد
3816,Mails are carried by goods train.,ڈاک سامان چھِ ریلہٕ پکناوان
3817,The British governed India for over two hundred years.,برتانین کٔر ہنٛدوستانس دۄن ہتن ؤرۍین پیٚٹھۍ حکوٗمت
3818,The present Indian government is formed by coalition of many parties.,موٗجوٗد ہنٛدوستٲنۍ حوٗمت چھِ واریاہن پارٹین ہٕنٛدِ اتحادسۭتۍ سپُدمُت
3821,She sleeps in a nightgown.,سۄ چھِ چۄگس منٛز شۄنٛگان
3822,Somebody grabbed my handbag.,کٔمۍ تام دِژ مےٚ اتھٕ بیگس تھپھ
3823,The police grabbed the thief.,پلسن روٚ ٹ ژوٗر
3824,I am well by the grace of God.,بہٕ چَھس رب سٕنٛدِ مدتہٕ سۭتۍ ٹھیٖک
3825,A beautiful rose plant graces my garden.,أکۍ خوٗبصوٗرت گۄلاب کُلۍ أنۍ میٲنِس آنٛگنس شوٗب
3826,He has been promoted to a very high grade.,تٔمِس آیہِ تھٔدِس درجَس پٮ۪ٹھ پرٛموشن دِنہٕ۔
3827,He secured first grade in the annual exams.,سالانہٕ امتحانس منٛز آو سُہ اول
3829,The players were graded according to their recent performances.,کھِلاڑٮ۪ن آیہِ کارکدگی حسابہٕ درجہِ بنٛدی کرنہ
3830,There is a steep gradient on this road.,یتھ سڑکہِ چھِ واریاہ چڑٲے
3831,There has been a gradual improvement in his studies.,تٔمۍ سٕنٛزِ پڑٲیی منٛز آیہِ درجہ بہ درجہ بہتری
3832,Gradually you will learn all the tricks of the game.,وارٕ وارٕ ہیٚچھکھ ژٕ کھیلِ ہٕنٛز سارے چالہٕ
3833,He is a graduate in Biology.,سُہ چُھ بیالوجی منٛز گرٛیجویٹ
3835,Grain is one of the export of this region.,دانہٕ چُھ ییٚمہِ علاقُک اکھ برآمدات
3836,I do not like gram.,مےٚ چُھنہٕ چنہٕ پسنٛد
3837,I received low marks in grammar.,مےٚ آیہِ گرامرس واریاہ کم مارکس
3838,The opening ceremony was a grand show.,افتتاحی تقریٖب اوس واریاہ بوٚڈ شو
3839,I love my grandfather.,مےٚ چَھ پننِس بُڈبب سٕنٛز واریاہ ماے
3840,I stay with my grandmother.,بہٕ چُھس پننہِ نانہِ سۭتۍ روزان
3844,The baby tightly grasped his mother`s finger.,بچن رٔٹ ماجہِ ہٕنٛز اوٚنٛگٕج چیٖرٕ
3845,Herbivorous animals eat grass.,سبزی خور جاناوارچھِ سبٕز گاسٕہ کھٮ۪وان
3847,He is in grave danger of being attacked by the terrorists.,تٔمِس چُھ سخت خطرٕ زِ تس کرن مجٲہِد حملہٕ
3848,The graves are the reminders of great men.,مزار چُھاعظیٖم انسانن ہٕنٛز یاددِہٲنی کران
3849,The sky was gray with dark clouds.,آسمان اوس کرٛیٚہنہِ اوٚبرٕ کِنۍ سوٗرۍ گوٚمُت
3850,He is a great personality.,سُہ چُھ اَکھ اعظیٖم شخصیت
3851,Gandhiji was a great human being.,گانٛدی جی اوس اکھ اعظیٖم انسان
3852,Bose was greatly involved in the freedom movement.,بوس اوس پوٗرٕ پٲٹۍٗ تحریٖک آزٲدی سۭتۍ منسلک
3853,He was wearing a green shirt.,تٔمِس ٲس سبٕز کمیٖز لٲگِتھ
3854,The lawn is green.,آنٛگُن چُھ سبٕز
3855,They greeted the Prime Minister.,تٔمو کٔر وزیٖر اعلٰی ہس سلام
3856,The chief Minister sent his Diwali greetings to people.,وزیٖر اعلٰی ہن دِژ لوٗکن دیوالیہٕنٛز مبارکباد
3857,She has got grey hair.,تٔمِس چُھ سفیٖد مَس
3858,The death of her father was a moment of grief.,تٔمۍ سٕنٛدِس مٲلۍ سُنٛد موت اوس دۄکُھک لمحہ
3859,We are still grieving the death of our soldiers.,أسۍ چھِ وُنہِ پننٮ۪ن سپاہن ہٕنٛدِ مرنُک ماتم کران
3860,It grieves me to see them so sad.,تٔمن مایوٗس وُچھِتھ چُھ مےٚ سخت دۄکھ سپدان
3861,The future seems to be grim.,مستقبل چُھ خوف ناک باسان
3862,He gave a grin of derision.,تٔمۍ تروو بٮ۪قٕل اسُن
3863,She grinned with delight.,تمہِ اوٚس خۄشی سان
3864,We grind chilly in the mixer grinder.,اسہِ پِہۍ مرژوانٛگن گریڈرس منٛز
3865,I gripped the overhead rod in the bus.,مےٚ کٔر گاڈِ منٛز کلہٕ پٮ۪ٹھ چھِ راڈِ تھپھ
3866,Stop making such gross errors.,یِژھٕ بجہِ غلطی کرنہٕ کَر بنٛد
3867,The balloon came back to the ground.,پھۄکہٕ ڈوٗن آو واپس زمیٖنس پٮ۪ٹھ
3868,He is playing in a cricket ground.,سُہ چُھ کِرکِٹ مٲدانس منٛز گِنٛدان
3869,Is there any ground on which you can base your argument?,ژےٚ چُھیہِ تَیُتھ کانہ وجہہ یتھ بُنیٲذ پٮ۪ٹھ ژٕ پنُن بحث چُھ کران۔
3870,The students are playing in the ground.,بچہِ چھِ مٲدانس منٛز گِنٛدان
3873,The Goenka group is now under Mr.Vivek Goenka.,گوینکا جماعت چھِ وۄنۍ وویک گوینکاہ سربراہ
3875,Nagpur has many orange groves.,ناگپوٗرس چھِ سنٛگتر کلٮ۪ن ہٕنٛدۍ واریاہ جُھنٛڈ
3876,Children grow very fast.,بچہِ چھِ واریاہ جلدی بڑان
3877,Sugarcane is grown mainly in Uttar Pradesh.,گنہٕ شکر چُھ اُتر پردیشش منٛز زیادٕ تر وۄپدان
3878,That child has an abnormal growth.,ہُہ بچہٕ چُھ ناقص پٲٹھۍ بڑان
3879,The T.V. has come with a three year guarantee.,یتھ ٹی وی یس چھِ ترین ؤرۍین ہٕنٛز گارنٛٹی
3881,The guard at the gate checked my identity papers before allowing me to enter.,گیٹہٕ پٮ۪ٹھٕکۍ چوٗکۍ درن کٔر میٲنۍ شناختی کاغذ چیک
3882,Guard yourself against diseases.,بٮ۪مارٮ۪و نِشہِ بچاو پان
3883,I am guarding the field against any cattle intrusion.,بہٕ چھَص کھہس نگرٲنی کران یُتھ نہٕ چاروٲیی اژَن
3884,He belonged to a guerrilla group.,سُہ اوس گُریلا گروٗپس سۭتۍ تعلق تھاوان
3885,Guess the answer to the question and win the prize.,سوالُک جواب کَر اندازٕ تہٕ زین انعامہٕ
3886,We have guest at our place every Sunday.,اسہِ چھِ گرِ پرٮ۪تھ آتھوارِ پٔژھۍ آسان
3887,I am working under my supervisor`s guidance.,بہٕ چھَس پننِس سُپرویزر سٕنٛزِ صلاح تحت کٲم کران
3888,The teacher is your best guide.,چون وۄستاد چُھ چون بہتریٖن وَتھہ ہاوُن وول
3889,My brother guided me in my work.,میٲنۍ بٲے ہٲوۍ مےٚ کٲم کرنس منٛز وتھ
3890,She cannot get over her guilt.,سۄ ہٮ۪کہِ نہٕ پننٮ۪ن گۄنہن پٮ۪ٹھ قوبوٗ پرٲوِتھ
3891,Let the law punish him for his guilt.,قونوٗنس دِ تس تٔمۍ سٕنٛدِ گۄناہ خٲطرٕ سزا دِنہٕ
3892,He was found guilty of stealing money.,سُہ آو پونٛسہٕ ژوٗرِ نِنہٕ خٲطرٕ گوناہ گار قرار دِنہٕ
3893,I played the guitar very well.,مےٚ بجوو واریاہ اصٕل گِٹار.
3894,Most of the Gulf states are Islamic.,زیادٕ تر خلیٖجی ریاست چھِ اسلٲمی
3896,Use some gum to paste the pictures on the chart.,چاٹس پٮ۪ٹھ شکلن واٹھ کرنہٕ خٲطرٕ کر تھوڑا گونٛد استعمال
3897,I have pain in my gums.,مےٚ چھِ مازبیرن واریاہ دَگ
3898,Paste the papers with gum.,ورقن کر گونٛد سۭتۍ واٹھ
3900,He is the guru who gives discourses.,سُہ چُھ سُہ رہبر یُس تبلیغ چُھ کران
3903,Jungle is the natural habitat of the animals .,جنگل چھے جانورن ہٕنٛز روزن جاے
3904,Mohan is habitual of coming late to the class.,موہن چُھ کلاسس منٛز ژیٖری یِنُک عٲدی گوٚمُت
3905,Hail damages crop during winter.,ڈوٹھ چُھ ونٛدس فصٕل خراب کران
3907,Sujata has very beautiful hair .,سُجاتاہس چھِ واریاہ خوٗبصوٗرت مَس
3908,We saw a hairy chimpanzee in the zoo .,اسہِ وُچھ عجٲیٖب گرس منٛز جٔژل چِمپانٛزے
3909,He was born in the latter half of eighteenth century.,سُہ چُھ اردٲہمہِ صدی ہٕنٛدِس ٲخری حِصس منٛز زامُت
3910,Shyam gave half of the bread to his younger brother.,شامن دِژ پنٕنۍ نٮ۪صف ژوٚٹ پننِس لۄکٹِس بٲیِس
3911,It is halfway between Bombay and Poona.,یہِ چھِ بمبے تہٕ پوٗناہس منٛزباگ
3912,They reached the halfway point of the race-track and came back.,تِم وٲتۍ ریس ٹریکس اڈٕووٚت تہٕ آیہِ واپس
3913,Guests were sitting in the hall.,پٔژھۍ چھِ ہالس منٛز بِہِتھ
3915,The truck came to a halt just in time to avoid hitting the wall.,ٹرٛک رُکییہِ وقتس پٮ۪ٹھ یُتھ نہٕ دیوارس سۭتۍ ٹکراوِ
3916,The handle of that knife is made up of ivory .,شرٛاکھ ہنٛز تَھپھ چھِ ۂسۍ دَنٛدٕچ بَنیمٕژ
3918,The new manager handled the crisis very skilfully.,نؤۍ منیجرن سمبول تضادٕ ہۄنرمنٛدی سان
3919,Please handle this case.,مہربٲنی کٔرِتھ نہِ یہِ کیس پننٮ۪ن اتھن منٛز
3921,She cooked a dish of ham today .,تمہِ رٔنۍ بَد سٕنٛز ران از
3922,He is a ham.,سُہ چُھ فرضی اداکار
3923,Many actors ham in the pictures .,یتھ فِلمہِ منٛز چھِ واریاہ فرضی اداکٲری کرنہٕ آمٕژ
3924,A blacksmith used a hammer to hit iron .,کھار چُھ شیٚشتٕر ٹۄکونہٕ خٲطرٕ دۄکُر استعمال کران
3925,he hammered a nail in the wall for hanging a calendar .,ڈاکٹرس توٚگ نہٕ یہِ کیس صحیح پٲٹھۍ سمبالُن
3926,The doctor`s handling of the case was not proper.,تٔمۍ ٹُھک دیوارس کِیُل کیٚلینٛڑر اویزان تھونہٕ خٲطرٕ
3927,My hand is clean .,مےٚ چھِ اتھٕ صاف
3928,He broke the clock`s hands.,تٔمۍ پُھٹراوِ کُلاکس سٕژنہِ
3929,The tenant handed the house keys to the landlord .,کِرایہِ درو کرِ مکان مٲلکَس مکان چہِ کُنٛزٕ حوالہٕ
3930,Pratibha wiped away her tears with a handkerchief.,پریتِبا وۄتھروو اوٚش رُمالہِ سۭتۍ
3931,He is very handsome.,سُہ چُھ واریاہ خۄشکیٖل
3932,Bharat is a handsome boy .,بارت چُھ واریاہ خۄشکیٖل لٔڑکہٕ۔
3933,I climbed on a hang ladder.,بہٕ کھوٚتس وۄتھٕ ہیرِ اویزان
3934,The freedom fighter Bhagat Singh was hanged by Britishers.,بٲغی بگت سِنگَس دِژ برتانویو پھٲسی
3937,Troops are ordered to halt during a march.,فوجس آو مارچ کران رُکنُک حُکم دِنہٕ
3938,She used three hanks to make a sweater.,تمہِ کَرِ ترٛےٚ بالہٕ استعمال بٔنیان بناونہٕ خٲطرٕ
3939,It happens rarely.,یہِ چُھ گَہہ بٮ۪گاہ سپدان
3940,She received the award happily.,تمہِ رٔوٚٹ اٮ۪واڈ خۄشی سان
3941,The birth of a child brings happiness to all the family.,بچہِ زٮ۪نہٕ سۭتۍ گٔیہِ پوٗرٕ گرَس منٛز شٲدی
3943,He harboured a criminal.,تٔمۍ دِیُت مُجرِمس پناہ
3944,A harbour is a safe place for ships.,بنٛدرگاہ چُھ جہازن خٲطرٕ محفوٗظ جاے
3945,He worked hard to get that position.,تمہِ کٔر سخت محنت سۄ پوٗزِشن حٲصِل کرنہٕ خٲطرٕ
3946,He tried hard to finish the work in time.,تٔمۍ کٔر سخت محنت وقتس پٮ۪ٹھ کٲم ختم کرنہٕ خٲطرٕ
3947,Things harden in the freezer.,فریٖزرس منٛز چھِ چیٖز سخت گژھان
3948,The mixture hardens as it cools.,آمیزِش چُھ تُرُن گژھنس پٮ۪ٹھ دوٚر گژھان
3949,He is so disturbed that he can hardly think.,سُہ چُھ تیوٗت پریشان زِ سُہ چُھ مُشکلی سان سوٗنٛچِتھ ہٮ۪کان
3950,The people of Kashmir are spending their lives in hardship.,کٔشیٖرِ ہٕنٛدۍ لوٗکھ چھِ مُشکلی سان زِنٛدگی گُزاران
3951,He is a hardy boy .,سُہ چُھ صحت منٛد لٔڑکہٕ
3952,I do not want to harm her any more.,بہٕ چُھ نہٕ تس مزیٖد نۄقصان واتناوُن یژھان
3954,We must see the harmful effects of the war.,اسہِ پزن جنٛگٕکۍ مُضِر اثرات تہِ وُچھِنۍ
3955,Smoking is harmful to health.,سِگریٹ نوشی چھِ صحت خٲطرٕ مُضِر
3956,These are harmless creatures and can be released.,یِمۍ زُریات چھِنہٕ نۄقصان واتناوان تہٕ ہٮ۪کوکھ یلہٕ ترٲوِتھ
3957,The sugarless tea is harmless for a diabetic patient.,کھنٛڈٕ روٚس چاے چھِ شُگر بٮ۪مارن خٲطرٕ مُفیٖد
3958,He was working towards harmony in the affairs of the state.,سُہ اوس ریاستکٮ۪ن معاملن منٛز ہم آہنٛگی خٲطرٕ کٲم کران
3959,There is a harmony between Govind and Raju.,گوٕوِنٛد تہٕ راجوٗہس منٛز چُھ مِیُل
3960,He held the harness and started off speedily.,تٔمۍ روٚٹ ساز تہٕ کوٚرُن تیٖزی سان شروٗع
3961,The harness should be tightened before riding a horse.,ٹانگُک ساز گژھِ چارنہٕ یِنۍ گُرۍ سوٲری کرنہٕ بروٚنٛہہ
3962,He ate hastily.,تٔمۍ کھیوٚو جلدی منٛز
3963,Rama opened the door hastily .,رامن کھوٗل بَر جلد بٲزی منٛز
3964,He made a hasty departure.,سُہ دراو جلدی
3965,She took a hasty decision about her marriage.,تمہِ کوٚر پننِس خانٛدرس متعلق جلد بٲزی منٛز فٲصلہٕ
3966,He lost his hat.,تٔمِس رٲو ہٮ۪ٹ
3967,The fashion of hats also change.,ٹوپٮ۪ن ہُنٛد فٲشن تہِ چُھ بدلان
3968,I hate lies.,مےٚ چھِ اپُز وننس سۭتۍ نفرت
3970,Hatred and anger are the enemies of humanity.,نفرتتہٕ شرارت چھِ انسٲنیتٕکۍ دُشمن
3971,I do not have any chocolate now.,مےٚ چُھنہٕ وۄنۍ کانٛہہ چاکلیٹ
3972,I want to have it.,بہٕ چُھس یژھان یہِ کھیوٚن
3973,My sister is having a baby.,مےٚ زاو بٮ۪نہِ شُر
3974,I have to clean my room by evening.,مےٚ چُھ شامن پنُن کُٹھ صاف کرُن
3975,We can have a cup of coffee together.,أسۍ ہٮ۪کو کافی اِکہٕ وۄٹہٕ چٮ۪تھ
3978,I have no doubt that you are right.,چٲنس صحیح آسنس منٛز چُھنہٕ مےٚ کانٛہہ تِہ شک
3979,I don`t have another copy of this document.,مےٚ چَھنہٕ ییٚمہِ دستاویزٕچ بیٚیہِ کانٛہہ کاپی
3981,I have a cold.,مےٚ چُھ زُکام
3982,It is difficult to find a safe haven in that area.,تتھ علاقس منٛز محفوٗظ جاے لبٕنۍ چھِ مُشکِل
3983,Hawk is a flesh eating bird.,پٲز چُھ ماز کھور پٔرِنٛدٕ
3984,He hawks vegetables daily from door to door .,سُہ چُھ گرٕ پتہٕ گرٕ پھیٖرِتھ سبزی کٕنان
3985,Hay is used as fodder for cattle.,گاسہٕ چُھ مویشن خٲطرٕ پھل رٔنٛگۍ استعمال سپدان
3987,We will head towards the main street.,أسۍ پکو بروٚنہہ کُن مین سڑکہِ کُن
3988,He has an injury on his head.,تٔمِس چُھ کَلَس لوٚگمُت
3989,Hippopotamus is a large headed animal.,ہِپوپوٹیمَس چُھ کلہٕ بوٚڈ جانور
3990,What will be the heading of this story?,ییٚمہِ کہانی ہٕنٛز سُرخی کیاہ آسہِ؟
3991,Police headquarters are near my home.,پُلیٖس ہیڈکواٹر چُہ میٲنِس گَرَس نزدیٖک
3992,Health is wealth.,صحت چھِ بٔڑ دولت
3993,We should take a morning walk to keep ourselves healthy.,پنُن پان صحت یاب تھونہٕ خٲطرٕ پزِ اسہِ صُبحٲے پکنہِ نیرُن
3994,There is a heap of garbage near the house.,گَرس نزدیٖک چُھ ژھۄٹہٕ ڈیر
3995,The farmer heaped the crop in the field.,زمیٖندارن کوٚر فصلس کھہس منٛز ڈیر
3996,I hear your singing.,مےٚ بوٗزٕکھ زٕ گٮ۪وان
3997,A deaf person cannot hear.,زوٚر انسان چُھنہٕ بوٗزِتھ ہٮ۪کان
3998,The child lost his hearing power due to the bomb blast.,بَم دھماکہٕ کہِ وجہہ پیوٚو بچَس زَر
3999,He has gone to the court for the hearing of his case.,از چھِ تس کیسس تٲریٖخ لحاظا چُھ سُہ عدالت گوٚمُت
4002,He fainted because of heat.,گرمی ہٕنٛدِ وجہہ گٔیہِ سۄ بےٚہوش
4004,There was a heated debate in the parliament.,پارلمنٛٹس منٛز گوٚو زبردست بحث
4005,Heater is used to heat water and room .,ہیٹر چُھ آب تہٕ کُٹھ وُشناونس لگان
4006,Good people go to heaven after death.,رٕتۍ انسان چھِ مرنہٕ پتہٕ جنتس گژھان
4007,They talked to each other quite heavily.,تِمو کوٚر اکھ أکِس سۭتۍ گۄبرٕ سان کتھ
4008,The bundle hung heavily on his back.,بنٛڈل اوس تٔمۍ سٕنٛدِس کمرس پٮ۪ٹھ گۄبِرٕ سان الونٛد
4009,A heavily loaded truck could not pass under the bridge.,اکھ واریاہ مال بٔرِتھ ٹرٛک ہیٚچۍ نہٕ کٔلس تٔرِتھ
4011,The manager did not pay any heed to the consumer complaints.,مےٚ دِیُت نہٕ صارفیٖنن ہٕنٛزن شکایتن کُن کانٛہہ توجہہ
4013,My heels are aching.,مےٚ چھِ کھورین دَگ
4014,The height of Ram is impressive.,رامس چُھ قد اثر انگیز
4015,The injured person was ferried to hospital by helicopter.,زخمی شخص آو ہیلہِ کاپٹرس منٛز ہسپتال نِنہٕ
4016,The last two weeks have been absolute hell.,پٔتِمۍ زٕ ہفتہٕ ٲس مکمل پٲٹھۍ جہنم
4019,He is a helpful person.,سُہ چُھ سادَن وول شخص
4020,Give me a small helping of pasta.,مےٚ دِ رژھ کھنٛڈ پاست
4021,She is a helpless woman.,سۄ چھِ بےٚ بَس زنانہٕ
4022,The northern hemisphere.,شمٲلی ہیٚمہِ سٕفیر
4023,I have five hens at home.,مےٚ چھِ گَرِ پانٛژھ کۄکرٕ
4024,"The project will be completed at the end of the decade, hence ten years.",پرٛوجیکٹ واتہِ ییٚمہِ دٔہِل کِس ٲخرس پٮ۪ٹھ انٛد، لحاظا لگنس دَہہ ؤری
4025,I do not like her.,مےٚ چھنہٕ سۄ پسنٛد
4026,Her brother is coming tomorrow.,تٔمۍ سُنٛد بوے یِیہِ پگاہ
4027,Can you call her?,ژےٚ ہٮ۪کہٕ کھٕ تٔمِس فون کٔرِتھ
4028,I saw a herd of sheep in the field.,مےٚ وُچھ کَٹن ہُنٛد اکھ جَب کھہَس منٛز
4029,John was herding the goats up the mountainside.,جان اوس ژھاوجٮ۪ن ہُنٛد کھیوٚل ہیتھ پہاڑس کُن کھسان
4031,These monuments are a vital part of the cultural heritage of South India.,یِم یادگار چھِ جوٗبی ہِنٛدوستان کہِ ثقافتی میٖراثُک اکھ اہم حِصہٕ
4032,John is a hero.,جان چُھ ہیٖرو
4033,I love to do heroic acts.,مےٚ چھِ بہودُری ہٕنٛدۍ کارنامہ کرٕنۍ واریاہ پسنٛد
4034,This was really a heroic effort.,یہِ اوس پٔزۍ پٲٹھۍ بہودُرانہٕ کوٗشِش
4036,She will do her work herself.,سۄ کَرِ پنٕنۍ کٲم پانے
4037,She should work herself.,تٔمِس پزِ پانے پنٕنۍ کٲم کرٕنۍ
4039,They found the ball hidden in the bushes.,تٔمِس وُچھ بال جنگلَس منٛز ژوٗرِ
4041,This bag is made of sheep hide.,یہِ بیگ چُھ کٹہٕ بَستہِ ہُنٛد بنیومُت
4042,She must be in a hiding place.,سژ گژھ، کھٔٹِتھ جایہِ آسٕنۍ
4043,He has got high standard.,تٔمِس چُھ واریاہ تھوٚد معیار
4044,He has got high place in a society.,تٔمِس چُھ سماجس منٛز اعلٰی مقام
4045,The aeroplane was flying high up in the sky.,ہوٲیی جہاز اوس آسمانس پٮ۪ٹھ تھزرس پٮ۪ٹھ وُڈان
4046,She is a highly placed lady.,سۄ چھِ تھدِ پایِچ زنانہٕ
4047,She lives on the highway.,سۄ چھِےشاہراہس پٮ۪ٹھ روزان۔
4048,Terrorists hijacked the plane.,مجٲہدو کوٚر ہوٲیی جہاز اغوا
4049,Jack and Jill were walking on a hill.,جیک تہٕ جِل ٲسۍ پہاڑس پٮ۪ٹھ پکان
4050,Please give this book to him.,مہربٲنی کٔرِتھ دِ یہِ کتاب تٔمِس
4051,I want him to do his work himself.,بہٕ چَھس چاہان سُہ کَرِ پنٕنۍ کٲم پانے
4052,He should come himself to take his share.,سُہ گژھِ پانے پنُن حِصہٕ نِنہٕ یُن
4053,We will hire an Auto.,أسۍ کَرو آٹو۔ سُہ انَو کِرایہِ آٹو
4054,The price includes flights and car hire.,قۭمتس منٛز چُھ جہاز تہٕ گاڈٕ ہٕنٛز کِرایہ شٲمِل
4055,This is his pen.,یہِ چُھ تٔمۍ سُنٛد قلم
4056,He is a historian.,سُہ چُھ اکھ توٲریٖخ دان
4057,He is a well known philospher of historic times.,سُہ چُھ مشہوٗر تاریٖخی فلاسفہٕ دان
4058,I love to read historical novels.,مےٚ چھِ تۭٲریٖخی ناولہٕ پرنہٕ واریاہ خۄش کران
4059,I am not interested in history.,مےٚ چھَنہٕ تٲریٖخس منٛز دِلچسپی
4060,Why did you hit me?,ژےٚ کیازِ لویُتھ مےٚ؟
4061,The film was a big hit.,فِلم گٔیہِ واریاہ کامیاب
4062,Please hold the box carefully.,مہربٲنی کٔرِتھ رَٹھ ڈَبہٕ احتیاط سان
4063,Hold on your tickets.,پننہِ ٹِکٹہٕ رَٹھ
4065,I am holding this tray from last two hours.,بہٕ چُھس یہِ مجمہٕ پٔتۍ میو دۄیو گٲنٛٹو پٮ۪اٹھٕ رٔٹِتھ
4066,This glass has a big hole.,یتھ گِلاسس چُھ اکھ بوٚڈ گوٚڈ
4067,A Torpedo holed the ship below the water and it quickly sanked.,ٹارپیڈون کوٚر جہازس آبس تلہٕ گوٚد تہٕ سُہ پھوٚٹ جلدی
4068,I have to go for a holiday.,مےٚ چُھ چُھٹی پٮ۪ٹھ گژھُن
4069,This is a hollow box.,یہِ چُھ کھٲلی ڈَبہٕ
4070,I love holy Quran.,مےٚ چُھ قرآن پاکُک سخت محبت
4071,I want to go home.,بہٕ چُھس گرٕ گژھن یژھان
4073,After spending two hours in the garden I decided to turn homewards.,باغس منٛز گنٛٹہٕ واد گزارنہٕ پتہٕ کوٚر مےٚ فٲصلہٕ گرٕ کُن گژھنُک
4074,Birds homed towards their nests.,ژرِ گٔیہِ پننِس ٲلِس کُن
4075,He is an honest worker.,سُہ چُھ ایٖمانٛدار موٚزوٗر
4076,I like honey.,مےٚ چُھ ماچھ خۄش کران
4077,It is an honor.,یہِ چُھ وِقار
4079,He was honoured for his bravery.,تٔمِس آو پننہِ بہودری خٲطرٕ عزت دِنہٕ
4080,Honourable President will address the conference.,عزت معاب صدر مملکت کرِ کانفرنسہِ خطاب
4081,I found a fish hook.,مےٚ لوٚب گاڈٕ رٹنُک اکھ وول
4082,He hooked the trailer to his car.,تٔمۍ لوگ پننہِ کارِ کُنٛڑٕ
4084,You should not loose hope.,ژےٚ پزی نہٕ اُمید تراوٕنۍ
4085,I hope to see you soon.,مےٚ چھِ اُمید بہٕ وٕچھتھ ژٕ جلدی
4086,We are hopeful for a successful agreement.,اسہِ چھِ اُمید اکہِ کامیاب معاہدٕچ
4087,I am still hopeful that we will win the game.,مےٚ چھِ وُنہِ تہِ پوٗرٕ اُمید زِ أسۍ زینو یہِ کھیل
4088,She was totally hopeless.,سۄ ٲسۍ پوٗرٕ پٲٹھۍ نا اُمید
4089,The moon sank below the horizon.,زٚوٗن لوٗس نبٕہ بۄن
4090,Deer has beautiful horns.,ہِرنس چھِ خوٗبصوٗرت ہٮ۪نٛگ
4091,I saw a horrible dream.,مےٚ وُچھ خوفناک خواب
4092,The sight of the snake pricked my skin with horror.,سرُف وُچھِتھ لٔگۍ مےٚ ؤحشت سۭتۍ مسٕلَس تُرٛسۍ
4093,I have a black horse.,مےٚ چُھ کُرٛیُن گُر
4095,She is a wonderful host.,سۄ چھِ زبردست میزبان
4096,There is a whole host of reasons why they didn`t get married.,تتہِ چھِ واریاہ وجوٗہات زِ تمِن کیازِ سپُد نہٕ خانٛدر
4097,The terrorists have seized ten hostages.,مجٲہدو کوٚر یرگمالن پٮ۪ٹھ قبضہ
4098,He gave them a hostile look.,تٔمۍ وُچھ تِمن دولہٕ
4099,He showed open hostility towards me.,تٔمۍ ورتٲو مےٚ سۭتۍ ننہِ وانہٕ دُشمنی
4100,Give me a hot cup of tea.,مےٚ دی تو توٚت چایہِ پیالہٕ
4101,Cricket is the most popular game in India.,ہندوٗستانس منٛز چُھ کِرکِٹ واریاہ مشہوٗر کھیل
4102,I have to stay in a hotel.,مےٚ چُھ ہوٹلس منٛز روزُن
4103,You have to wait for an hour.,ژےٚ پیٚیی گٲنٛٹس پیارُن
4104,Trains arive here hourly.,ییٚتہ ِچھِ ریل پرٛٮ۪تھ گٲنٛٹہٕ پتہٕ یوان
